[
    {
        "data": {
            "directories": {
                "__typename": "DirectoryConnection",
                "edges": [
                    {
                        "__typename": "DirectoryEdge",
                        "cursor": "MjYy",
                        "node": {
                            "__typename": "Game",
                            "activeDropCampaigns": [],
                            "avatarURL": "https://static-cdn.jtvnw.net/ttv-boxart/Call%20of%20Duty:%20Black%20Ops-285x380.jpg",
                            "directoryType": "GAME",
                            "displayName": "Call of Duty: Black Ops",
                            "id": "23894",
                            "name": "Call of Duty: Black Ops",
                            "viewersCount": 87
                        }
                    },
                    {
                        "__typename": "DirectoryEdge",
                        "cursor": "MjYz",
                        "node": {
                            "__typename": "Game",
                            "activeDropCampaigns": [],
                            "avatarURL": "https://static-cdn.jtvnw.net/ttv-boxart/Kingdom%20Come:%20Deliverance-285x380.jpg",
                            "directoryType": "GAME",
                            "displayName": "Kingdom Come: Deliverance",
                            "id": "458912",
                            "name": "Kingdom Come: Deliverance",
                            "viewersCount": 86
                        }
                    },
                    {
                        "__typename": "DirectoryEdge",
                        "cursor": "MjY0",
                        "node": {
                            "__typename": "Game",
                            "activeDropCampaigns": [],
                            "avatarURL": "https://static-cdn.jtvnw.net/ttv-boxart/The%20Forest-285x380.jpg",
                            "directoryType": "GAME",
                            "displayName": "The Forest",
                            "id": "7022",
                            "name": "The Forest",
                            "viewersCount": 86
                        }
                    },
                    {
                        "__typename": "DirectoryEdge",
                        "cursor": "MjY1",
                        "node": {
                            "__typename": "Game",
                            "activeDropCampaigns": [],
                            "avatarURL": "https://static-cdn.jtvnw.net/ttv-boxart/Pillars%20of%20Eternity-285x380.jpg",
                            "directoryType": "GAME",
                            "displayName": "Pillars of Eternity",
                            "id": "68028",
                            "name": "Pillars of Eternity",
                            "viewersCount": 86
                        }
                    },
                    {
                        "__typename": "DirectoryEdge",
                        "cursor": "MjY2",
                        "node": {
                            "__typename": "Game",
                            "activeDropCampaigns": [],
                            "avatarURL": "https://static-cdn.jtvnw.net/ttv-boxart/Grim%20Dawn-285x380.jpg",
                            "directoryType": "GAME",
                            "displayName": "Grim Dawn",
                            "id": "26881",
                            "name": "Grim Dawn",
                            "viewersCount": 85
                        }
                    },
                    {
                        "__typename": "DirectoryEdge",
                        "cursor": "MjY3",
                        "node": {
                            "__typename": "Game",
                            "activeDropCampaigns": [],
                            "avatarURL": "https://static-cdn.jtvnw.net/ttv-boxart/Cry%20Of%20Fear-285x380.jpg",
                            "directoryType": "GAME",
                            "displayName": "Cry Of Fear",
                            "id": "115546",
                            "name": "Cry Of Fear",
                            "viewersCount": 85
                        }
                    },
                    {
                        "__typename": "DirectoryEdge",
                        "cursor": "MjY4",
                        "node": {
                            "__typename": "Game",
                            "activeDropCampaigns": [],
                            "avatarURL": "https://static-cdn.jtvnw.net/ttv-boxart/Darkwood-285x380.jpg",
                            "directoryType": "GAME",
                            "displayName": "Darkwood",
                            "id": "313146",
                            "name": "Darkwood",
                            "viewersCount": 85
                        }
                    },
                    {
                        "__typename": "DirectoryEdge",
                        "cursor": "MjY5",
                        "node": {
                            "__typename": "Game",
                            "activeDropCampaigns": [],
                            "avatarURL": "https://static-cdn.jtvnw.net/ttv-boxart/Wolfenstein:%20The%20New%20Order-285x380.jpg",
                            "directoryType": "GAME",
                            "displayName": "Wolfenstein: The New Order",
                            "id": "369259",
                            "name": "Wolfenstein: The New Order",
                            "viewersCount": 84
                        }
                    },
                    {
                        "__typename": "DirectoryEdge",
                        "cursor": "Mjcw",
                        "node": {
                            "__typename": "Game",
                            "activeDropCampaigns": [],
                            "avatarURL": "https://static-cdn.jtvnw.net/ttv-boxart/Danganronpa%20V3:%20Killing%20Harmony-285x380.jpg",
                            "directoryType": "GAME",
                            "displayName": "Danganronpa V3: Killing Harmony",
                            "id": "489164",
                            "name": "Danganronpa V3: Killing Harmony",
                            "viewersCount": 84
                        }
                    },
                    {
                        "__typename": "DirectoryEdge",
                        "cursor": "Mjcx",
                        "node": {
                            "__typename": "Game",
                            "activeDropCampaigns": [],
                            "avatarURL": "https://static-cdn.jtvnw.net/ttv-boxart/Crossout-285x380.jpg",
                            "directoryType": "GAME",
                            "displayName": "Crossout",
                            "id": "492113",
                            "name": "Crossout",
                            "viewersCount": 83
                        }
                    },
                    {
                        "__typename": "DirectoryEdge",
                        "cursor": "Mjcy",
                        "node": {
                            "__typename": "Game",
                            "activeDropCampaigns": [],
                            "avatarURL": "https://static-cdn.jtvnw.net/ttv-boxart/Dauntless-285x380.jpg",
                            "directoryType": "GAME",
                            "displayName": "Dauntless",
                            "id": "494536",
                            "name": "Dauntless",
                            "viewersCount": 83
                        }
                    },
                    {
                        "__typename": "DirectoryEdge",
                        "cursor": "Mjcz",
                        "node": {
                            "__typename": "Game",
                            "activeDropCampaigns": [],
                            "avatarURL": "https://static-cdn.jtvnw.net/ttv-boxart/DJMAX%20Respect-285x380.jpg",
                            "directoryType": "GAME",
                            "displayName": "DJMAX Respect",
                            "id": "494570",
                            "name": "DJMAX Respect",
                            "viewersCount": 82
                        }
                    },
                    {
                        "__typename": "DirectoryEdge",
                        "cursor": "Mjc0",
                        "node": {
                            "__typename": "Game",
                            "activeDropCampaigns": [],
                            "avatarURL": "https://static-cdn.jtvnw.net/ttv-boxart/Uncharted%202:%20Among%20Thieves-285x380.jpg",
                            "directoryType": "GAME",
                            "displayName": "Uncharted 2: Among Thieves",
                            "id": "20357",
                            "name": "Uncharted 2: Among Thieves",
                            "viewersCount": 81
                        }
                    },
                    {
                        "__typename": "DirectoryEdge",
                        "cursor": "Mjc1",
                        "node": {
                            "__typename": "Game",
                            "activeDropCampaigns": [],
                            "avatarURL": "https://static-cdn.jtvnw.net/ttv-boxart/Splatoon-285x380.jpg",
                            "directoryType": "GAME",
                            "displayName": "Splatoon",
                            "id": "460649",
                            "name": "Splatoon",
                            "viewersCount": 81
                        }
                    },
                    {
                        "__typename": "DirectoryEdge",
                        "cursor": "Mjc2",
                        "node": {
                            "__typename": "Game",
                            "activeDropCampaigns": [],
                            "avatarURL": "https://static-cdn.jtvnw.net/ttv-boxart/Sonic%20Unleashed-285x380.jpg",
                            "directoryType": "GAME",
                            "displayName": "Sonic Unleashed",
                            "id": "19133",
                            "name": "Sonic Unleashed",
                            "viewersCount": 81
                        }
                    },
                    {
                        "__typename": "DirectoryEdge",
                        "cursor": "Mjc3",
                        "node": {
                            "__typename": "Game",
                            "activeDropCampaigns": [],
                            "avatarURL": "https://static-cdn.jtvnw.net/ttv-boxart/Dark%20Souls%20II:%20Scholar%20of%20the%20First%20Sin-285x380.jpg",
                            "directoryType": "GAME",
                            "displayName": "Dark Souls II: Scholar of the First Sin",
                            "id": "489170",
                            "name": "Dark Souls II: Scholar of the First Sin",
                            "viewersCount": 80
                        }
                    },
                    {
                        "__typename": "DirectoryEdge",
                        "cursor": "Mjc4",
                        "node": {
                            "__typename": "Game",
                            "activeDropCampaigns": [],
                            "avatarURL": "https://static-cdn.jtvnw.net/ttv-boxart/ArcheAge-285x380.jpg",
                            "directoryType": "GAME",
                            "displayName": "ArcheAge",
                            "id": "30924",
                            "name": "ArcheAge",
                            "viewersCount": 79
                        }
                    },
                    {
                        "__typename": "DirectoryEdge",
                        "cursor": "Mjc5",
                        "node": {
                            "__typename": "Game",
                            "activeDropCampaigns": [],
                            "avatarURL": "https://static-cdn.jtvnw.net/ttv-boxart/Werewolves%20%E7%8B%BC%E4%BA%BA%E6%AE%BA-285x380.jpg",
                            "directoryType": "GAME",
                            "displayName": "Werewolves \u72fc\u4eba\u6bba",
                            "id": "498378",
                            "name": "Werewolves \u72fc\u4eba\u6bba",
                            "viewersCount": 79
                        }
                    },
                    {
                        "__typename": "DirectoryEdge",
                        "cursor": "Mjgw",
                        "node": {
                            "__typename": "Game",
                            "activeDropCampaigns": [],
                            "avatarURL": "https://static-cdn.jtvnw.net/ttv-boxart/Star%20Wars%20Battlefront%20II-285x380.jpg",
                            "directoryType": "GAME",
                            "displayName": "Star Wars Battlefront II",
                            "id": "492546",
                            "name": "Star Wars Battlefront II",
                            "viewersCount": 79
                        }
                    },
                    {
                        "__typename": "DirectoryEdge",
                        "cursor": "Mjgx",
                        "node": {
                            "__typename": "Game",
                            "activeDropCampaigns": [],
                            "avatarURL": "https://static-cdn.jtvnw.net/ttv-boxart/Go-285x380.jpg",
                            "directoryType": "GAME",
                            "displayName": "Go",
                            "id": "65360",
                            "name": "Go",
                            "viewersCount": 77
                        }
                    },
                    {
                        "__typename": "DirectoryEdge",
                        "cursor": "Mjgy",
                        "node": {
                            "__typename": "Game",
                            "activeDropCampaigns": [],
                            "avatarURL": "https://static-cdn.jtvnw.net/ttv-boxart/Dungeon%20Fighter%20Online-285x380.jpg",
                            "directoryType": "GAME",
                            "displayName": "Dungeon Fighter Online",
                            "id": "25367",
                            "name": "Dungeon Fighter Online",
                            "viewersCount": 77
                        }
                    },
                    {
                        "__typename": "DirectoryEdge",
                        "cursor": "Mjgz",
                        "node": {
                            "__typename": "Game",
                            "activeDropCampaigns": [],
                            "avatarURL": "https://static-cdn.jtvnw.net/ttv-boxart/Prey-285x380.jpg",
                            "directoryType": "GAME",
                            "displayName": "Prey",
                            "id": "15013",
                            "name": "Prey",
                            "viewersCount": 75
                        }
                    },
                    {
                        "__typename": "DirectoryEdge",
                        "cursor": "Mjg0",
                        "node": {
                            "__typename": "Game",
                            "activeDropCampaigns": [],
                            "avatarURL": "https://static-cdn.jtvnw.net/ttv-boxart/Steins;Gate%200-285x380.jpg",
                            "directoryType": "GAME",
                            "displayName": "Steins;Gate 0",
                            "id": "489944",
                            "name": "Steins;Gate 0",
                            "viewersCount": 73
                        }
                    },
                    {
                        "__typename": "DirectoryEdge",
                        "cursor": "Mjg1",
                        "node": {
                            "__typename": "Game",
                            "activeDropCampaigns": [],
                            "avatarURL": "https://static-cdn.jtvnw.net/ttv-boxart/Welcome%20to%20the%20Game-285x380.jpg",
                            "directoryType": "GAME",
                            "displayName": "Welcome to the Game",
                            "id": "493096",
                            "name": "Welcome to the Game",
                            "viewersCount": 72
                        }
                    },
                    {
                        "__typename": "DirectoryEdge",
                        "cursor": "Mjg2",
                        "node": {
                            "__typename": "Game",
                            "activeDropCampaigns": [],
                            "avatarURL": "https://static-cdn.jtvnw.net/ttv-boxart/Tomb%20Raider%20II-285x380.jpg",
                            "directoryType": "GAME",
                            "displayName": "Tomb Raider II",
                            "id": "317",
                            "name": "Tomb Raider II",
                            "viewersCount": 72
                        }
                    },
                    {
                        "__typename": "DirectoryEdge",
                        "cursor": "Mjg3",
                        "node": {
                            "__typename": "Game",
                            "activeDropCampaigns": [],
                            "avatarURL": "https://static-cdn.jtvnw.net/ttv-boxart/Knight%20Online-285x380.jpg",
                            "directoryType": "GAME",
                            "displayName": "Knight Online",
                            "id": "29056",
                            "name": "Knight Online",
                            "viewersCount": 72
                        }
                    },
                    {
                        "__typename": "DirectoryEdge",
                        "cursor": "Mjg4",
                        "node": {
                            "__typename": "Game",
                            "activeDropCampaigns": [],
                            "avatarURL": "https://static-cdn.jtvnw.net/ttv-boxart/Mortal%20Kombat%20X-285x380.jpg",
                            "directoryType": "GAME",
                            "displayName": "Mortal Kombat X",
                            "id": "460521",
                            "name": "Mortal Kombat X",
                            "viewersCount": 72
                        }
                    },
                    {
                        "__typename": "DirectoryEdge",
                        "cursor": "Mjg5",
                        "node": {
                            "__typename": "Game",
                            "activeDropCampaigns": [],
                            "avatarURL": "https://static-cdn.jtvnw.net/ttv-boxart/Guitar%20Hero%20III:%20Legends%20of%20Rock-285x380.jpg",
                            "directoryType": "GAME",
                            "displayName": "Guitar Hero III: Legends of Rock",
                            "id": "3682",
                            "name": "Guitar Hero III: Legends of Rock",
                            "viewersCount": 71
                        }
                    },
                    {
                        "__typename": "DirectoryEdge",
                        "cursor": "Mjkw",
                        "node": {
                            "__typename": "Game",
                            "activeDropCampaigns": [],
                            "avatarURL": "https://static-cdn.jtvnw.net/ttv-boxart/Vainglory-285x380.jpg",
                            "directoryType": "GAME",
                            "displayName": "Vainglory",
                            "id": "478467",
                            "name": "Vainglory",
                            "viewersCount": 71
                        }
                    },
                    {
                        "__typename": "DirectoryEdge",
                        "cursor": "Mjkx",
                        "node": {
                            "__typename": "Game",
                            "activeDropCampaigns": [],
                            "avatarURL": "https://static-cdn.jtvnw.net/ttv-boxart/God%20of%20War%20III-285x380.jpg",
                            "directoryType": "GAME",
                            "displayName": "God of War III",
                            "id": "18703",
                            "name": "God of War III",
                            "viewersCount": 71
                        }
                    }
                ],
                "pageInfo": {
                    "__typename": "PageInfo",
                    "hasNextPage": true
                }
            }
        },
        "extensions": {
            "durationMilliseconds": 49,
            "operationName": "BrowsePage_AllDirectories"
        }
    }
]