[
    {
        "data": {
            "directories": {
                "__typename": "DirectoryConnection",
                "edges": [
                    {
                        "__typename": "DirectoryEdge",
                        "cursor": "Mjkx",
                        "node": {
                            "__typename": "Game",
                            "activeDropCampaigns": [],
                            "avatarURL": "https://static-cdn.jtvnw.net/ttv-boxart/God%20of%20War%20III-285x380.jpg",
                            "directoryType": "GAME",
                            "displayName": "God of War III",
                            "id": "18703",
                            "name": "God of War III",
                            "viewersCount": 71
                        }
                    },
                    {
                        "__typename": "DirectoryEdge",
                        "cursor": "Mjky",
                        "node": {
                            "__typename": "Game",
                            "activeDropCampaigns": [],
                            "avatarURL": "https://static-cdn.jtvnw.net/ttv-boxart/Shroud%20of%20the%20Avatar:%20Forsaken%20Virtues-285x380.jpg",
                            "directoryType": "GAME",
                            "displayName": "Shroud of the Avatar: Forsaken Virtues",
                            "id": "130976",
                            "name": "Shroud of the Avatar: Forsaken Virtues",
                            "viewersCount": 71
                        }
                    },
                    {
                        "__typename": "DirectoryEdge",
                        "cursor": "Mjkz",
                        "node": {
                            "__typename": "Game",
                            "activeDropCampaigns": [],
                            "avatarURL": "https://static-cdn.jtvnw.net/ttv-boxart/Final%20Fantasy%20X-2-285x380.jpg",
                            "directoryType": "GAME",
                            "displayName": "Final Fantasy X-2",
                            "id": "8242",
                            "name": "Final Fantasy X-2",
                            "viewersCount": 70
                        }
                    },
                    {
                        "__typename": "DirectoryEdge",
                        "cursor": "Mjk0",
                        "node": {
                            "__typename": "Game",
                            "activeDropCampaigns": [],
                            "avatarURL": "https://static-cdn.jtvnw.net/ttv-boxart/Mabinogi-285x380.jpg",
                            "directoryType": "GAME",
                            "displayName": "Mabinogi",
                            "id": "20501",
                            "name": "Mabinogi",
                            "viewersCount": 69
                        }
                    },
                    {
                        "__typename": "DirectoryEdge",
                        "cursor": "Mjk1",
                        "node": {
                            "__typename": "Game",
                            "activeDropCampaigns": [],
                            "avatarURL": "https://static-cdn.jtvnw.net/ttv-boxart/Vindictus-285x380.jpg",
                            "directoryType": "GAME",
                            "displayName": "Vindictus",
                            "id": "28867",
                            "name": "Vindictus",
                            "viewersCount": 68
                        }
                    },
                    {
                        "__typename": "DirectoryEdge",
                        "cursor": "Mjk2",
                        "node": {
                            "__typename": "Game",
                            "activeDropCampaigns": [],
                            "avatarURL": "https://static-cdn.jtvnw.net/ttv-boxart/Hollow%20Knight-285x380.jpg",
                            "directoryType": "GAME",
                            "displayName": "Hollow Knight",
                            "id": "490147",
                            "name": "Hollow Knight",
                            "viewersCount": 67
                        }
                    },
                    {
                        "__typename": "DirectoryEdge",
                        "cursor": "Mjk3",
                        "node": {
                            "__typename": "Game",
                            "activeDropCampaigns": [],
                            "avatarURL": "https://static-cdn.jtvnw.net/ttv-boxart/NHL%2017-285x380.jpg",
                            "directoryType": "GAME",
                            "displayName": "NHL 17",
                            "id": "493054",
                            "name": "NHL 17",
                            "viewersCount": 66
                        }
                    },
                    {
                        "__typename": "DirectoryEdge",
                        "cursor": "Mjk4",
                        "node": {
                            "__typename": "Game",
                            "activeDropCampaigns": [],
                            "avatarURL": "https://static-cdn.jtvnw.net/ttv-boxart/Garry%27s%20Mod-285x380.jpg",
                            "directoryType": "GAME",
                            "displayName": "Garry's Mod",
                            "id": "18846",
                            "name": "Garry's Mod",
                            "viewersCount": 65
                        }
                    },
                    {
                        "__typename": "DirectoryEdge",
                        "cursor": "Mjk5",
                        "node": {
                            "__typename": "Game",
                            "activeDropCampaigns": [],
                            "avatarURL": "https://static-cdn.jtvnw.net/ttv-boxart/Super%20Street%20Fighter%20II%20Turbo-285x380.jpg",
                            "directoryType": "GAME",
                            "displayName": "Super Street Fighter II Turbo",
                            "id": "1150",
                            "name": "Super Street Fighter II Turbo",
                            "viewersCount": 65
                        }
                    },
                    {
                        "__typename": "DirectoryEdge",
                        "cursor": "MzAw",
                        "node": {
                            "__typename": "Game",
                            "activeDropCampaigns": [],
                            "avatarURL": "https://static-cdn.jtvnw.net/ttv-boxart/Defiance%202050-285x380.jpg",
                            "directoryType": "GAME",
                            "displayName": "Defiance 2050",
                            "id": "505604",
                            "name": "Defiance 2050",
                            "viewersCount": 64
                        }
                    },
                    {
                        "__typename": "DirectoryEdge",
                        "cursor": "MzAx",
                        "node": {
                            "__typename": "Game",
                            "activeDropCampaigns": [],
                            "avatarURL": "https://static-cdn.jtvnw.net/ttv-boxart/Rise%20of%20the%20Tomb%20Raider-285x380.jpg",
                            "directoryType": "GAME",
                            "displayName": "Rise of the Tomb Raider",
                            "id": "460620",
                            "name": "Rise of the Tomb Raider",
                            "viewersCount": 64
                        }
                    },
                    {
                        "__typename": "DirectoryEdge",
                        "cursor": "MzAy",
                        "node": {
                            "__typename": "Game",
                            "activeDropCampaigns": [],
                            "avatarURL": "https://static-cdn.jtvnw.net/ttv-boxart/Assassin%27s%20Creed%20Origins-285x380.jpg",
                            "directoryType": "GAME",
                            "displayName": "Assassin's Creed Origins",
                            "id": "496960",
                            "name": "Assassin's Creed Origins",
                            "viewersCount": 64
                        }
                    },
                    {
                        "__typename": "DirectoryEdge",
                        "cursor": "MzAz",
                        "node": {
                            "__typename": "Game",
                            "activeDropCampaigns": [],
                            "avatarURL": "https://static-cdn.jtvnw.net/ttv-boxart/Trove-285x380.jpg",
                            "directoryType": "GAME",
                            "displayName": "Trove",
                            "id": "412756",
                            "name": "Trove",
                            "viewersCount": 63
                        }
                    },
                    {
                        "__typename": "DirectoryEdge",
                        "cursor": "MzA0",
                        "node": {
                            "__typename": "Game",
                            "activeDropCampaigns": [],
                            "avatarURL": "https://static-cdn.jtvnw.net/ttv-boxart/CABAL%20Online-285x380.jpg",
                            "directoryType": "GAME",
                            "displayName": "CABAL Online",
                            "id": "20061",
                            "name": "CABAL Online",
                            "viewersCount": 63
                        }
                    },
                    {
                        "__typename": "DirectoryEdge",
                        "cursor": "MzA1",
                        "node": {
                            "__typename": "Game",
                            "activeDropCampaigns": [],
                            "avatarURL": "https://static-cdn.jtvnw.net/ttv-boxart/Welcome%20to%20the%20Game%20II-285x380.jpg",
                            "directoryType": "GAME",
                            "displayName": "Welcome to the Game II",
                            "id": "499507",
                            "name": "Welcome to the Game II",
                            "viewersCount": 63
                        }
                    },
                    {
                        "__typename": "DirectoryEdge",
                        "cursor": "MzA2",
                        "node": {
                            "__typename": "Game",
                            "activeDropCampaigns": [],
                            "avatarURL": "https://static-cdn.jtvnw.net/ttv-boxart/Resident%20Evil%204-285x380.jpg",
                            "directoryType": "GAME",
                            "displayName": "Resident Evil 4",
                            "id": "1468",
                            "name": "Resident Evil 4",
                            "viewersCount": 63
                        }
                    },
                    {
                        "__typename": "DirectoryEdge",
                        "cursor": "MzA3",
                        "node": {
                            "__typename": "Game",
                            "activeDropCampaigns": [],
                            "avatarURL": "https://static-cdn.jtvnw.net/ttv-boxart/TrackMania%C2%B2%20Stadium-285x380.jpg",
                            "directoryType": "GAME",
                            "displayName": "TrackMania\u00b2 Stadium",
                            "id": "79231",
                            "name": "TrackMania\u00b2 Stadium",
                            "viewersCount": 63
                        }
                    },
                    {
                        "__typename": "DirectoryEdge",
                        "cursor": "MzA4",
                        "node": {
                            "__typename": "Game",
                            "activeDropCampaigns": [],
                            "avatarURL": "https://static-cdn.jtvnw.net/ttv-boxart/PlanetSide%202-285x380.jpg",
                            "directoryType": "GAME",
                            "displayName": "PlanetSide 2",
                            "id": "26175",
                            "name": "PlanetSide 2",
                            "viewersCount": 62
                        }
                    },
                    {
                        "__typename": "DirectoryEdge",
                        "cursor": "MzA5",
                        "node": {
                            "__typename": "Game",
                            "activeDropCampaigns": [],
                            "avatarURL": "https://static-cdn.jtvnw.net/ttv-boxart/Grand%20Theft%20Auto%20III-285x380.jpg",
                            "directoryType": "GAME",
                            "displayName": "Grand Theft Auto III",
                            "id": "3412",
                            "name": "Grand Theft Auto III",
                            "viewersCount": 62
                        }
                    },
                    {
                        "__typename": "DirectoryEdge",
                        "cursor": "MzEw",
                        "node": {
                            "__typename": "Game",
                            "activeDropCampaigns": [],
                            "avatarURL": "https://static-cdn.jtvnw.net/ttv-boxart/Shovel%20Knight-285x380.jpg",
                            "directoryType": "GAME",
                            "displayName": "Shovel Knight",
                            "id": "138583",
                            "name": "Shovel Knight",
                            "viewersCount": 62
                        }
                    },
                    {
                        "__typename": "DirectoryEdge",
                        "cursor": "MzEx",
                        "node": {
                            "__typename": "Game",
                            "activeDropCampaigns": [],
                            "avatarURL": "https://static-cdn.jtvnw.net/ttv-boxart/Friday%20the%2013th:%20The%20Game-285x380.jpg",
                            "directoryType": "GAME",
                            "displayName": "Friday the 13th: The Game",
                            "id": "488518",
                            "name": "Friday the 13th: The Game",
                            "viewersCount": 62
                        }
                    },
                    {
                        "__typename": "DirectoryEdge",
                        "cursor": "MzEy",
                        "node": {
                            "__typename": "Game",
                            "activeDropCampaigns": [],
                            "avatarURL": "https://static-cdn.jtvnw.net/ttv-boxart/Mafia%20LIVE%21-285x380.jpg",
                            "directoryType": "GAME",
                            "displayName": "Mafia LIVE!",
                            "id": "22761",
                            "name": "Mafia LIVE!",
                            "viewersCount": 61
                        }
                    },
                    {
                        "__typename": "DirectoryEdge",
                        "cursor": "MzEz",
                        "node": {
                            "__typename": "Game",
                            "activeDropCampaigns": [],
                            "avatarURL": "https://static-cdn.jtvnw.net/ttv-boxart/Pok%C3%A9mon%20Trading%20Card%20Game%20Online-285x380.jpg",
                            "directoryType": "GAME",
                            "displayName": "Pok\u00e9mon Trading Card Game Online",
                            "id": "32634",
                            "name": "Pok\u00e9mon Trading Card Game Online",
                            "viewersCount": 61
                        }
                    },
                    {
                        "__typename": "DirectoryEdge",
                        "cursor": "MzE0",
                        "node": {
                            "__typename": "Game",
                            "activeDropCampaigns": [],
                            "avatarURL": "https://static-cdn.jtvnw.net/ttv-boxart/Outlast-285x380.jpg",
                            "directoryType": "GAME",
                            "displayName": "Outlast",
                            "id": "73586",
                            "name": "Outlast",
                            "viewersCount": 60
                        }
                    },
                    {
                        "__typename": "DirectoryEdge",
                        "cursor": "MzE1",
                        "node": {
                            "__typename": "Game",
                            "activeDropCampaigns": [],
                            "avatarURL": "https://static-cdn.jtvnw.net/ttv-boxart/Eco-285x380.jpg",
                            "directoryType": "GAME",
                            "displayName": "Eco",
                            "id": "6959",
                            "name": "Eco",
                            "viewersCount": 60
                        }
                    },
                    {
                        "__typename": "DirectoryEdge",
                        "cursor": "MzE2",
                        "node": {
                            "__typename": "Game",
                            "activeDropCampaigns": [],
                            "avatarURL": "https://static-cdn.jtvnw.net/ttv-boxart/Star%20Wars:%20The%20Old%20Republic-285x380.jpg",
                            "directoryType": "GAME",
                            "displayName": "Star Wars: The Old Republic",
                            "id": "21934",
                            "name": "Star Wars: The Old Republic",
                            "viewersCount": 59
                        }
                    },
                    {
                        "__typename": "DirectoryEdge",
                        "cursor": "MzE3",
                        "node": {
                            "__typename": "Game",
                            "activeDropCampaigns": [],
                            "avatarURL": "https://static-cdn.jtvnw.net/ttv-boxart/Realm%20of%20the%20Mad%20God-285x380.jpg",
                            "directoryType": "GAME",
                            "displayName": "Realm of the Mad God",
                            "id": "28834",
                            "name": "Realm of the Mad God",
                            "viewersCount": 59
                        }
                    },
                    {
                        "__typename": "DirectoryEdge",
                        "cursor": "MzE4",
                        "node": {
                            "__typename": "Game",
                            "activeDropCampaigns": [],
                            "avatarURL": "https://static-cdn.jtvnw.net/ttv-boxart/Aion-285x380.jpg",
                            "directoryType": "GAME",
                            "displayName": "Aion",
                            "id": "19431",
                            "name": "Aion",
                            "viewersCount": 59
                        }
                    },
                    {
                        "__typename": "DirectoryEdge",
                        "cursor": "MzE5",
                        "node": {
                            "__typename": "Game",
                            "activeDropCampaigns": [],
                            "avatarURL": "https://static-cdn.jtvnw.net/ttv-boxart/Super%20Metroid-285x380.jpg",
                            "directoryType": "GAME",
                            "displayName": "Super Metroid",
                            "id": "7595",
                            "name": "Super Metroid",
                            "viewersCount": 59
                        }
                    },
                    {
                        "__typename": "DirectoryEdge",
                        "cursor": "MzIw",
                        "node": {
                            "__typename": "Game",
                            "activeDropCampaigns": [],
                            "avatarURL": "https://static-cdn.jtvnw.net/ttv-boxart/Seven%20Knights-285x380.jpg",
                            "directoryType": "GAME",
                            "displayName": "Seven Knights",
                            "id": "490987",
                            "name": "Seven Knights",
                            "viewersCount": 59
                        }
                    }
                ],
                "pageInfo": {
                    "__typename": "PageInfo",
                    "hasNextPage": true
                }
            }
        },
        "extensions": {
            "durationMilliseconds": 52,
            "operationName": "BrowsePage_AllDirectories"
        }
    }
]