[
    {
        "data": {
            "directories": {
                "__typename": "DirectoryConnection",
                "edges": [
                    {
                        "__typename": "DirectoryEdge",
                        "cursor": "MzIw",
                        "node": {
                            "__typename": "Game",
                            "activeDropCampaigns": [],
                            "avatarURL": "https://static-cdn.jtvnw.net/ttv-boxart/Seven%20Knights-285x380.jpg",
                            "directoryType": "GAME",
                            "displayName": "Seven Knights",
                            "id": "490987",
                            "name": "Seven Knights",
                            "viewersCount": 59
                        }
                    },
                    {
                        "__typename": "DirectoryEdge",
                        "cursor": "MzIx",
                        "node": {
                            "__typename": "Game",
                            "activeDropCampaigns": [],
                            "avatarURL": "https://static-cdn.jtvnw.net/ttv-boxart/SpyParty-285x380.jpg",
                            "directoryType": "GAME",
                            "displayName": "SpyParty",
                            "id": "27449",
                            "name": "SpyParty",
                            "viewersCount": 57
                        }
                    },
                    {
                        "__typename": "DirectoryEdge",
                        "cursor": "MzIy",
                        "node": {
                            "__typename": "Game",
                            "activeDropCampaigns": [],
                            "avatarURL": "https://static-cdn.jtvnw.net/ttv-boxart/THE%20iDOLM@STER%20MILLION%20LIVE%21%20THEATER%20DAYS-285x380.jpg",
                            "directoryType": "GAME",
                            "displayName": "THE iDOLM@STER MILLION LIVE! THEATER DAYS",
                            "id": "496857",
                            "name": "THE iDOLM@STER MILLION LIVE! THEATER DAYS",
                            "viewersCount": 57
                        }
                    },
                    {
                        "__typename": "DirectoryEdge",
                        "cursor": "MzIz",
                        "node": {
                            "__typename": "Game",
                            "activeDropCampaigns": [],
                            "avatarURL": "https://static-cdn.jtvnw.net/ttv-boxart/Resident%20Evil%207%20biohazard-285x380.jpg",
                            "directoryType": "GAME",
                            "displayName": "Resident Evil 7 biohazard",
                            "id": "492934",
                            "name": "Resident Evil 7 biohazard",
                            "viewersCount": 56
                        }
                    },
                    {
                        "__typename": "DirectoryEdge",
                        "cursor": "MzI0",
                        "node": {
                            "__typename": "Game",
                            "activeDropCampaigns": [],
                            "avatarURL": "https://static-cdn.jtvnw.net/ttv-boxart/The%20Legend%20of%20Zelda:%20Majora%27s%20Mask%203D-285x380.jpg",
                            "directoryType": "GAME",
                            "displayName": "The Legend of Zelda: Majora's Mask 3D",
                            "id": "488533",
                            "name": "The Legend of Zelda: Majora's Mask 3D",
                            "viewersCount": 56
                        }
                    },
                    {
                        "__typename": "DirectoryEdge",
                        "cursor": "MzI1",
                        "node": {
                            "__typename": "Game",
                            "activeDropCampaigns": [],
                            "avatarURL": "https://static-cdn.jtvnw.net/ttv-boxart/Sdorica%20-sunset--285x380.jpg",
                            "directoryType": "GAME",
                            "displayName": "Sdorica -sunset-",
                            "id": "504433",
                            "name": "Sdorica -sunset-",
                            "viewersCount": 56
                        }
                    },
                    {
                        "__typename": "DirectoryEdge",
                        "cursor": "MzI2",
                        "node": {
                            "__typename": "Game",
                            "activeDropCampaigns": [],
                            "avatarURL": "https://static-cdn.jtvnw.net/ttv-boxart/Gears%20of%20War%204-285x380.jpg",
                            "directoryType": "GAME",
                            "displayName": "Gears of War 4",
                            "id": "459382",
                            "name": "Gears of War 4",
                            "viewersCount": 56
                        }
                    },
                    {
                        "__typename": "DirectoryEdge",
                        "cursor": "MzI3",
                        "node": {
                            "__typename": "Game",
                            "activeDropCampaigns": [],
                            "avatarURL": "https://static-cdn.jtvnw.net/ttv-boxart/Slime%20Rancher-285x380.jpg",
                            "directoryType": "GAME",
                            "displayName": "Slime Rancher",
                            "id": "491177",
                            "name": "Slime Rancher",
                            "viewersCount": 56
                        }
                    },
                    {
                        "__typename": "DirectoryEdge",
                        "cursor": "MzI4",
                        "node": {
                            "__typename": "Game",
                            "activeDropCampaigns": [],
                            "avatarURL": "https://static-cdn.jtvnw.net/ttv-boxart/IRONSIGHT-285x380.jpg",
                            "directoryType": "GAME",
                            "displayName": "IRONSIGHT",
                            "id": "494515",
                            "name": "IRONSIGHT",
                            "viewersCount": 56
                        }
                    },
                    {
                        "__typename": "DirectoryEdge",
                        "cursor": "MzI5",
                        "node": {
                            "__typename": "Game",
                            "activeDropCampaigns": [],
                            "avatarURL": "https://static-cdn.jtvnw.net/ttv-boxart/BBO2%20Online-285x380.jpg",
                            "directoryType": "GAME",
                            "displayName": "BBO2 Online",
                            "id": "399624",
                            "name": "BBO2 Online",
                            "viewersCount": 54
                        }
                    },
                    {
                        "__typename": "DirectoryEdge",
                        "cursor": "MzMw",
                        "node": {
                            "__typename": "Game",
                            "activeDropCampaigns": [],
                            "avatarURL": "https://static-cdn.jtvnw.net/ttv-boxart/Puzzle%20&%20Dragons-285x380.jpg",
                            "directoryType": "GAME",
                            "displayName": "Puzzle & Dragons",
                            "id": "130957",
                            "name": "Puzzle & Dragons",
                            "viewersCount": 53
                        }
                    },
                    {
                        "__typename": "DirectoryEdge",
                        "cursor": "MzMx",
                        "node": {
                            "__typename": "Game",
                            "activeDropCampaigns": [],
                            "avatarURL": "https://static-cdn.jtvnw.net/ttv-boxart/Halo%20Online-285x380.jpg",
                            "directoryType": "GAME",
                            "displayName": "Halo Online",
                            "id": "489279",
                            "name": "Halo Online",
                            "viewersCount": 53
                        }
                    },
                    {
                        "__typename": "DirectoryEdge",
                        "cursor": "MzMy",
                        "node": {
                            "__typename": "Game",
                            "activeDropCampaigns": [],
                            "avatarURL": "https://static-cdn.jtvnw.net/ttv-boxart/F1%202017-285x380.jpg",
                            "directoryType": "GAME",
                            "displayName": "F1 2017",
                            "id": "497116",
                            "name": "F1 2017",
                            "viewersCount": 52
                        }
                    },
                    {
                        "__typename": "DirectoryEdge",
                        "cursor": "MzMz",
                        "node": {
                            "__typename": "Game",
                            "activeDropCampaigns": [],
                            "avatarURL": "https://static-cdn.jtvnw.net/ttv-boxart/Uncharted%204:%20A%20Thief%27s%20End-285x380.jpg",
                            "directoryType": "GAME",
                            "displayName": "Uncharted 4: A Thief's End",
                            "id": "458641",
                            "name": "Uncharted 4: A Thief's End",
                            "viewersCount": 52
                        }
                    },
                    {
                        "__typename": "DirectoryEdge",
                        "cursor": "MzM0",
                        "node": {
                            "__typename": "Game",
                            "activeDropCampaigns": [],
                            "avatarURL": "https://static-cdn.jtvnw.net/ttv-boxart/Just%20Dance%202018-285x380.jpg",
                            "directoryType": "GAME",
                            "displayName": "Just Dance 2018",
                            "id": "497428",
                            "name": "Just Dance 2018",
                            "viewersCount": 51
                        }
                    },
                    {
                        "__typename": "DirectoryEdge",
                        "cursor": "MzM1",
                        "node": {
                            "__typename": "Game",
                            "activeDropCampaigns": [],
                            "avatarURL": "https://static-cdn.jtvnw.net/ttv-boxart/APB%20Reloaded-285x380.jpg",
                            "directoryType": "GAME",
                            "displayName": "APB Reloaded",
                            "id": "19157",
                            "name": "APB Reloaded",
                            "viewersCount": 51
                        }
                    },
                    {
                        "__typename": "DirectoryEdge",
                        "cursor": "MzM2",
                        "node": {
                            "__typename": "Game",
                            "activeDropCampaigns": [],
                            "avatarURL": "https://static-cdn.jtvnw.net/ttv-boxart/Undertale-285x380.jpg",
                            "directoryType": "GAME",
                            "displayName": "Undertale",
                            "id": "490713",
                            "name": "Undertale",
                            "viewersCount": 51
                        }
                    },
                    {
                        "__typename": "DirectoryEdge",
                        "cursor": "MzM3",
                        "node": {
                            "__typename": "Game",
                            "activeDropCampaigns": [],
                            "avatarURL": "https://static-cdn.jtvnw.net/ttv-boxart/Board%20Games-285x380.jpg",
                            "directoryType": "GAME",
                            "displayName": "Board Games",
                            "id": "490413",
                            "name": "Board Games",
                            "viewersCount": 51
                        }
                    },
                    {
                        "__typename": "DirectoryEdge",
                        "cursor": "MzM4",
                        "node": {
                            "__typename": "Game",
                            "activeDropCampaigns": [],
                            "avatarURL": "https://static-cdn.jtvnw.net/ttv-boxart/Clash%20of%20Clans-285x380.jpg",
                            "directoryType": "GAME",
                            "displayName": "Clash of Clans",
                            "id": "73914",
                            "name": "Clash of Clans",
                            "viewersCount": 51
                        }
                    },
                    {
                        "__typename": "DirectoryEdge",
                        "cursor": "MzM5",
                        "node": {
                            "__typename": "Game",
                            "activeDropCampaigns": [],
                            "avatarURL": "https://static-cdn.jtvnw.net/ttv-boxart/Mass%20Effect%203-285x380.jpg",
                            "directoryType": "GAME",
                            "displayName": "Mass Effect 3",
                            "id": "26992",
                            "name": "Mass Effect 3",
                            "viewersCount": 50
                        }
                    },
                    {
                        "__typename": "DirectoryEdge",
                        "cursor": "MzQw",
                        "node": {
                            "__typename": "Game",
                            "activeDropCampaigns": [],
                            "avatarURL": "https://static-cdn.jtvnw.net/ttv-boxart/Astroneer-285x380.jpg",
                            "directoryType": "GAME",
                            "displayName": "Astroneer",
                            "id": "491870",
                            "name": "Astroneer",
                            "viewersCount": 50
                        }
                    },
                    {
                        "__typename": "DirectoryEdge",
                        "cursor": "MzQx",
                        "node": {
                            "__typename": "Game",
                            "activeDropCampaigns": [],
                            "avatarURL": "https://static-cdn.jtvnw.net/ttv-boxart/For%20the%20King-285x380.jpg",
                            "directoryType": "GAME",
                            "displayName": "For the King",
                            "id": "494903",
                            "name": "For the King",
                            "viewersCount": 50
                        }
                    },
                    {
                        "__typename": "DirectoryEdge",
                        "cursor": "MzQy",
                        "node": {
                            "__typename": "Game",
                            "activeDropCampaigns": [],
                            "avatarURL": "https://static-cdn.jtvnw.net/ttv-boxart/Outlast%202-285x380.jpg",
                            "directoryType": "GAME",
                            "displayName": "Outlast 2",
                            "id": "488490",
                            "name": "Outlast 2",
                            "viewersCount": 49
                        }
                    },
                    {
                        "__typename": "DirectoryEdge",
                        "cursor": "MzQz",
                        "node": {
                            "__typename": "Game",
                            "activeDropCampaigns": [],
                            "avatarURL": "https://static-cdn.jtvnw.net/ttv-boxart/Jikkyou%20Powerful%20Pro%20Yakyuu%202018-285x380.jpg",
                            "directoryType": "GAME",
                            "displayName": "Jikkyou Powerful Pro Yakyuu 2018",
                            "id": "503076",
                            "name": "Jikkyou Powerful Pro Yakyuu 2018",
                            "viewersCount": 49
                        }
                    },
                    {
                        "__typename": "DirectoryEdge",
                        "cursor": "MzQ0",
                        "node": {
                            "__typename": "Game",
                            "activeDropCampaigns": [],
                            "avatarURL": "https://static-cdn.jtvnw.net/ttv-boxart/Shadow%20Warrior-285x380.jpg",
                            "directoryType": "GAME",
                            "displayName": "Shadow Warrior",
                            "id": "16275",
                            "name": "Shadow Warrior",
                            "viewersCount": 49
                        }
                    },
                    {
                        "__typename": "DirectoryEdge",
                        "cursor": "MzQ1",
                        "node": {
                            "__typename": "Game",
                            "activeDropCampaigns": [],
                            "avatarURL": "https://static-cdn.jtvnw.net/ttv-boxart/Donkey%20Kong%20Country:%20Tropical%20Freeze-285x380.jpg",
                            "directoryType": "GAME",
                            "displayName": "Donkey Kong Country: Tropical Freeze",
                            "id": "369591",
                            "name": "Donkey Kong Country: Tropical Freeze",
                            "viewersCount": 49
                        }
                    },
                    {
                        "__typename": "DirectoryEdge",
                        "cursor": "MzQ2",
                        "node": {
                            "__typename": "Game",
                            "activeDropCampaigns": [],
                            "avatarURL": "https://static-cdn.jtvnw.net/ttv-boxart/Elsword-285x380.jpg",
                            "directoryType": "GAME",
                            "displayName": "Elsword",
                            "id": "68018",
                            "name": "Elsword",
                            "viewersCount": 49
                        }
                    },
                    {
                        "__typename": "DirectoryEdge",
                        "cursor": "MzQ3",
                        "node": {
                            "__typename": "Game",
                            "activeDropCampaigns": [],
                            "avatarURL": "https://static-cdn.jtvnw.net/ttv-boxart/Fallout-285x380.jpg",
                            "directoryType": "GAME",
                            "displayName": "Fallout",
                            "id": "10767",
                            "name": "Fallout",
                            "viewersCount": 49
                        }
                    },
                    {
                        "__typename": "DirectoryEdge",
                        "cursor": "MzQ4",
                        "node": {
                            "__typename": "Game",
                            "activeDropCampaigns": [],
                            "avatarURL": "https://static-cdn.jtvnw.net/ttv-boxart/The%20Long%20Dark-285x380.jpg",
                            "directoryType": "GAME",
                            "displayName": "The Long Dark",
                            "id": "418016",
                            "name": "The Long Dark",
                            "viewersCount": 48
                        }
                    },
                    {
                        "__typename": "DirectoryEdge",
                        "cursor": "MzQ5",
                        "node": {
                            "__typename": "Game",
                            "activeDropCampaigns": [],
                            "avatarURL": "https://static-cdn.jtvnw.net/ttv-boxart/Legend%20of%20Grimrock-285x380.jpg",
                            "directoryType": "GAME",
                            "displayName": "Legend of Grimrock",
                            "id": "32505",
                            "name": "Legend of Grimrock",
                            "viewersCount": 48
                        }
                    }
                ],
                "pageInfo": {
                    "__typename": "PageInfo",
                    "hasNextPage": true
                }
            }
        },
        "extensions": {
            "durationMilliseconds": 41,
            "operationName": "BrowsePage_AllDirectories"
        }
    }
]