[
    {
        "data": {
            "directories": {
                "__typename": "DirectoryConnection",
                "edges": [
                    {
                        "__typename": "DirectoryEdge",
                        "cursor": "MzQ5",
                        "node": {
                            "__typename": "Game",
                            "activeDropCampaigns": [],
                            "avatarURL": "https://static-cdn.jtvnw.net/ttv-boxart/Legend%20of%20Grimrock-285x380.jpg",
                            "directoryType": "GAME",
                            "displayName": "Legend of Grimrock",
                            "id": "32505",
                            "name": "Legend of Grimrock",
                            "viewersCount": 48
                        }
                    },
                    {
                        "__typename": "DirectoryEdge",
                        "cursor": "MzUw",
                        "node": {
                            "__typename": "Game",
                            "activeDropCampaigns": [],
                            "avatarURL": "https://static-cdn.jtvnw.net/ttv-boxart/DragonBall%20Z:%20Dokkan%20Battle-285x380.jpg",
                            "directoryType": "GAME",
                            "displayName": "DragonBall Z: Dokkan Battle",
                            "id": "489405",
                            "name": "DragonBall Z: Dokkan Battle",
                            "viewersCount": 48
                        }
                    },
                    {
                        "__typename": "DirectoryEdge",
                        "cursor": "MzUx",
                        "node": {
                            "__typename": "Game",
                            "activeDropCampaigns": [],
                            "avatarURL": "https://static-cdn.jtvnw.net/ttv-boxart/SOS-285x380.jpg",
                            "directoryType": "GAME",
                            "displayName": "SOS",
                            "id": "12001",
                            "name": "SOS",
                            "viewersCount": 47
                        }
                    },
                    {
                        "__typename": "DirectoryEdge",
                        "cursor": "MzUy",
                        "node": {
                            "__typename": "Game",
                            "activeDropCampaigns": [],
                            "avatarURL": "https://static-cdn.jtvnw.net/ttv-boxart/Crash%20Bandicoot:%20Warped-285x380.jpg",
                            "directoryType": "GAME",
                            "displayName": "Crash Bandicoot: Warped",
                            "id": "11854",
                            "name": "Crash Bandicoot: Warped",
                            "viewersCount": 47
                        }
                    },
                    {
                        "__typename": "DirectoryEdge",
                        "cursor": "MzUz",
                        "node": {
                            "__typename": "Game",
                            "activeDropCampaigns": [],
                            "avatarURL": "https://static-cdn.jtvnw.net/ttv-boxart/Ni%20no%20Kuni%20II:%20Revenant%20Kingdom-285x380.jpg",
                            "directoryType": "GAME",
                            "displayName": "Ni no Kuni II: Revenant Kingdom",
                            "id": "494556",
                            "name": "Ni no Kuni II: Revenant Kingdom",
                            "viewersCount": 46
                        }
                    },
                    {
                        "__typename": "DirectoryEdge",
                        "cursor": "MzU0",
                        "node": {
                            "__typename": "Game",
                            "activeDropCampaigns": [],
                            "avatarURL": "https://static-cdn.jtvnw.net/ttv-boxart/DragonBall%20Xenoverse%202-285x380.jpg",
                            "directoryType": "GAME",
                            "displayName": "DragonBall Xenoverse 2",
                            "id": "492731",
                            "name": "DragonBall Xenoverse 2",
                            "viewersCount": 45
                        }
                    },
                    {
                        "__typename": "DirectoryEdge",
                        "cursor": "MzU1",
                        "node": {
                            "__typename": "Game",
                            "activeDropCampaigns": [],
                            "avatarURL": "https://static-cdn.jtvnw.net/ttv-boxart/Stellaris-285x380.jpg",
                            "directoryType": "GAME",
                            "displayName": "Stellaris",
                            "id": "491572",
                            "name": "Stellaris",
                            "viewersCount": 45
                        }
                    },
                    {
                        "__typename": "DirectoryEdge",
                        "cursor": "MzU2",
                        "node": {
                            "__typename": "Game",
                            "activeDropCampaigns": [],
                            "avatarURL": "https://static-cdn.jtvnw.net/ttv-boxart/Super%20Smash%20Bros.%20Brawl-285x380.jpg",
                            "directoryType": "GAME",
                            "displayName": "Super Smash Bros. Brawl",
                            "id": "18833",
                            "name": "Super Smash Bros. Brawl",
                            "viewersCount": 45
                        }
                    },
                    {
                        "__typename": "DirectoryEdge",
                        "cursor": "MzU3",
                        "node": {
                            "__typename": "Game",
                            "activeDropCampaigns": [],
                            "avatarURL": "https://static-cdn.jtvnw.net/ttv-boxart/Kerbal%20Space%20Program-285x380.jpg",
                            "directoryType": "GAME",
                            "displayName": "Kerbal Space Program",
                            "id": "32742",
                            "name": "Kerbal Space Program",
                            "viewersCount": 45
                        }
                    },
                    {
                        "__typename": "DirectoryEdge",
                        "cursor": "MzU4",
                        "node": {
                            "__typename": "Game",
                            "activeDropCampaigns": [],
                            "avatarURL": "https://static-cdn.jtvnw.net/ttv-boxart/DCS%20World-285x380.jpg",
                            "directoryType": "GAME",
                            "displayName": "DCS World",
                            "id": "313331",
                            "name": "DCS World",
                            "viewersCount": 45
                        }
                    },
                    {
                        "__typename": "DirectoryEdge",
                        "cursor": "MzU5",
                        "node": {
                            "__typename": "Game",
                            "activeDropCampaigns": [],
                            "avatarURL": "https://static-cdn.jtvnw.net/ttv-boxart/Legion%20TD%202-285x380.jpg",
                            "directoryType": "GAME",
                            "displayName": "Legion TD 2",
                            "id": "493489",
                            "name": "Legion TD 2",
                            "viewersCount": 44
                        }
                    },
                    {
                        "__typename": "DirectoryEdge",
                        "cursor": "MzYw",
                        "node": {
                            "__typename": "Game",
                            "activeDropCampaigns": [],
                            "avatarURL": "https://static-cdn.jtvnw.net/ttv-boxart/Entropia%20Universe-285x380.jpg",
                            "directoryType": "GAME",
                            "displayName": "Entropia Universe",
                            "id": "19714",
                            "name": "Entropia Universe",
                            "viewersCount": 44
                        }
                    },
                    {
                        "__typename": "DirectoryEdge",
                        "cursor": "MzYx",
                        "node": {
                            "__typename": "Game",
                            "activeDropCampaigns": [],
                            "avatarURL": "https://static-cdn.jtvnw.net/ttv-boxart/The%20Adventure%20Pals-285x380.jpg",
                            "directoryType": "GAME",
                            "displayName": "The Adventure Pals",
                            "id": "498404",
                            "name": "The Adventure Pals",
                            "viewersCount": 43
                        }
                    },
                    {
                        "__typename": "DirectoryEdge",
                        "cursor": "MzYy",
                        "node": {
                            "__typename": "Game",
                            "activeDropCampaigns": [],
                            "avatarURL": "https://static-cdn.jtvnw.net/ttv-boxart/Resident%20Evil%202-285x380.jpg",
                            "directoryType": "GAME",
                            "displayName": "Resident Evil 2",
                            "id": "8645",
                            "name": "Resident Evil 2",
                            "viewersCount": 42
                        }
                    },
                    {
                        "__typename": "DirectoryEdge",
                        "cursor": "MzYz",
                        "node": {
                            "__typename": "Game",
                            "activeDropCampaigns": [],
                            "avatarURL": "https://static-cdn.jtvnw.net/ttv-boxart/Ludum%20Dare-285x380.jpg",
                            "directoryType": "GAME",
                            "displayName": "Ludum Dare",
                            "id": "132490",
                            "name": "Ludum Dare",
                            "viewersCount": 42
                        }
                    },
                    {
                        "__typename": "DirectoryEdge",
                        "cursor": "MzY0",
                        "node": {
                            "__typename": "Game",
                            "activeDropCampaigns": [],
                            "avatarURL": "https://static-cdn.jtvnw.net/ttv-boxart/D%C3%A9j%C3%A0%20Vu:%20A%20Nightmare%20Comes%20True-285x380.jpg",
                            "directoryType": "GAME",
                            "displayName": "D\u00e9j\u00e0 Vu: A Nightmare Comes True",
                            "id": "3390",
                            "name": "D\u00e9j\u00e0 Vu: A Nightmare Comes True",
                            "viewersCount": 41
                        }
                    },
                    {
                        "__typename": "DirectoryEdge",
                        "cursor": "MzY1",
                        "node": {
                            "__typename": "Game",
                            "activeDropCampaigns": [],
                            "avatarURL": "https://static-cdn.jtvnw.net/ttv-boxart/Final%20Fantasy%20Mystic%20Quest-285x380.jpg",
                            "directoryType": "GAME",
                            "displayName": "Final Fantasy Mystic Quest",
                            "id": "3331",
                            "name": "Final Fantasy Mystic Quest",
                            "viewersCount": 40
                        }
                    },
                    {
                        "__typename": "DirectoryEdge",
                        "cursor": "MzY2",
                        "node": {
                            "__typename": "Game",
                            "activeDropCampaigns": [],
                            "avatarURL": "https://static-cdn.jtvnw.net/ttv-boxart/NieR%20Automata-285x380.jpg",
                            "directoryType": "GAME",
                            "displayName": "NieR Automata",
                            "id": "494162",
                            "name": "NieR Automata",
                            "viewersCount": 40
                        }
                    },
                    {
                        "__typename": "DirectoryEdge",
                        "cursor": "MzY3",
                        "node": {
                            "__typename": "Game",
                            "activeDropCampaigns": [],
                            "avatarURL": "https://static-cdn.jtvnw.net/ttv-boxart/Doki%20Doki%20Literature%20Club-285x380.jpg",
                            "directoryType": "GAME",
                            "displayName": "Doki Doki Literature Club",
                            "id": "497527",
                            "name": "Doki Doki Literature Club",
                            "viewersCount": 40
                        }
                    },
                    {
                        "__typename": "DirectoryEdge",
                        "cursor": "MzY4",
                        "node": {
                            "__typename": "Game",
                            "activeDropCampaigns": [],
                            "avatarURL": "https://static-cdn.jtvnw.net/ttv-boxart/Inside-285x380.jpg",
                            "directoryType": "GAME",
                            "displayName": "Inside",
                            "id": "85857",
                            "name": "Inside",
                            "viewersCount": 40
                        }
                    },
                    {
                        "__typename": "DirectoryEdge",
                        "cursor": "MzY5",
                        "node": {
                            "__typename": "Game",
                            "activeDropCampaigns": [],
                            "avatarURL": "https://static-cdn.jtvnw.net/ttv-boxart/Sword%20Art%20Online:%20Fatal%20Bullet-285x380.jpg",
                            "directoryType": "GAME",
                            "displayName": "Sword Art Online: Fatal Bullet",
                            "id": "498449",
                            "name": "Sword Art Online: Fatal Bullet",
                            "viewersCount": 40
                        }
                    },
                    {
                        "__typename": "DirectoryEdge",
                        "cursor": "Mzcw",
                        "node": {
                            "__typename": "Game",
                            "activeDropCampaigns": [],
                            "avatarURL": "https://static-cdn.jtvnw.net/ttv-boxart/Pok%C3%A9mon%20Red/Blue-285x380.jpg",
                            "directoryType": "GAME",
                            "displayName": "Pok\u00e9mon Red/Blue",
                            "id": "3623",
                            "name": "Pok\u00e9mon Red/Blue",
                            "viewersCount": 40
                        }
                    },
                    {
                        "__typename": "DirectoryEdge",
                        "cursor": "Mzcx",
                        "node": {
                            "__typename": "Game",
                            "activeDropCampaigns": [],
                            "avatarURL": "https://static-cdn.jtvnw.net/ttv-boxart/Honkai%20Impact-285x380.jpg",
                            "directoryType": "GAME",
                            "displayName": "Honkai Impact",
                            "id": "496304",
                            "name": "Honkai Impact",
                            "viewersCount": 40
                        }
                    },
                    {
                        "__typename": "DirectoryEdge",
                        "cursor": "Mzcy",
                        "node": {
                            "__typename": "Game",
                            "activeDropCampaigns": [],
                            "avatarURL": "https://static-cdn.jtvnw.net/ttv-boxart/Mega%20Man%202-285x380.jpg",
                            "directoryType": "GAME",
                            "displayName": "Mega Man 2",
                            "id": "12870",
                            "name": "Mega Man 2",
                            "viewersCount": 40
                        }
                    },
                    {
                        "__typename": "DirectoryEdge",
                        "cursor": "Mzcz",
                        "node": {
                            "__typename": "Game",
                            "activeDropCampaigns": [],
                            "avatarURL": "https://static-cdn.jtvnw.net/ttv-boxart/Rusty%20Lake:%20Roots-285x380.jpg",
                            "directoryType": "GAME",
                            "displayName": "Rusty Lake: Roots",
                            "id": "494041",
                            "name": "Rusty Lake: Roots",
                            "viewersCount": 40
                        }
                    },
                    {
                        "__typename": "DirectoryEdge",
                        "cursor": "Mzc0",
                        "node": {
                            "__typename": "Game",
                            "activeDropCampaigns": [],
                            "avatarURL": "https://static-cdn.jtvnw.net/ttv-boxart/EverQuest-285x380.jpg",
                            "directoryType": "GAME",
                            "displayName": "EverQuest",
                            "id": "9954",
                            "name": "EverQuest",
                            "viewersCount": 40
                        }
                    },
                    {
                        "__typename": "DirectoryEdge",
                        "cursor": "Mzc1",
                        "node": {
                            "__typename": "Game",
                            "activeDropCampaigns": [],
                            "avatarURL": "https://static-cdn.jtvnw.net/ttv-boxart/Ultima%20Online-285x380.jpg",
                            "directoryType": "GAME",
                            "displayName": "Ultima Online",
                            "id": "5288",
                            "name": "Ultima Online",
                            "viewersCount": 39
                        }
                    },
                    {
                        "__typename": "DirectoryEdge",
                        "cursor": "Mzc2",
                        "node": {
                            "__typename": "Game",
                            "activeDropCampaigns": [],
                            "avatarURL": "https://static-cdn.jtvnw.net/ttv-boxart/Life%20Is%20Strange-285x380.jpg",
                            "directoryType": "GAME",
                            "displayName": "Life Is Strange",
                            "id": "461389",
                            "name": "Life Is Strange",
                            "viewersCount": 39
                        }
                    },
                    {
                        "__typename": "DirectoryEdge",
                        "cursor": "Mzc3",
                        "node": {
                            "__typename": "Game",
                            "activeDropCampaigns": [],
                            "avatarURL": "https://static-cdn.jtvnw.net/ttv-boxart/The%20King%20of%20Fighters%20XIV-285x380.jpg",
                            "directoryType": "GAME",
                            "displayName": "The King of Fighters XIV",
                            "id": "490698",
                            "name": "The King of Fighters XIV",
                            "viewersCount": 39
                        }
                    },
                    {
                        "__typename": "DirectoryEdge",
                        "cursor": "Mzc4",
                        "node": {
                            "__typename": "Game",
                            "activeDropCampaigns": [],
                            "avatarURL": "https://static-cdn.jtvnw.net/ttv-boxart/WWE%20SuperCard-285x380.jpg",
                            "directoryType": "GAME",
                            "displayName": "WWE SuperCard",
                            "id": "461427",
                            "name": "WWE SuperCard",
                            "viewersCount": 39
                        }
                    }
                ],
                "pageInfo": {
                    "__typename": "PageInfo",
                    "hasNextPage": true
                }
            }
        },
        "extensions": {
            "durationMilliseconds": 49,
            "operationName": "BrowsePage_AllDirectories"
        }
    }
]