[
    {
        "data": {
            "directories": {
                "__typename": "DirectoryConnection",
                "edges": [
                    {
                        "__typename": "DirectoryEdge",
                        "cursor": "Mzc4",
                        "node": {
                            "__typename": "Game",
                            "activeDropCampaigns": [],
                            "avatarURL": "https://static-cdn.jtvnw.net/ttv-boxart/WWE%20SuperCard-285x380.jpg",
                            "directoryType": "GAME",
                            "displayName": "WWE SuperCard",
                            "id": "461427",
                            "name": "WWE SuperCard",
                            "viewersCount": 39
                        }
                    },
                    {
                        "__typename": "DirectoryEdge",
                        "cursor": "Mzc5",
                        "node": {
                            "__typename": "Game",
                            "activeDropCampaigns": [],
                            "avatarURL": "https://static-cdn.jtvnw.net/ttv-boxart/BattleBlock%20Theater-285x380.jpg",
                            "directoryType": "GAME",
                            "displayName": "BattleBlock Theater",
                            "id": "25087",
                            "name": "BattleBlock Theater",
                            "viewersCount": 39
                        }
                    },
                    {
                        "__typename": "DirectoryEdge",
                        "cursor": "Mzgw",
                        "node": {
                            "__typename": "Game",
                            "activeDropCampaigns": [],
                            "avatarURL": "https://static-cdn.jtvnw.net/ttv-boxart/L.A.%20Noire-285x380.jpg",
                            "directoryType": "GAME",
                            "displayName": "L.A. Noire",
                            "id": "19589",
                            "name": "L.A. Noire",
                            "viewersCount": 38
                        }
                    },
                    {
                        "__typename": "DirectoryEdge",
                        "cursor": "Mzgx",
                        "node": {
                            "__typename": "Game",
                            "activeDropCampaigns": [],
                            "avatarURL": "https://static-cdn.jtvnw.net/ttv-boxart/Yooka-Laylee-285x380.jpg",
                            "directoryType": "GAME",
                            "displayName": "Yooka-Laylee",
                            "id": "489591",
                            "name": "Yooka-Laylee",
                            "viewersCount": 38
                        }
                    },
                    {
                        "__typename": "DirectoryEdge",
                        "cursor": "Mzgy",
                        "node": {
                            "__typename": "Game",
                            "activeDropCampaigns": [],
                            "avatarURL": "https://static-cdn.jtvnw.net/ttv-boxart/Maelstrom-285x380.jpg",
                            "directoryType": "GAME",
                            "displayName": "Maelstrom",
                            "id": "3568",
                            "name": "Maelstrom",
                            "viewersCount": 38
                        }
                    },
                    {
                        "__typename": "DirectoryEdge",
                        "cursor": "Mzgz",
                        "node": {
                            "__typename": "Game",
                            "activeDropCampaigns": [],
                            "avatarURL": "https://static-cdn.jtvnw.net/ttv-boxart/No%20Man%27s%20Sky-285x380.jpg",
                            "directoryType": "GAME",
                            "displayName": "No Man's Sky",
                            "id": "458781",
                            "name": "No Man's Sky",
                            "viewersCount": 38
                        }
                    },
                    {
                        "__typename": "DirectoryEdge",
                        "cursor": "Mzg0",
                        "node": {
                            "__typename": "Game",
                            "activeDropCampaigns": [],
                            "avatarURL": "https://static-cdn.jtvnw.net/ttv-boxart/Grand%20Theft%20Auto:%20Vice%20City-285x380.jpg",
                            "directoryType": "GAME",
                            "displayName": "Grand Theft Auto: Vice City",
                            "id": "15631",
                            "name": "Grand Theft Auto: Vice City",
                            "viewersCount": 37
                        }
                    },
                    {
                        "__typename": "DirectoryEdge",
                        "cursor": "Mzg1",
                        "node": {
                            "__typename": "Game",
                            "activeDropCampaigns": [],
                            "avatarURL": "https://static-cdn.jtvnw.net/ttv-boxart/Trailmakers-285x380.jpg",
                            "directoryType": "GAME",
                            "displayName": "Trailmakers",
                            "id": "496497",
                            "name": "Trailmakers",
                            "viewersCount": 37
                        }
                    },
                    {
                        "__typename": "DirectoryEdge",
                        "cursor": "Mzg2",
                        "node": {
                            "__typename": "Game",
                            "activeDropCampaigns": [],
                            "avatarURL": "https://static-cdn.jtvnw.net/ttv-boxart/Sleeping%20Dogs-285x380.jpg",
                            "directoryType": "GAME",
                            "displayName": "Sleeping Dogs",
                            "id": "26547",
                            "name": "Sleeping Dogs",
                            "viewersCount": 37
                        }
                    },
                    {
                        "__typename": "DirectoryEdge",
                        "cursor": "Mzg3",
                        "node": {
                            "__typename": "Game",
                            "activeDropCampaigns": [],
                            "avatarURL": "https://static-cdn.jtvnw.net/ttv-boxart/Forza%20Horizon%203-285x380.jpg",
                            "directoryType": "GAME",
                            "displayName": "Forza Horizon 3",
                            "id": "493194",
                            "name": "Forza Horizon 3",
                            "viewersCount": 37
                        }
                    },
                    {
                        "__typename": "DirectoryEdge",
                        "cursor": "Mzg4",
                        "node": {
                            "__typename": "Game",
                            "activeDropCampaigns": [],
                            "avatarURL": "https://static-cdn.jtvnw.net/ttv-boxart/Mobile%20Legends:%20Bang%20bang-285x380.jpg",
                            "directoryType": "GAME",
                            "displayName": "Mobile Legends: Bang bang",
                            "id": "494184",
                            "name": "Mobile Legends: Bang bang",
                            "viewersCount": 37
                        }
                    },
                    {
                        "__typename": "DirectoryEdge",
                        "cursor": "Mzg5",
                        "node": {
                            "__typename": "Game",
                            "activeDropCampaigns": [],
                            "avatarURL": "https://static-cdn.jtvnw.net/ttv-boxart/Final%20Fantasy%20IX-285x380.jpg",
                            "directoryType": "GAME",
                            "displayName": "Final Fantasy IX",
                            "id": "8090",
                            "name": "Final Fantasy IX",
                            "viewersCount": 36
                        }
                    },
                    {
                        "__typename": "DirectoryEdge",
                        "cursor": "Mzkw",
                        "node": {
                            "__typename": "Game",
                            "activeDropCampaigns": [],
                            "avatarURL": "https://static-cdn.jtvnw.net/ttv-boxart/Quake%20III%20Arena-285x380.jpg",
                            "directoryType": "GAME",
                            "displayName": "Quake III Arena",
                            "id": "3541",
                            "name": "Quake III Arena",
                            "viewersCount": 36
                        }
                    },
                    {
                        "__typename": "DirectoryEdge",
                        "cursor": "Mzkx",
                        "node": {
                            "__typename": "Game",
                            "activeDropCampaigns": [],
                            "avatarURL": "https://static-cdn.jtvnw.net/ttv-boxart/Slay-285x380.jpg",
                            "directoryType": "GAME",
                            "displayName": "Slay",
                            "id": "313040",
                            "name": "Slay",
                            "viewersCount": 36
                        }
                    },
                    {
                        "__typename": "DirectoryEdge",
                        "cursor": "Mzky",
                        "node": {
                            "__typename": "Game",
                            "activeDropCampaigns": [],
                            "avatarURL": "https://static-cdn.jtvnw.net/ttv-boxart/Ratchet%20&%20Clank%20Collection-285x380.jpg",
                            "directoryType": "GAME",
                            "displayName": "Ratchet & Clank Collection",
                            "id": "33831",
                            "name": "Ratchet & Clank Collection",
                            "viewersCount": 36
                        }
                    },
                    {
                        "__typename": "DirectoryEdge",
                        "cursor": "Mzkz",
                        "node": {
                            "__typename": "Game",
                            "activeDropCampaigns": [],
                            "avatarURL": "https://static-cdn.jtvnw.net/ttv-boxart/Call%20of%20Duty:%20Infinite%20Warfare-285x380.jpg",
                            "directoryType": "GAME",
                            "displayName": "Call of Duty: Infinite Warfare",
                            "id": "491437",
                            "name": "Call of Duty: Infinite Warfare",
                            "viewersCount": 36
                        }
                    },
                    {
                        "__typename": "DirectoryEdge",
                        "cursor": "Mzk0",
                        "node": {
                            "__typename": "Game",
                            "activeDropCampaigns": [],
                            "avatarURL": "https://static-cdn.jtvnw.net/ttv-boxart/Animal%20Crossing-285x380.jpg",
                            "directoryType": "GAME",
                            "displayName": "Animal Crossing",
                            "id": "11849",
                            "name": "Animal Crossing",
                            "viewersCount": 35
                        }
                    },
                    {
                        "__typename": "DirectoryEdge",
                        "cursor": "Mzk1",
                        "node": {
                            "__typename": "Game",
                            "activeDropCampaigns": [],
                            "avatarURL": "https://static-cdn.jtvnw.net/ttv-boxart/Quest%20for%20Glory%20I:%20So%20You%20Want%20To%20Be%20A%20Hero-285x380.jpg",
                            "directoryType": "GAME",
                            "displayName": "Quest for Glory I: So You Want To Be A Hero",
                            "id": "18511",
                            "name": "Quest for Glory I: So You Want To Be A Hero",
                            "viewersCount": 35
                        }
                    },
                    {
                        "__typename": "DirectoryEdge",
                        "cursor": "Mzk2",
                        "node": {
                            "__typename": "Game",
                            "activeDropCampaigns": [],
                            "avatarURL": "https://static-cdn.jtvnw.net/ttv-boxart/Wario%27s%20Woods-285x380.jpg",
                            "directoryType": "GAME",
                            "displayName": "Wario's Woods",
                            "id": "2372",
                            "name": "Wario's Woods",
                            "viewersCount": 35
                        }
                    },
                    {
                        "__typename": "DirectoryEdge",
                        "cursor": "Mzk3",
                        "node": {
                            "__typename": "Game",
                            "activeDropCampaigns": [],
                            "avatarURL": "https://static-cdn.jtvnw.net/ttv-boxart/Metal%20Gear%20Solid%20V:%20The%20Phantom%20Pain-285x380.jpg",
                            "directoryType": "GAME",
                            "displayName": "Metal Gear Solid V: The Phantom Pain",
                            "id": "91419",
                            "name": "Metal Gear Solid V: The Phantom Pain",
                            "viewersCount": 35
                        }
                    },
                    {
                        "__typename": "DirectoryEdge",
                        "cursor": "Mzk4",
                        "node": {
                            "__typename": "Game",
                            "activeDropCampaigns": [],
                            "avatarURL": "https://static-cdn.jtvnw.net/ttv-boxart/Celeste-285x380.jpg",
                            "directoryType": "GAME",
                            "displayName": "Celeste",
                            "id": "492535",
                            "name": "Celeste",
                            "viewersCount": 33
                        }
                    },
                    {
                        "__typename": "DirectoryEdge",
                        "cursor": "Mzk5",
                        "node": {
                            "__typename": "Game",
                            "activeDropCampaigns": [],
                            "avatarURL": "https://static-cdn.jtvnw.net/ttv-boxart/Fallout:%20New%20Vegas-285x380.jpg",
                            "directoryType": "GAME",
                            "displayName": "Fallout: New Vegas",
                            "id": "23453",
                            "name": "Fallout: New Vegas",
                            "viewersCount": 33
                        }
                    },
                    {
                        "__typename": "DirectoryEdge",
                        "cursor": "NDAw",
                        "node": {
                            "__typename": "Game",
                            "activeDropCampaigns": [],
                            "avatarURL": "https://static-cdn.jtvnw.net/ttv-boxart/Krosmaga-285x380.jpg",
                            "directoryType": "GAME",
                            "displayName": "Krosmaga",
                            "id": "493754",
                            "name": "Krosmaga",
                            "viewersCount": 33
                        }
                    },
                    {
                        "__typename": "DirectoryEdge",
                        "cursor": "NDAx",
                        "node": {
                            "__typename": "Game",
                            "activeDropCampaigns": [],
                            "avatarURL": "https://static-cdn.jtvnw.net/ttv-boxart/TRAIN%20SIMULATOR%202018-285x380.jpg",
                            "directoryType": "GAME",
                            "displayName": "TRAIN SIMULATOR 2018",
                            "id": "500247",
                            "name": "TRAIN SIMULATOR 2018",
                            "viewersCount": 33
                        }
                    },
                    {
                        "__typename": "DirectoryEdge",
                        "cursor": "NDAy",
                        "node": {
                            "__typename": "Game",
                            "activeDropCampaigns": [],
                            "avatarURL": "https://static-cdn.jtvnw.net/ttv-boxart/Northgard-285x380.jpg",
                            "directoryType": "GAME",
                            "displayName": "Northgard",
                            "id": "495856",
                            "name": "Northgard",
                            "viewersCount": 32
                        }
                    },
                    {
                        "__typename": "DirectoryEdge",
                        "cursor": "NDAz",
                        "node": {
                            "__typename": "Game",
                            "activeDropCampaigns": [],
                            "avatarURL": "https://static-cdn.jtvnw.net/ttv-boxart/Deceit-285x380.jpg",
                            "directoryType": "GAME",
                            "displayName": "Deceit",
                            "id": "493244",
                            "name": "Deceit",
                            "viewersCount": 32
                        }
                    },
                    {
                        "__typename": "DirectoryEdge",
                        "cursor": "NDA0",
                        "node": {
                            "__typename": "Game",
                            "activeDropCampaigns": [],
                            "avatarURL": "https://static-cdn.jtvnw.net/ttv-boxart/Monster%20Prom-285x380.jpg",
                            "directoryType": "GAME",
                            "displayName": "Monster Prom",
                            "id": "498345",
                            "name": "Monster Prom",
                            "viewersCount": 31
                        }
                    },
                    {
                        "__typename": "DirectoryEdge",
                        "cursor": "NDA1",
                        "node": {
                            "__typename": "Game",
                            "activeDropCampaigns": [],
                            "avatarURL": "https://static-cdn.jtvnw.net/ttv-boxart/American%20Truck%20Simulator-285x380.jpg",
                            "directoryType": "GAME",
                            "displayName": "American Truck Simulator",
                            "id": "488910",
                            "name": "American Truck Simulator",
                            "viewersCount": 31
                        }
                    },
                    {
                        "__typename": "DirectoryEdge",
                        "cursor": "NDA2",
                        "node": {
                            "__typename": "Game",
                            "activeDropCampaigns": [],
                            "avatarURL": "https://static-cdn.jtvnw.net/ttv-boxart/NHL%2018-285x380.jpg",
                            "directoryType": "GAME",
                            "displayName": "NHL 18",
                            "id": "497350",
                            "name": "NHL 18",
                            "viewersCount": 31
                        }
                    },
                    {
                        "__typename": "DirectoryEdge",
                        "cursor": "NDA3",
                        "node": {
                            "__typename": "Game",
                            "activeDropCampaigns": [],
                            "avatarURL": "https://static-cdn.jtvnw.net/ttv-boxart/Day%20of%20Infamy-285x380.jpg",
                            "directoryType": "GAME",
                            "displayName": "Day of Infamy",
                            "id": "492964",
                            "name": "Day of Infamy",
                            "viewersCount": 30
                        }
                    }
                ],
                "pageInfo": {
                    "__typename": "PageInfo",
                    "hasNextPage": true
                }
            }
        },
        "extensions": {
            "durationMilliseconds": 44,
            "operationName": "BrowsePage_AllDirectories"
        }
    }
]