[
    {
        "data": {
            "directories": {
                "__typename": "DirectoryConnection",
                "edges": [
                    {
                        "__typename": "DirectoryEdge",
                        "cursor": "NDA3",
                        "node": {
                            "__typename": "Game",
                            "activeDropCampaigns": [],
                            "avatarURL": "https://static-cdn.jtvnw.net/ttv-boxart/Day%20of%20Infamy-285x380.jpg",
                            "directoryType": "GAME",
                            "displayName": "Day of Infamy",
                            "id": "492964",
                            "name": "Day of Infamy",
                            "viewersCount": 30
                        }
                    },
                    {
                        "__typename": "DirectoryEdge",
                        "cursor": "NDA4",
                        "node": {
                            "__typename": "Game",
                            "activeDropCampaigns": [],
                            "avatarURL": "https://static-cdn.jtvnw.net/ttv-boxart/Kingdom%20Hearts%20HD%20I.5%20+%20II.5%20Remix-285x380.jpg",
                            "directoryType": "GAME",
                            "displayName": "Kingdom Hearts HD I.5 + II.5 Remix",
                            "id": "494099",
                            "name": "Kingdom Hearts HD I.5 + II.5 Remix",
                            "viewersCount": 30
                        }
                    },
                    {
                        "__typename": "DirectoryEdge",
                        "cursor": "NDA5",
                        "node": {
                            "__typename": "Game",
                            "activeDropCampaigns": [],
                            "avatarURL": "https://static-cdn.jtvnw.net/ttv-boxart/Super%20Mario%20World%202:%20Yoshi%27s%20Island-285x380.jpg",
                            "directoryType": "GAME",
                            "displayName": "Super Mario World 2: Yoshi's Island",
                            "id": "2635",
                            "name": "Super Mario World 2: Yoshi's Island",
                            "viewersCount": 30
                        }
                    },
                    {
                        "__typename": "DirectoryEdge",
                        "cursor": "NDEw",
                        "node": {
                            "__typename": "Game",
                            "activeDropCampaigns": [],
                            "avatarURL": "https://static-cdn.jtvnw.net/ttv-boxart/Dragon%27s%20Dogma:%20Dark%20Arisen-285x380.jpg",
                            "directoryType": "GAME",
                            "displayName": "Dragon's Dogma: Dark Arisen",
                            "id": "110748",
                            "name": "Dragon's Dogma: Dark Arisen",
                            "viewersCount": 30
                        }
                    },
                    {
                        "__typename": "DirectoryEdge",
                        "cursor": "NDEx",
                        "node": {
                            "__typename": "Game",
                            "activeDropCampaigns": [],
                            "avatarURL": "https://static-cdn.jtvnw.net/ttv-boxart/The%20Evil%20Within-285x380.jpg",
                            "directoryType": "GAME",
                            "displayName": "The Evil Within",
                            "id": "68000",
                            "name": "The Evil Within",
                            "viewersCount": 30
                        }
                    },
                    {
                        "__typename": "DirectoryEdge",
                        "cursor": "NDEy",
                        "node": {
                            "__typename": "Game",
                            "activeDropCampaigns": [],
                            "avatarURL": "https://static-cdn.jtvnw.net/ttv-boxart/Survarium-285x380.jpg",
                            "directoryType": "GAME",
                            "displayName": "Survarium",
                            "id": "34211",
                            "name": "Survarium",
                            "viewersCount": 29
                        }
                    },
                    {
                        "__typename": "DirectoryEdge",
                        "cursor": "NDEz",
                        "node": {
                            "__typename": "Game",
                            "activeDropCampaigns": [],
                            "avatarURL": "https://static-cdn.jtvnw.net/ttv-boxart/Valkyria%20Chronicles-285x380.jpg",
                            "directoryType": "GAME",
                            "displayName": "Valkyria Chronicles",
                            "id": "19153",
                            "name": "Valkyria Chronicles",
                            "viewersCount": 29
                        }
                    },
                    {
                        "__typename": "DirectoryEdge",
                        "cursor": "NDE0",
                        "node": {
                            "__typename": "Game",
                            "activeDropCampaigns": [],
                            "avatarURL": "https://static-cdn.jtvnw.net/ttv-boxart/Guild%20Wars-285x380.jpg",
                            "directoryType": "GAME",
                            "displayName": "Guild Wars",
                            "id": "16051",
                            "name": "Guild Wars",
                            "viewersCount": 29
                        }
                    },
                    {
                        "__typename": "DirectoryEdge",
                        "cursor": "NDE1",
                        "node": {
                            "__typename": "Game",
                            "activeDropCampaigns": [],
                            "avatarURL": "https://static-cdn.jtvnw.net/ttv-boxart/Realm%20of%20Valor-285x380.jpg",
                            "directoryType": "GAME",
                            "displayName": "Realm of Valor",
                            "id": "495931",
                            "name": "Realm of Valor",
                            "viewersCount": 29
                        }
                    },
                    {
                        "__typename": "DirectoryEdge",
                        "cursor": "NDE2",
                        "node": {
                            "__typename": "Game",
                            "activeDropCampaigns": [],
                            "avatarURL": "https://static-cdn.jtvnw.net/ttv-boxart/Programming-285x380.jpg",
                            "directoryType": "GAME",
                            "displayName": "Programming",
                            "id": "458688",
                            "name": "Programming",
                            "viewersCount": 29
                        }
                    },
                    {
                        "__typename": "DirectoryEdge",
                        "cursor": "NDE3",
                        "node": {
                            "__typename": "Game",
                            "activeDropCampaigns": [],
                            "avatarURL": "https://static-cdn.jtvnw.net/ttv-boxart/Ape%20Escape%202-285x380.jpg",
                            "directoryType": "GAME",
                            "displayName": "Ape Escape 2",
                            "id": "10708",
                            "name": "Ape Escape 2",
                            "viewersCount": 29
                        }
                    },
                    {
                        "__typename": "DirectoryEdge",
                        "cursor": "NDE4",
                        "node": {
                            "__typename": "Game",
                            "activeDropCampaigns": [],
                            "avatarURL": "https://static-cdn.jtvnw.net/ttv-boxart/The%20Elder%20Scrolls%20IV:%20Oblivion-285x380.jpg",
                            "directoryType": "GAME",
                            "displayName": "The Elder Scrolls IV: Oblivion",
                            "id": "18526",
                            "name": "The Elder Scrolls IV: Oblivion",
                            "viewersCount": 28
                        }
                    },
                    {
                        "__typename": "DirectoryEdge",
                        "cursor": "NDE5",
                        "node": {
                            "__typename": "Game",
                            "activeDropCampaigns": [],
                            "avatarURL": "https://static-cdn.jtvnw.net/ttv-boxart/Project%20Gorgon-285x380.jpg",
                            "directoryType": "GAME",
                            "displayName": "Project Gorgon",
                            "id": "489728",
                            "name": "Project Gorgon",
                            "viewersCount": 28
                        }
                    },
                    {
                        "__typename": "DirectoryEdge",
                        "cursor": "NDIw",
                        "node": {
                            "__typename": "Game",
                            "activeDropCampaigns": [],
                            "avatarURL": "https://static-cdn.jtvnw.net/ttv-boxart/Squad-285x380.jpg",
                            "directoryType": "GAME",
                            "displayName": "Squad",
                            "id": "488479",
                            "name": "Squad",
                            "viewersCount": 28
                        }
                    },
                    {
                        "__typename": "DirectoryEdge",
                        "cursor": "NDIx",
                        "node": {
                            "__typename": "Game",
                            "activeDropCampaigns": [],
                            "avatarURL": "https://static-cdn.jtvnw.net/ttv-boxart/Killing%20Floor%202-285x380.jpg",
                            "directoryType": "GAME",
                            "displayName": "Killing Floor 2",
                            "id": "460508",
                            "name": "Killing Floor 2",
                            "viewersCount": 28
                        }
                    },
                    {
                        "__typename": "DirectoryEdge",
                        "cursor": "NDIy",
                        "node": {
                            "__typename": "Game",
                            "activeDropCampaigns": [],
                            "avatarURL": "https://static-cdn.jtvnw.net/ttv-boxart/Titanfall%202-285x380.jpg",
                            "directoryType": "GAME",
                            "displayName": "Titanfall 2",
                            "id": "489201",
                            "name": "Titanfall 2",
                            "viewersCount": 28
                        }
                    },
                    {
                        "__typename": "DirectoryEdge",
                        "cursor": "NDIz",
                        "node": {
                            "__typename": "Game",
                            "activeDropCampaigns": [],
                            "avatarURL": "https://static-cdn.jtvnw.net/ttv-boxart/PC%20Building%20Simulator-285x380.jpg",
                            "directoryType": "GAME",
                            "displayName": "PC Building Simulator",
                            "id": "496259",
                            "name": "PC Building Simulator",
                            "viewersCount": 28
                        }
                    },
                    {
                        "__typename": "DirectoryEdge",
                        "cursor": "NDI0",
                        "node": {
                            "__typename": "Game",
                            "activeDropCampaigns": [],
                            "avatarURL": "https://static-cdn.jtvnw.net/ttv-boxart/Mass%20Effect-285x380.jpg",
                            "directoryType": "GAME",
                            "displayName": "Mass Effect",
                            "id": "15510",
                            "name": "Mass Effect",
                            "viewersCount": 28
                        }
                    },
                    {
                        "__typename": "DirectoryEdge",
                        "cursor": "NDI1",
                        "node": {
                            "__typename": "Game",
                            "activeDropCampaigns": [],
                            "avatarURL": "https://static-cdn.jtvnw.net/ttv-boxart/Donkey%20Kong%20Country%202:%20Diddy%27s%20Kong%20Quest-285x380.jpg",
                            "directoryType": "GAME",
                            "displayName": "Donkey Kong Country 2: Diddy's Kong Quest",
                            "id": "15483",
                            "name": "Donkey Kong Country 2: Diddy's Kong Quest",
                            "viewersCount": 28
                        }
                    },
                    {
                        "__typename": "DirectoryEdge",
                        "cursor": "NDI2",
                        "node": {
                            "__typename": "Game",
                            "activeDropCampaigns": [],
                            "avatarURL": "https://static-cdn.jtvnw.net/ttv-boxart/Faeria-285x380.jpg",
                            "directoryType": "GAME",
                            "displayName": "Faeria",
                            "id": "491638",
                            "name": "Faeria",
                            "viewersCount": 28
                        }
                    },
                    {
                        "__typename": "DirectoryEdge",
                        "cursor": "NDI3",
                        "node": {
                            "__typename": "Game",
                            "activeDropCampaigns": [],
                            "avatarURL": "https://static-cdn.jtvnw.net/ttv-boxart/The%20Legend%20of%20Heroes:%20Trails%20in%20the%20Sky%20the%203rd-285x380.jpg",
                            "directoryType": "GAME",
                            "displayName": "The Legend of Heroes: Trails in the Sky the 3rd",
                            "id": "31808",
                            "name": "The Legend of Heroes: Trails in the Sky the 3rd",
                            "viewersCount": 28
                        }
                    },
                    {
                        "__typename": "DirectoryEdge",
                        "cursor": "NDI4",
                        "node": {
                            "__typename": "Game",
                            "activeDropCampaigns": [],
                            "avatarURL": "https://static-cdn.jtvnw.net/ttv-boxart/Alliance%20of%20Valiant%20Arms-285x380.jpg",
                            "directoryType": "GAME",
                            "displayName": "Alliance of Valiant Arms",
                            "id": "26569",
                            "name": "Alliance of Valiant Arms",
                            "viewersCount": 27
                        }
                    },
                    {
                        "__typename": "DirectoryEdge",
                        "cursor": "NDI5",
                        "node": {
                            "__typename": "Game",
                            "activeDropCampaigns": [],
                            "avatarURL": "https://static-cdn.jtvnw.net/ttv-boxart/Warface-285x380.jpg",
                            "directoryType": "GAME",
                            "displayName": "Warface",
                            "id": "29918",
                            "name": "Warface",
                            "viewersCount": 27
                        }
                    },
                    {
                        "__typename": "DirectoryEdge",
                        "cursor": "NDMw",
                        "node": {
                            "__typename": "Game",
                            "activeDropCampaigns": [],
                            "avatarURL": "https://static-cdn.jtvnw.net/ttv-boxart/Farm%20Together-285x380.jpg",
                            "directoryType": "GAME",
                            "displayName": "Farm Together",
                            "id": "504126",
                            "name": "Farm Together",
                            "viewersCount": 27
                        }
                    },
                    {
                        "__typename": "DirectoryEdge",
                        "cursor": "NDMx",
                        "node": {
                            "__typename": "Game",
                            "activeDropCampaigns": [],
                            "avatarURL": "https://static-cdn.jtvnw.net/ttv-boxart/Detroit:%20Become%20Human-285x380.jpg",
                            "directoryType": "GAME",
                            "displayName": "Detroit: Become Human",
                            "id": "497480",
                            "name": "Detroit: Become Human",
                            "viewersCount": 27
                        }
                    },
                    {
                        "__typename": "DirectoryEdge",
                        "cursor": "NDMy",
                        "node": {
                            "__typename": "Game",
                            "activeDropCampaigns": [],
                            "avatarURL": "https://static-cdn.jtvnw.net/ttv-boxart/Spintires:%20MudRunner-285x380.jpg",
                            "directoryType": "GAME",
                            "displayName": "Spintires: MudRunner",
                            "id": "498821",
                            "name": "Spintires: MudRunner",
                            "viewersCount": 27
                        }
                    },
                    {
                        "__typename": "DirectoryEdge",
                        "cursor": "NDMz",
                        "node": {
                            "__typename": "Game",
                            "activeDropCampaigns": [],
                            "avatarURL": "https://static-cdn.jtvnw.net/ttv-boxart/Injustice%202-285x380.jpg",
                            "directoryType": "GAME",
                            "displayName": "Injustice 2",
                            "id": "494995",
                            "name": "Injustice 2",
                            "viewersCount": 27
                        }
                    },
                    {
                        "__typename": "DirectoryEdge",
                        "cursor": "NDM0",
                        "node": {
                            "__typename": "Game",
                            "activeDropCampaigns": [],
                            "avatarURL": "https://static-cdn.jtvnw.net/ttv-boxart/Dark%20Souls%20II-285x380.jpg",
                            "directoryType": "GAME",
                            "displayName": "Dark Souls II",
                            "id": "91423",
                            "name": "Dark Souls II",
                            "viewersCount": 27
                        }
                    },
                    {
                        "__typename": "DirectoryEdge",
                        "cursor": "NDM1",
                        "node": {
                            "__typename": "Game",
                            "activeDropCampaigns": [],
                            "avatarURL": "https://static-cdn.jtvnw.net/ttv-boxart/Dead%20Space-285x380.jpg",
                            "directoryType": "GAME",
                            "displayName": "Dead Space",
                            "id": "19009",
                            "name": "Dead Space",
                            "viewersCount": 26
                        }
                    },
                    {
                        "__typename": "DirectoryEdge",
                        "cursor": "NDM2",
                        "node": {
                            "__typename": "Game",
                            "activeDropCampaigns": [],
                            "avatarURL": "https://static-cdn.jtvnw.net/ttv-boxart/Age%20of%20Empires%20III:%20The%20Asian%20Dynasties-285x380.jpg",
                            "directoryType": "GAME",
                            "displayName": "Age of Empires III: The Asian Dynasties",
                            "id": "10819",
                            "name": "Age of Empires III: The Asian Dynasties",
                            "viewersCount": 26
                        }
                    }
                ],
                "pageInfo": {
                    "__typename": "PageInfo",
                    "hasNextPage": true
                }
            }
        },
        "extensions": {
            "durationMilliseconds": 47,
            "operationName": "BrowsePage_AllDirectories"
        }
    }
]