[
    {
        "data": {
            "directories": {
                "__typename": "DirectoryConnection",
                "edges": [
                    {
                        "__typename": "DirectoryEdge",
                        "cursor": "NDM2",
                        "node": {
                            "__typename": "Game",
                            "activeDropCampaigns": [],
                            "avatarURL": "https://static-cdn.jtvnw.net/ttv-boxart/Age%20of%20Empires%20III:%20The%20Asian%20Dynasties-285x380.jpg",
                            "directoryType": "GAME",
                            "displayName": "Age of Empires III: The Asian Dynasties",
                            "id": "10819",
                            "name": "Age of Empires III: The Asian Dynasties",
                            "viewersCount": 26
                        }
                    },
                    {
                        "__typename": "DirectoryEdge",
                        "cursor": "NDM3",
                        "node": {
                            "__typename": "Game",
                            "activeDropCampaigns": [],
                            "avatarURL": "https://static-cdn.jtvnw.net/ttv-boxart/Super%20Mario%20World-285x380.jpg",
                            "directoryType": "GAME",
                            "displayName": "Super Mario World",
                            "id": "1229",
                            "name": "Super Mario World",
                            "viewersCount": 26
                        }
                    },
                    {
                        "__typename": "DirectoryEdge",
                        "cursor": "NDM4",
                        "node": {
                            "__typename": "Game",
                            "activeDropCampaigns": [],
                            "avatarURL": "https://static-cdn.jtvnw.net/ttv-boxart/Uncharted:%20The%20Nathan%20Drake%20Collection-285x380.jpg",
                            "directoryType": "GAME",
                            "displayName": "Uncharted: The Nathan Drake Collection",
                            "id": "489791",
                            "name": "Uncharted: The Nathan Drake Collection",
                            "viewersCount": 26
                        }
                    },
                    {
                        "__typename": "DirectoryEdge",
                        "cursor": "NDM5",
                        "node": {
                            "__typename": "Game",
                            "activeDropCampaigns": [],
                            "avatarURL": "https://static-cdn.jtvnw.net/ttv-boxart/Resident%20Evil%203:%20Nemesis-285x380.jpg",
                            "directoryType": "GAME",
                            "displayName": "Resident Evil 3: Nemesis",
                            "id": "5126",
                            "name": "Resident Evil 3: Nemesis",
                            "viewersCount": 26
                        }
                    },
                    {
                        "__typename": "DirectoryEdge",
                        "cursor": "NDQw",
                        "node": {
                            "__typename": "Game",
                            "activeDropCampaigns": [],
                            "avatarURL": "https://static-cdn.jtvnw.net/ttv-boxart/Fishing%20Planet-285x380.jpg",
                            "directoryType": "GAME",
                            "displayName": "Fishing Planet",
                            "id": "491117",
                            "name": "Fishing Planet",
                            "viewersCount": 26
                        }
                    },
                    {
                        "__typename": "DirectoryEdge",
                        "cursor": "NDQx",
                        "node": {
                            "__typename": "Game",
                            "activeDropCampaigns": [],
                            "avatarURL": "https://static-cdn.jtvnw.net/ttv-boxart/Forza%20Motorsport%207-285x380.jpg",
                            "directoryType": "GAME",
                            "displayName": "Forza Motorsport 7",
                            "id": "497411",
                            "name": "Forza Motorsport 7",
                            "viewersCount": 26
                        }
                    },
                    {
                        "__typename": "DirectoryEdge",
                        "cursor": "NDQy",
                        "node": {
                            "__typename": "Game",
                            "activeDropCampaigns": [],
                            "avatarURL": "https://static-cdn.jtvnw.net/ttv-boxart/Cave%20Story-285x380.jpg",
                            "directoryType": "GAME",
                            "displayName": "Cave Story",
                            "id": "18401",
                            "name": "Cave Story",
                            "viewersCount": 25
                        }
                    },
                    {
                        "__typename": "DirectoryEdge",
                        "cursor": "NDQz",
                        "node": {
                            "__typename": "Game",
                            "activeDropCampaigns": [],
                            "avatarURL": "https://static-cdn.jtvnw.net/ttv-boxart/Call%20of%20Duty:%20Black%20Ops%20II-285x380.jpg",
                            "directoryType": "GAME",
                            "displayName": "Call of Duty: Black Ops II",
                            "id": "34134",
                            "name": "Call of Duty: Black Ops II",
                            "viewersCount": 25
                        }
                    },
                    {
                        "__typename": "DirectoryEdge",
                        "cursor": "NDQ0",
                        "node": {
                            "__typename": "Game",
                            "activeDropCampaigns": [],
                            "avatarURL": "https://static-cdn.jtvnw.net/ttv-boxart/My%20Summer%20Car-285x380.jpg",
                            "directoryType": "GAME",
                            "displayName": "My Summer Car",
                            "id": "493125",
                            "name": "My Summer Car",
                            "viewersCount": 25
                        }
                    },
                    {
                        "__typename": "DirectoryEdge",
                        "cursor": "NDQ1",
                        "node": {
                            "__typename": "Game",
                            "activeDropCampaigns": [],
                            "avatarURL": "https://static-cdn.jtvnw.net/ttv-boxart/Metal%20Gear%20Solid%202:%20Sons%20of%20Liberty-285x380.jpg",
                            "directoryType": "GAME",
                            "displayName": "Metal Gear Solid 2: Sons of Liberty",
                            "id": "11386",
                            "name": "Metal Gear Solid 2: Sons of Liberty",
                            "viewersCount": 25
                        }
                    },
                    {
                        "__typename": "DirectoryEdge",
                        "cursor": "NDQ2",
                        "node": {
                            "__typename": "Game",
                            "activeDropCampaigns": [],
                            "avatarURL": "https://static-cdn.jtvnw.net/ttv-boxart/Social%20Eating-285x380.jpg",
                            "directoryType": "GAME",
                            "displayName": "Social Eating",
                            "id": "492869",
                            "name": "Social Eating",
                            "viewersCount": 25
                        }
                    },
                    {
                        "__typename": "DirectoryEdge",
                        "cursor": "NDQ3",
                        "node": {
                            "__typename": "Game",
                            "activeDropCampaigns": [],
                            "avatarURL": "https://static-cdn.jtvnw.net/ttv-boxart/Yakuza%202-285x380.jpg",
                            "directoryType": "GAME",
                            "displayName": "Yakuza 2",
                            "id": "12065",
                            "name": "Yakuza 2",
                            "viewersCount": 25
                        }
                    },
                    {
                        "__typename": "DirectoryEdge",
                        "cursor": "NDQ4",
                        "node": {
                            "__typename": "Game",
                            "activeDropCampaigns": [],
                            "avatarURL": "https://static-cdn.jtvnw.net/ttv-boxart/Deep%20Rock%20Galactic-285x380.jpg",
                            "directoryType": "GAME",
                            "displayName": "Deep Rock Galactic",
                            "id": "494839",
                            "name": "Deep Rock Galactic",
                            "viewersCount": 25
                        }
                    },
                    {
                        "__typename": "DirectoryEdge",
                        "cursor": "NDQ5",
                        "node": {
                            "__typename": "Game",
                            "activeDropCampaigns": [],
                            "avatarURL": "https://static-cdn.jtvnw.net/ttv-boxart/Portal%202-285x380.jpg",
                            "directoryType": "GAME",
                            "displayName": "Portal 2",
                            "id": "19731",
                            "name": "Portal 2",
                            "viewersCount": 25
                        }
                    },
                    {
                        "__typename": "DirectoryEdge",
                        "cursor": "NDUw",
                        "node": {
                            "__typename": "Game",
                            "activeDropCampaigns": [],
                            "avatarURL": "https://static-cdn.jtvnw.net/ttv-boxart/Ori%20and%20the%20Blind%20Forest-285x380.jpg",
                            "directoryType": "GAME",
                            "displayName": "Ori and the Blind Forest",
                            "id": "460619",
                            "name": "Ori and the Blind Forest",
                            "viewersCount": 25
                        }
                    },
                    {
                        "__typename": "DirectoryEdge",
                        "cursor": "NDUx",
                        "node": {
                            "__typename": "Game",
                            "activeDropCampaigns": [],
                            "avatarURL": "https://static-cdn.jtvnw.net/ttv-boxart/Final%20Fantasy%20VIII-285x380.jpg",
                            "directoryType": "GAME",
                            "displayName": "Final Fantasy VIII",
                            "id": "11282",
                            "name": "Final Fantasy VIII",
                            "viewersCount": 25
                        }
                    },
                    {
                        "__typename": "DirectoryEdge",
                        "cursor": "NDUy",
                        "node": {
                            "__typename": "Game",
                            "activeDropCampaigns": [],
                            "avatarURL": "https://static-cdn.jtvnw.net/ttv-boxart/Stronghold%20Crusader-285x380.jpg",
                            "directoryType": "GAME",
                            "displayName": "Stronghold Crusader",
                            "id": "13122",
                            "name": "Stronghold Crusader",
                            "viewersCount": 24
                        }
                    },
                    {
                        "__typename": "DirectoryEdge",
                        "cursor": "NDUz",
                        "node": {
                            "__typename": "Game",
                            "activeDropCampaigns": [],
                            "avatarURL": "https://static-cdn.jtvnw.net/ttv-boxart/Final%20Fantasy%20XI%20Online-285x380.jpg",
                            "directoryType": "GAME",
                            "displayName": "Final Fantasy XI Online",
                            "id": "10229",
                            "name": "Final Fantasy XI Online",
                            "viewersCount": 24
                        }
                    },
                    {
                        "__typename": "DirectoryEdge",
                        "cursor": "NDU0",
                        "node": {
                            "__typename": "Game",
                            "activeDropCampaigns": [],
                            "avatarURL": "https://static-cdn.jtvnw.net/ttv-boxart/Plague%20Inc:%20Evolved-285x380.jpg",
                            "directoryType": "GAME",
                            "displayName": "Plague Inc: Evolved",
                            "id": "460644",
                            "name": "Plague Inc: Evolved",
                            "viewersCount": 24
                        }
                    },
                    {
                        "__typename": "DirectoryEdge",
                        "cursor": "NDU1",
                        "node": {
                            "__typename": "Game",
                            "activeDropCampaigns": [],
                            "avatarURL": "https://static-cdn.jtvnw.net/ttv-boxart/Fallout%203-285x380.jpg",
                            "directoryType": "GAME",
                            "displayName": "Fallout 3",
                            "id": "18763",
                            "name": "Fallout 3",
                            "viewersCount": 24
                        }
                    },
                    {
                        "__typename": "DirectoryEdge",
                        "cursor": "NDU2",
                        "node": {
                            "__typename": "Game",
                            "activeDropCampaigns": [],
                            "avatarURL": "https://static-cdn.jtvnw.net/ttv-boxart/Lovers%20in%20a%20Dangerous%20Spacetime-285x380.jpg",
                            "directoryType": "GAME",
                            "displayName": "Lovers in a Dangerous Spacetime",
                            "id": "104238",
                            "name": "Lovers in a Dangerous Spacetime",
                            "viewersCount": 24
                        }
                    },
                    {
                        "__typename": "DirectoryEdge",
                        "cursor": "NDU3",
                        "node": {
                            "__typename": "Game",
                            "activeDropCampaigns": [],
                            "avatarURL": "https://static-cdn.jtvnw.net/ttv-boxart/DOFUS%20Touch-285x380.jpg",
                            "directoryType": "GAME",
                            "displayName": "DOFUS Touch",
                            "id": "505045",
                            "name": "DOFUS Touch",
                            "viewersCount": 24
                        }
                    },
                    {
                        "__typename": "DirectoryEdge",
                        "cursor": "NDU4",
                        "node": {
                            "__typename": "Game",
                            "activeDropCampaigns": [],
                            "avatarURL": "https://static-cdn.jtvnw.net/ttv-boxart/MU%20Legend-285x380.jpg",
                            "directoryType": "GAME",
                            "displayName": "MU Legend",
                            "id": "494003",
                            "name": "MU Legend",
                            "viewersCount": 24
                        }
                    },
                    {
                        "__typename": "DirectoryEdge",
                        "cursor": "NDU5",
                        "node": {
                            "__typename": "Game",
                            "activeDropCampaigns": [],
                            "avatarURL": "https://static-cdn.jtvnw.net/ttv-boxart/Finding%20Paradise-285x380.jpg",
                            "directoryType": "GAME",
                            "displayName": "Finding Paradise",
                            "id": "494242",
                            "name": "Finding Paradise",
                            "viewersCount": 24
                        }
                    },
                    {
                        "__typename": "DirectoryEdge",
                        "cursor": "NDYw",
                        "node": {
                            "__typename": "Game",
                            "activeDropCampaigns": [],
                            "avatarURL": "https://static-cdn.jtvnw.net/ttv-boxart/Pok%C3%A9mon%20Snap-285x380.jpg",
                            "directoryType": "GAME",
                            "displayName": "Pok\u00e9mon Snap",
                            "id": "9192",
                            "name": "Pok\u00e9mon Snap",
                            "viewersCount": 24
                        }
                    },
                    {
                        "__typename": "DirectoryEdge",
                        "cursor": "NDYx",
                        "node": {
                            "__typename": "Game",
                            "activeDropCampaigns": [],
                            "avatarURL": "https://static-cdn.jtvnw.net/ttv-boxart/Depth-285x380.jpg",
                            "directoryType": "GAME",
                            "displayName": "Depth",
                            "id": "33385",
                            "name": "Depth",
                            "viewersCount": 23
                        }
                    },
                    {
                        "__typename": "DirectoryEdge",
                        "cursor": "NDYy",
                        "node": {
                            "__typename": "Game",
                            "activeDropCampaigns": [],
                            "avatarURL": "https://static-cdn.jtvnw.net/ttv-boxart/Bit%20Heroes-285x380.jpg",
                            "directoryType": "GAME",
                            "displayName": "Bit Heroes",
                            "id": "497005",
                            "name": "Bit Heroes",
                            "viewersCount": 23
                        }
                    },
                    {
                        "__typename": "DirectoryEdge",
                        "cursor": "NDYz",
                        "node": {
                            "__typename": "Game",
                            "activeDropCampaigns": [],
                            "avatarURL": "https://static-cdn.jtvnw.net/ttv-boxart/Final%20Fantasy%20VII-285x380.jpg",
                            "directoryType": "GAME",
                            "displayName": "Final Fantasy VII",
                            "id": "11988",
                            "name": "Final Fantasy VII",
                            "viewersCount": 23
                        }
                    },
                    {
                        "__typename": "DirectoryEdge",
                        "cursor": "NDY0",
                        "node": {
                            "__typename": "Game",
                            "activeDropCampaigns": [],
                            "avatarURL": "https://static-cdn.jtvnw.net/ttv-boxart/Pro%20Evolution%20Soccer%202018-285x380.jpg",
                            "directoryType": "GAME",
                            "displayName": "Pro Evolution Soccer 2018",
                            "id": "497315",
                            "name": "Pro Evolution Soccer 2018",
                            "viewersCount": 23
                        }
                    },
                    {
                        "__typename": "DirectoryEdge",
                        "cursor": "NDY1",
                        "node": {
                            "__typename": "Game",
                            "activeDropCampaigns": [],
                            "avatarURL": "https://static-cdn.jtvnw.net/ttv-boxart/Half-Life:%20Counter-Strike-285x380.jpg",
                            "directoryType": "GAME",
                            "displayName": "Half-Life: Counter-Strike",
                            "id": "10710",
                            "name": "Half-Life: Counter-Strike",
                            "viewersCount": 23
                        }
                    }
                ],
                "pageInfo": {
                    "__typename": "PageInfo",
                    "hasNextPage": true
                }
            }
        },
        "extensions": {
            "durationMilliseconds": 45,
            "operationName": "BrowsePage_AllDirectories"
        }
    }
]