[
    {
        "data": {
            "directories": {
                "__typename": "DirectoryConnection",
                "edges": [
                    {
                        "__typename": "DirectoryEdge",
                        "cursor": "NDY1",
                        "node": {
                            "__typename": "Game",
                            "activeDropCampaigns": [],
                            "avatarURL": "https://static-cdn.jtvnw.net/ttv-boxart/Half-Life:%20Counter-Strike-285x380.jpg",
                            "directoryType": "GAME",
                            "displayName": "Half-Life: Counter-Strike",
                            "id": "10710",
                            "name": "Half-Life: Counter-Strike",
                            "viewersCount": 23
                        }
                    },
                    {
                        "__typename": "DirectoryEdge",
                        "cursor": "NDY2",
                        "node": {
                            "__typename": "Game",
                            "activeDropCampaigns": [],
                            "avatarURL": "https://static-cdn.jtvnw.net/ttv-boxart/Yakuza%200-285x380.jpg",
                            "directoryType": "GAME",
                            "displayName": "Yakuza 0",
                            "id": "476269",
                            "name": "Yakuza 0",
                            "viewersCount": 22
                        }
                    },
                    {
                        "__typename": "DirectoryEdge",
                        "cursor": "NDY3",
                        "node": {
                            "__typename": "Game",
                            "activeDropCampaigns": [],
                            "avatarURL": "https://static-cdn.jtvnw.net/ttv-boxart/Phantasy%20Star%20Online%202-285x380.jpg",
                            "directoryType": "GAME",
                            "displayName": "Phantasy Star Online 2",
                            "id": "29440",
                            "name": "Phantasy Star Online 2",
                            "viewersCount": 22
                        }
                    },
                    {
                        "__typename": "DirectoryEdge",
                        "cursor": "NDY4",
                        "node": {
                            "__typename": "Game",
                            "activeDropCampaigns": [],
                            "avatarURL": "https://static-cdn.jtvnw.net/ttv-boxart/Yoshi%27s%20Woolly%20World-285x380.jpg",
                            "directoryType": "GAME",
                            "displayName": "Yoshi's Woolly World",
                            "id": "110755",
                            "name": "Yoshi's Woolly World",
                            "viewersCount": 22
                        }
                    },
                    {
                        "__typename": "DirectoryEdge",
                        "cursor": "NDY5",
                        "node": {
                            "__typename": "Game",
                            "activeDropCampaigns": [],
                            "avatarURL": "https://static-cdn.jtvnw.net/ttv-boxart/Starbound-285x380.jpg",
                            "directoryType": "GAME",
                            "displayName": "Starbound",
                            "id": "33945",
                            "name": "Starbound",
                            "viewersCount": 22
                        }
                    },
                    {
                        "__typename": "DirectoryEdge",
                        "cursor": "NDcw",
                        "node": {
                            "__typename": "Game",
                            "activeDropCampaigns": [],
                            "avatarURL": "https://static-cdn.jtvnw.net/ttv-boxart/Wargame:%20Red%20Dragon-285x380.jpg",
                            "directoryType": "GAME",
                            "displayName": "Wargame: Red Dragon",
                            "id": "417705",
                            "name": "Wargame: Red Dragon",
                            "viewersCount": 22
                        }
                    },
                    {
                        "__typename": "DirectoryEdge",
                        "cursor": "NDcx",
                        "node": {
                            "__typename": "Game",
                            "activeDropCampaigns": [],
                            "avatarURL": "https://static-cdn.jtvnw.net/ttv-boxart/DiRT%20Rally-285x380.jpg",
                            "directoryType": "GAME",
                            "displayName": "DiRT Rally",
                            "id": "489558",
                            "name": "DiRT Rally",
                            "viewersCount": 22
                        }
                    },
                    {
                        "__typename": "DirectoryEdge",
                        "cursor": "NDcy",
                        "node": {
                            "__typename": "Game",
                            "activeDropCampaigns": [],
                            "avatarURL": "https://static-cdn.jtvnw.net/ttv-boxart/Crash%20Bandicoot:%20N.%20Sane%20Trilogy-285x380.jpg",
                            "directoryType": "GAME",
                            "displayName": "Crash Bandicoot: N. Sane Trilogy",
                            "id": "494553",
                            "name": "Crash Bandicoot: N. Sane Trilogy",
                            "viewersCount": 22
                        }
                    },
                    {
                        "__typename": "DirectoryEdge",
                        "cursor": "NDcz",
                        "node": {
                            "__typename": "Game",
                            "activeDropCampaigns": [],
                            "avatarURL": "https://static-cdn.jtvnw.net/ttv-boxart/Crusader%20Kings%20II-285x380.jpg",
                            "directoryType": "GAME",
                            "displayName": "Crusader Kings II",
                            "id": "29364",
                            "name": "Crusader Kings II",
                            "viewersCount": 22
                        }
                    },
                    {
                        "__typename": "DirectoryEdge",
                        "cursor": "NDc0",
                        "node": {
                            "__typename": "Game",
                            "activeDropCampaigns": [],
                            "avatarURL": "https://static-cdn.jtvnw.net/ttv-boxart/One%20Hour%20One%20Life-285x380.jpg",
                            "directoryType": "GAME",
                            "displayName": "One Hour One Life",
                            "id": "495082",
                            "name": "One Hour One Life",
                            "viewersCount": 22
                        }
                    },
                    {
                        "__typename": "DirectoryEdge",
                        "cursor": "NDc1",
                        "node": {
                            "__typename": "Game",
                            "activeDropCampaigns": [],
                            "avatarURL": "https://static-cdn.jtvnw.net/ttv-boxart/Metal%20Gear%20Survive-285x380.jpg",
                            "directoryType": "GAME",
                            "displayName": "Metal Gear Survive",
                            "id": "498026",
                            "name": "Metal Gear Survive",
                            "viewersCount": 22
                        }
                    },
                    {
                        "__typename": "DirectoryEdge",
                        "cursor": "NDc2",
                        "node": {
                            "__typename": "Game",
                            "activeDropCampaigns": [],
                            "avatarURL": "https://static-cdn.jtvnw.net/ttv-boxart/Wolfenstein%20II:%20The%20New%20Colossus-285x380.jpg",
                            "directoryType": "GAME",
                            "displayName": "Wolfenstein II: The New Colossus",
                            "id": "497439",
                            "name": "Wolfenstein II: The New Colossus",
                            "viewersCount": 21
                        }
                    },
                    {
                        "__typename": "DirectoryEdge",
                        "cursor": "NDc3",
                        "node": {
                            "__typename": "Game",
                            "activeDropCampaigns": [],
                            "avatarURL": "https://static-cdn.jtvnw.net/ttv-boxart/DanMachi:%20Memoria%20Freese-285x380.jpg",
                            "directoryType": "GAME",
                            "displayName": "DanMachi: Memoria Freese",
                            "id": "499848",
                            "name": "DanMachi: Memoria Freese",
                            "viewersCount": 21
                        }
                    },
                    {
                        "__typename": "DirectoryEdge",
                        "cursor": "NDc4",
                        "node": {
                            "__typename": "Game",
                            "activeDropCampaigns": [],
                            "avatarURL": "https://static-cdn.jtvnw.net/ttv-boxart/Romance%20of%20the%20Three%20Kingdoms%20VIII-285x380.jpg",
                            "directoryType": "GAME",
                            "displayName": "Romance of the Three Kingdoms VIII",
                            "id": "48",
                            "name": "Romance of the Three Kingdoms VIII",
                            "viewersCount": 21
                        }
                    },
                    {
                        "__typename": "DirectoryEdge",
                        "cursor": "NDc5",
                        "node": {
                            "__typename": "Game",
                            "activeDropCampaigns": [],
                            "avatarURL": "https://static-cdn.jtvnw.net/ttv-boxart/One%20Piece%20Treasure%20Cruise-285x380.jpg",
                            "directoryType": "GAME",
                            "displayName": "One Piece Treasure Cruise",
                            "id": "489169",
                            "name": "One Piece Treasure Cruise",
                            "viewersCount": 21
                        }
                    },
                    {
                        "__typename": "DirectoryEdge",
                        "cursor": "NDgw",
                        "node": {
                            "__typename": "Game",
                            "activeDropCampaigns": [],
                            "avatarURL": "https://static-cdn.jtvnw.net/ttv-boxart/Cards%20Against%20Humanity-285x380.jpg",
                            "directoryType": "GAME",
                            "displayName": "Cards Against Humanity",
                            "id": "417162",
                            "name": "Cards Against Humanity",
                            "viewersCount": 21
                        }
                    },
                    {
                        "__typename": "DirectoryEdge",
                        "cursor": "NDgx",
                        "node": {
                            "__typename": "Game",
                            "activeDropCampaigns": [],
                            "avatarURL": "https://static-cdn.jtvnw.net/ttv-boxart/Mario%20Kart%20Wii-285x380.jpg",
                            "directoryType": "GAME",
                            "displayName": "Mario Kart Wii",
                            "id": "18871",
                            "name": "Mario Kart Wii",
                            "viewersCount": 21
                        }
                    },
                    {
                        "__typename": "DirectoryEdge",
                        "cursor": "NDgy",
                        "node": {
                            "__typename": "Game",
                            "activeDropCampaigns": [],
                            "avatarURL": "https://static-cdn.jtvnw.net/ttv-boxart/Lineage%202:%20Revolution-285x380.jpg",
                            "directoryType": "GAME",
                            "displayName": "Lineage 2: Revolution",
                            "id": "494929",
                            "name": "Lineage 2: Revolution",
                            "viewersCount": 21
                        }
                    },
                    {
                        "__typename": "DirectoryEdge",
                        "cursor": "NDgz",
                        "node": {
                            "__typename": "Game",
                            "activeDropCampaigns": [],
                            "avatarURL": "https://static-cdn.jtvnw.net/ttv-boxart/Planet%20Coaster-285x380.jpg",
                            "directoryType": "GAME",
                            "displayName": "Planet Coaster",
                            "id": "490384",
                            "name": "Planet Coaster",
                            "viewersCount": 21
                        }
                    },
                    {
                        "__typename": "DirectoryEdge",
                        "cursor": "NDg0",
                        "node": {
                            "__typename": "Game",
                            "activeDropCampaigns": [],
                            "avatarURL": "https://static-cdn.jtvnw.net/ttv-boxart/Life%20is%20Feudal:%20Your%20Own-285x380.jpg",
                            "directoryType": "GAME",
                            "displayName": "Life is Feudal: Your Own",
                            "id": "488189",
                            "name": "Life is Feudal: Your Own",
                            "viewersCount": 20
                        }
                    },
                    {
                        "__typename": "DirectoryEdge",
                        "cursor": "NDg1",
                        "node": {
                            "__typename": "Game",
                            "activeDropCampaigns": [],
                            "avatarURL": "https://static-cdn.jtvnw.net/ttv-boxart/Shin%20Megami%20Tensei:%20Persona%203%20FES-285x380.jpg",
                            "directoryType": "GAME",
                            "displayName": "Shin Megami Tensei: Persona 3 FES",
                            "id": "18908",
                            "name": "Shin Megami Tensei: Persona 3 FES",
                            "viewersCount": 20
                        }
                    },
                    {
                        "__typename": "DirectoryEdge",
                        "cursor": "NDg2",
                        "node": {
                            "__typename": "Game",
                            "activeDropCampaigns": [],
                            "avatarURL": "https://static-cdn.jtvnw.net/ttv-boxart/Gran%20Turismo%20Sport-285x380.jpg",
                            "directoryType": "GAME",
                            "displayName": "Gran Turismo Sport",
                            "id": "458650",
                            "name": "Gran Turismo Sport",
                            "viewersCount": 20
                        }
                    },
                    {
                        "__typename": "DirectoryEdge",
                        "cursor": "NDg3",
                        "node": {
                            "__typename": "Game",
                            "activeDropCampaigns": [],
                            "avatarURL": "https://static-cdn.jtvnw.net/ttv-boxart/S.T.A.L.K.E.R.:%20Call%20of%20Pripyat-285x380.jpg",
                            "directoryType": "GAME",
                            "displayName": "S.T.A.L.K.E.R.: Call of Pripyat",
                            "id": "23609",
                            "name": "S.T.A.L.K.E.R.: Call of Pripyat",
                            "viewersCount": 20
                        }
                    },
                    {
                        "__typename": "DirectoryEdge",
                        "cursor": "NDg4",
                        "node": {
                            "__typename": "Game",
                            "activeDropCampaigns": [],
                            "avatarURL": "https://static-cdn.jtvnw.net/ttv-boxart/EA%20Sports%20UFC%203-285x380.jpg",
                            "directoryType": "GAME",
                            "displayName": "EA Sports UFC 3",
                            "id": "500727",
                            "name": "EA Sports UFC 3",
                            "viewersCount": 20
                        }
                    },
                    {
                        "__typename": "DirectoryEdge",
                        "cursor": "NDg5",
                        "node": {
                            "__typename": "Game",
                            "activeDropCampaigns": [],
                            "avatarURL": "https://static-cdn.jtvnw.net/ttv-boxart/Dragon%20Quest%20XI-285x380.jpg",
                            "directoryType": "GAME",
                            "displayName": "Dragon Quest XI",
                            "id": "488153",
                            "name": "Dragon Quest XI",
                            "viewersCount": 20
                        }
                    },
                    {
                        "__typename": "DirectoryEdge",
                        "cursor": "NDkw",
                        "node": {
                            "__typename": "Game",
                            "activeDropCampaigns": [],
                            "avatarURL": "https://static-cdn.jtvnw.net/ttv-boxart/Miscreated-285x380.jpg",
                            "directoryType": "GAME",
                            "displayName": "Miscreated",
                            "id": "383341",
                            "name": "Miscreated",
                            "viewersCount": 20
                        }
                    },
                    {
                        "__typename": "DirectoryEdge",
                        "cursor": "NDkx",
                        "node": {
                            "__typename": "Game",
                            "activeDropCampaigns": [],
                            "avatarURL": "https://static-cdn.jtvnw.net/ttv-boxart/Metal%20Max%20Xeno-285x380.jpg",
                            "directoryType": "GAME",
                            "displayName": "Metal Max Xeno",
                            "id": "499794",
                            "name": "Metal Max Xeno",
                            "viewersCount": 20
                        }
                    },
                    {
                        "__typename": "DirectoryEdge",
                        "cursor": "NDky",
                        "node": {
                            "__typename": "Game",
                            "activeDropCampaigns": [],
                            "avatarURL": "https://static-cdn.jtvnw.net/ttv-boxart/Watch%20Dogs%202-285x380.jpg",
                            "directoryType": "GAME",
                            "displayName": "Watch Dogs 2",
                            "id": "492930",
                            "name": "Watch Dogs 2",
                            "viewersCount": 19
                        }
                    },
                    {
                        "__typename": "DirectoryEdge",
                        "cursor": "NDkz",
                        "node": {
                            "__typename": "Game",
                            "activeDropCampaigns": [],
                            "avatarURL": "https://static-cdn.jtvnw.net/ttv-boxart/Don%27t%20Starve-285x380.jpg",
                            "directoryType": "GAME",
                            "displayName": "Don't Starve",
                            "id": "67763",
                            "name": "Don't Starve",
                            "viewersCount": 19
                        }
                    },
                    {
                        "__typename": "DirectoryEdge",
                        "cursor": "NDk0",
                        "node": {
                            "__typename": "Game",
                            "activeDropCampaigns": [],
                            "avatarURL": "https://static-cdn.jtvnw.net/ttv-boxart/Rock%20Band%204-285x380.jpg",
                            "directoryType": "GAME",
                            "displayName": "Rock Band 4",
                            "id": "489136",
                            "name": "Rock Band 4",
                            "viewersCount": 19
                        }
                    }
                ],
                "pageInfo": {
                    "__typename": "PageInfo",
                    "hasNextPage": true
                }
            }
        },
        "extensions": {
            "durationMilliseconds": 43,
            "operationName": "BrowsePage_AllDirectories"
        }
    }
]