[
    {
        "data": {
            "directories": {
                "__typename": "DirectoryConnection",
                "edges": [
                    {
                        "__typename": "DirectoryEdge",
                        "cursor": "NDk0",
                        "node": {
                            "__typename": "Game",
                            "activeDropCampaigns": [],
                            "avatarURL": "https://static-cdn.jtvnw.net/ttv-boxart/Rock%20Band%204-285x380.jpg",
                            "directoryType": "GAME",
                            "displayName": "Rock Band 4",
                            "id": "489136",
                            "name": "Rock Band 4",
                            "viewersCount": 19
                        }
                    },
                    {
                        "__typename": "DirectoryEdge",
                        "cursor": "NDk1",
                        "node": {
                            "__typename": "Game",
                            "activeDropCampaigns": [],
                            "avatarURL": "https://static-cdn.jtvnw.net/ttv-boxart/Half-Life:%20Opposing%20Force-285x380.jpg",
                            "directoryType": "GAME",
                            "displayName": "Half-Life: Opposing Force",
                            "id": "15141",
                            "name": "Half-Life: Opposing Force",
                            "viewersCount": 19
                        }
                    },
                    {
                        "__typename": "DirectoryEdge",
                        "cursor": "NDk2",
                        "node": {
                            "__typename": "Game",
                            "activeDropCampaigns": [],
                            "avatarURL": "https://static-cdn.jtvnw.net/ttv-boxart/Mass%20Effect:%20Andromeda-285x380.jpg",
                            "directoryType": "GAME",
                            "displayName": "Mass Effect: Andromeda",
                            "id": "460695",
                            "name": "Mass Effect: Andromeda",
                            "viewersCount": 19
                        }
                    },
                    {
                        "__typename": "DirectoryEdge",
                        "cursor": "NDk3",
                        "node": {
                            "__typename": "Game",
                            "activeDropCampaigns": [],
                            "avatarURL": "https://static-cdn.jtvnw.net/ttv-boxart/Nintendo%20Labo%20Variety%20Kit-285x380.jpg",
                            "directoryType": "GAME",
                            "displayName": "Nintendo Labo Variety Kit",
                            "id": "502913",
                            "name": "Nintendo Labo Variety Kit",
                            "viewersCount": 19
                        }
                    },
                    {
                        "__typename": "DirectoryEdge",
                        "cursor": "NDk4",
                        "node": {
                            "__typename": "Game",
                            "activeDropCampaigns": [],
                            "avatarURL": "https://static-cdn.jtvnw.net/ttv-boxart/ShellShock%20Live-285x380.jpg",
                            "directoryType": "GAME",
                            "displayName": "ShellShock Live",
                            "id": "489253",
                            "name": "ShellShock Live",
                            "viewersCount": 19
                        }
                    },
                    {
                        "__typename": "DirectoryEdge",
                        "cursor": "NDk5",
                        "node": {
                            "__typename": "Game",
                            "activeDropCampaigns": [],
                            "avatarURL": "https://static-cdn.jtvnw.net/ttv-boxart/Pok%C3%A9mon%20Gold/Silver-285x380.jpg",
                            "directoryType": "GAME",
                            "displayName": "Pok\u00e9mon Gold/Silver",
                            "id": "7528",
                            "name": "Pok\u00e9mon Gold/Silver",
                            "viewersCount": 19
                        }
                    },
                    {
                        "__typename": "DirectoryEdge",
                        "cursor": "NTAw",
                        "node": {
                            "__typename": "Game",
                            "activeDropCampaigns": [],
                            "avatarURL": "https://static-cdn.jtvnw.net/ttv-boxart/NBA%202K17-285x380.jpg",
                            "directoryType": "GAME",
                            "displayName": "NBA 2K17",
                            "id": "493112",
                            "name": "NBA 2K17",
                            "viewersCount": 18
                        }
                    },
                    {
                        "__typename": "DirectoryEdge",
                        "cursor": "NTAx",
                        "node": {
                            "__typename": "Game",
                            "activeDropCampaigns": [],
                            "avatarURL": "https://static-cdn.jtvnw.net/ttv-boxart/Fire%20Emblem%20Mobile-285x380.jpg",
                            "directoryType": "GAME",
                            "displayName": "Fire Emblem Mobile",
                            "id": "492354",
                            "name": "Fire Emblem Mobile",
                            "viewersCount": 18
                        }
                    },
                    {
                        "__typename": "DirectoryEdge",
                        "cursor": "NTAy",
                        "node": {
                            "__typename": "Game",
                            "activeDropCampaigns": [],
                            "avatarURL": "https://static-cdn.jtvnw.net/ttv-boxart/Dissidia%20Final%20Fantasy%20NT-285x380.jpg",
                            "directoryType": "GAME",
                            "displayName": "Dissidia Final Fantasy NT",
                            "id": "503562",
                            "name": "Dissidia Final Fantasy NT",
                            "viewersCount": 18
                        }
                    },
                    {
                        "__typename": "DirectoryEdge",
                        "cursor": "NTAz",
                        "node": {
                            "__typename": "Game",
                            "activeDropCampaigns": [],
                            "avatarURL": "https://static-cdn.jtvnw.net/ttv-boxart/Just%20Survive-285x380.jpg",
                            "directoryType": "GAME",
                            "displayName": "Just Survive",
                            "id": "491480",
                            "name": "Just Survive",
                            "viewersCount": 18
                        }
                    },
                    {
                        "__typename": "DirectoryEdge",
                        "cursor": "NTA0",
                        "node": {
                            "__typename": "Game",
                            "activeDropCampaigns": [],
                            "avatarURL": "https://static-cdn.jtvnw.net/ttv-boxart/Donkey%20Kong%20Country%203:%20Dixie%20Kong%27s%20Double%20Trouble%21-285x380.jpg",
                            "directoryType": "GAME",
                            "displayName": "Donkey Kong Country 3: Dixie Kong's Double Trouble!",
                            "id": "4162",
                            "name": "Donkey Kong Country 3: Dixie Kong's Double Trouble!",
                            "viewersCount": 18
                        }
                    },
                    {
                        "__typename": "DirectoryEdge",
                        "cursor": "NTA1",
                        "node": {
                            "__typename": "Game",
                            "activeDropCampaigns": [],
                            "avatarURL": "https://static-cdn.jtvnw.net/ttv-boxart/The%20Surge-285x380.jpg",
                            "directoryType": "GAME",
                            "displayName": "The Surge",
                            "id": "496233",
                            "name": "The Surge",
                            "viewersCount": 18
                        }
                    },
                    {
                        "__typename": "DirectoryEdge",
                        "cursor": "NTA2",
                        "node": {
                            "__typename": "Game",
                            "activeDropCampaigns": [],
                            "avatarURL": "https://static-cdn.jtvnw.net/ttv-boxart/Closers%20Online-285x380.jpg",
                            "directoryType": "GAME",
                            "displayName": "Closers Online",
                            "id": "320813",
                            "name": "Closers Online",
                            "viewersCount": 18
                        }
                    },
                    {
                        "__typename": "DirectoryEdge",
                        "cursor": "NTA3",
                        "node": {
                            "__typename": "Game",
                            "activeDropCampaigns": [],
                            "avatarURL": "https://static-cdn.jtvnw.net/ttv-boxart/Transport%20Fever-285x380.jpg",
                            "directoryType": "GAME",
                            "displayName": "Transport Fever",
                            "id": "493450",
                            "name": "Transport Fever",
                            "viewersCount": 18
                        }
                    },
                    {
                        "__typename": "DirectoryEdge",
                        "cursor": "NTA4",
                        "node": {
                            "__typename": "Game",
                            "activeDropCampaigns": [],
                            "avatarURL": "https://static-cdn.jtvnw.net/ttv-boxart/Mafia%20II-285x380.jpg",
                            "directoryType": "GAME",
                            "displayName": "Mafia II",
                            "id": "18775",
                            "name": "Mafia II",
                            "viewersCount": 18
                        }
                    },
                    {
                        "__typename": "DirectoryEdge",
                        "cursor": "NTA5",
                        "node": {
                            "__typename": "Game",
                            "activeDropCampaigns": [],
                            "avatarURL": "https://static-cdn.jtvnw.net/ttv-boxart/Airport%20CEO-285x380.jpg",
                            "directoryType": "GAME",
                            "displayName": "Airport CEO",
                            "id": "499302",
                            "name": "Airport CEO",
                            "viewersCount": 18
                        }
                    },
                    {
                        "__typename": "DirectoryEdge",
                        "cursor": "NTEw",
                        "node": {
                            "__typename": "Game",
                            "activeDropCampaigns": [],
                            "avatarURL": "https://static-cdn.jtvnw.net/ttv-boxart/Heavy%20Rain-285x380.jpg",
                            "directoryType": "GAME",
                            "displayName": "Heavy Rain",
                            "id": "19423",
                            "name": "Heavy Rain",
                            "viewersCount": 18
                        }
                    },
                    {
                        "__typename": "DirectoryEdge",
                        "cursor": "NTEx",
                        "node": {
                            "__typename": "Game",
                            "activeDropCampaigns": [],
                            "avatarURL": "https://static-cdn.jtvnw.net/ttv-boxart/Final%20Fantasy%20X/X-2%20HD%20Remaster-285x380.jpg",
                            "directoryType": "GAME",
                            "displayName": "Final Fantasy X/X-2 HD Remaster",
                            "id": "138567",
                            "name": "Final Fantasy X/X-2 HD Remaster",
                            "viewersCount": 18
                        }
                    },
                    {
                        "__typename": "DirectoryEdge",
                        "cursor": "NTEy",
                        "node": {
                            "__typename": "Game",
                            "activeDropCampaigns": [],
                            "avatarURL": "https://static-cdn.jtvnw.net/ttv-boxart/WWE%202K18-285x380.jpg",
                            "directoryType": "GAME",
                            "displayName": "WWE 2K18",
                            "id": "497545",
                            "name": "WWE 2K18",
                            "viewersCount": 17
                        }
                    },
                    {
                        "__typename": "DirectoryEdge",
                        "cursor": "NTEz",
                        "node": {
                            "__typename": "Game",
                            "activeDropCampaigns": [],
                            "avatarURL": "https://static-cdn.jtvnw.net/ttv-boxart/The%20Elder%20Scrolls%20III:%20Morrowind-285x380.jpg",
                            "directoryType": "GAME",
                            "displayName": "The Elder Scrolls III: Morrowind",
                            "id": "15943",
                            "name": "The Elder Scrolls III: Morrowind",
                            "viewersCount": 17
                        }
                    },
                    {
                        "__typename": "DirectoryEdge",
                        "cursor": "NTE0",
                        "node": {
                            "__typename": "Game",
                            "activeDropCampaigns": [],
                            "avatarURL": "https://static-cdn.jtvnw.net/ttv-boxart/Warhammer%20Online:%20Age%20of%20Reckoning-285x380.jpg",
                            "directoryType": "GAME",
                            "displayName": "Warhammer Online: Age of Reckoning",
                            "id": "18888",
                            "name": "Warhammer Online: Age of Reckoning",
                            "viewersCount": 17
                        }
                    },
                    {
                        "__typename": "DirectoryEdge",
                        "cursor": "NTE1",
                        "node": {
                            "__typename": "Game",
                            "activeDropCampaigns": [],
                            "avatarURL": "https://static-cdn.jtvnw.net/ttv-boxart/Tales%20of%20Xillia-285x380.jpg",
                            "directoryType": "GAME",
                            "displayName": "Tales of Xillia",
                            "id": "29053",
                            "name": "Tales of Xillia",
                            "viewersCount": 17
                        }
                    },
                    {
                        "__typename": "DirectoryEdge",
                        "cursor": "NTE2",
                        "node": {
                            "__typename": "Game",
                            "activeDropCampaigns": [],
                            "avatarURL": "https://static-cdn.jtvnw.net/ttv-boxart/Darksiders%20II-285x380.jpg",
                            "directoryType": "GAME",
                            "displayName": "Darksiders II",
                            "id": "26986",
                            "name": "Darksiders II",
                            "viewersCount": 17
                        }
                    },
                    {
                        "__typename": "DirectoryEdge",
                        "cursor": "NTE3",
                        "node": {
                            "__typename": "Game",
                            "activeDropCampaigns": [],
                            "avatarURL": "https://static-cdn.jtvnw.net/ttv-boxart/Fractured%20Space-285x380.jpg",
                            "directoryType": "GAME",
                            "displayName": "Fractured Space",
                            "id": "488527",
                            "name": "Fractured Space",
                            "viewersCount": 17
                        }
                    },
                    {
                        "__typename": "DirectoryEdge",
                        "cursor": "NTE4",
                        "node": {
                            "__typename": "Game",
                            "activeDropCampaigns": [],
                            "avatarURL": "https://static-cdn.jtvnw.net/ttv-boxart/Sonic%20Adventure%202:%20Battle-285x380.jpg",
                            "directoryType": "GAME",
                            "displayName": "Sonic Adventure 2: Battle",
                            "id": "6263",
                            "name": "Sonic Adventure 2: Battle",
                            "viewersCount": 17
                        }
                    },
                    {
                        "__typename": "DirectoryEdge",
                        "cursor": "NTE5",
                        "node": {
                            "__typename": "Game",
                            "activeDropCampaigns": [],
                            "avatarURL": "https://static-cdn.jtvnw.net/ttv-boxart/Fallout%20Shelter-285x380.jpg",
                            "directoryType": "GAME",
                            "displayName": "Fallout Shelter",
                            "id": "490345",
                            "name": "Fallout Shelter",
                            "viewersCount": 17
                        }
                    },
                    {
                        "__typename": "DirectoryEdge",
                        "cursor": "NTIw",
                        "node": {
                            "__typename": "Game",
                            "activeDropCampaigns": [],
                            "avatarURL": "https://static-cdn.jtvnw.net/ttv-boxart/Utawarerumono-285x380.jpg",
                            "directoryType": "GAME",
                            "displayName": "Utawarerumono",
                            "id": "21459",
                            "name": "Utawarerumono",
                            "viewersCount": 17
                        }
                    },
                    {
                        "__typename": "DirectoryEdge",
                        "cursor": "NTIx",
                        "node": {
                            "__typename": "Game",
                            "activeDropCampaigns": [],
                            "avatarURL": "https://static-cdn.jtvnw.net/ttv-boxart/Shin%20Megami%20Tensei:%20Persona%203%20Portable-285x380.jpg",
                            "directoryType": "GAME",
                            "displayName": "Shin Megami Tensei: Persona 3 Portable",
                            "id": "25130",
                            "name": "Shin Megami Tensei: Persona 3 Portable",
                            "viewersCount": 17
                        }
                    },
                    {
                        "__typename": "DirectoryEdge",
                        "cursor": "NTIy",
                        "node": {
                            "__typename": "Game",
                            "activeDropCampaigns": [],
                            "avatarURL": "https://static-cdn.jtvnw.net/ttv-boxart/Gundam%20Online%20Wars-285x380.jpg",
                            "directoryType": "GAME",
                            "displayName": "Gundam Online Wars",
                            "id": "34225",
                            "name": "Gundam Online Wars",
                            "viewersCount": 17
                        }
                    },
                    {
                        "__typename": "DirectoryEdge",
                        "cursor": "NTIz",
                        "node": {
                            "__typename": "Game",
                            "activeDropCampaigns": [],
                            "avatarURL": "https://static-cdn.jtvnw.net/ttv-boxart/Terranigma-285x380.jpg",
                            "directoryType": "GAME",
                            "displayName": "Terranigma",
                            "id": "12694",
                            "name": "Terranigma",
                            "viewersCount": 17
                        }
                    }
                ],
                "pageInfo": {
                    "__typename": "PageInfo",
                    "hasNextPage": true
                }
            }
        },
        "extensions": {
            "durationMilliseconds": 57,
            "operationName": "BrowsePage_AllDirectories"
        }
    }
]