[
    {
        "data": {
            "directories": {
                "__typename": "DirectoryConnection",
                "edges": [
                    {
                        "__typename": "DirectoryEdge",
                        "cursor": "NTIz",
                        "node": {
                            "__typename": "Game",
                            "activeDropCampaigns": [],
                            "avatarURL": "https://static-cdn.jtvnw.net/ttv-boxart/Terranigma-285x380.jpg",
                            "directoryType": "GAME",
                            "displayName": "Terranigma",
                            "id": "12694",
                            "name": "Terranigma",
                            "viewersCount": 17
                        }
                    },
                    {
                        "__typename": "DirectoryEdge",
                        "cursor": "NTI0",
                        "node": {
                            "__typename": "Game",
                            "activeDropCampaigns": [],
                            "avatarURL": "https://static-cdn.jtvnw.net/ttv-boxart/Mass%20Effect%202-285x380.jpg",
                            "directoryType": "GAME",
                            "displayName": "Mass Effect 2",
                            "id": "19676",
                            "name": "Mass Effect 2",
                            "viewersCount": 17
                        }
                    },
                    {
                        "__typename": "DirectoryEdge",
                        "cursor": "NTI1",
                        "node": {
                            "__typename": "Game",
                            "activeDropCampaigns": [],
                            "avatarURL": "https://static-cdn.jtvnw.net/ttv-boxart/Banjo-Kazooie-285x380.jpg",
                            "directoryType": "GAME",
                            "displayName": "Banjo-Kazooie",
                            "id": "10033",
                            "name": "Banjo-Kazooie",
                            "viewersCount": 17
                        }
                    },
                    {
                        "__typename": "DirectoryEdge",
                        "cursor": "NTI2",
                        "node": {
                            "__typename": "Game",
                            "activeDropCampaigns": [],
                            "avatarURL": "https://static-cdn.jtvnw.net/ttv-boxart/Wings%20of%20Vi-285x380.jpg",
                            "directoryType": "GAME",
                            "displayName": "Wings of Vi",
                            "id": "98839",
                            "name": "Wings of Vi",
                            "viewersCount": 16
                        }
                    },
                    {
                        "__typename": "DirectoryEdge",
                        "cursor": "NTI3",
                        "node": {
                            "__typename": "Game",
                            "activeDropCampaigns": [],
                            "avatarURL": "https://static-cdn.jtvnw.net/ttv-boxart/Dead%20or%20Alive%205%20Last%20Round-285x380.jpg",
                            "directoryType": "GAME",
                            "displayName": "Dead or Alive 5 Last Round",
                            "id": "476449",
                            "name": "Dead or Alive 5 Last Round",
                            "viewersCount": 16
                        }
                    },
                    {
                        "__typename": "DirectoryEdge",
                        "cursor": "NTI4",
                        "node": {
                            "__typename": "Game",
                            "activeDropCampaigns": [],
                            "avatarURL": "https://static-cdn.jtvnw.net/ttv-boxart/Assetto%20Corsa-285x380.jpg",
                            "directoryType": "GAME",
                            "displayName": "Assetto Corsa",
                            "id": "313197",
                            "name": "Assetto Corsa",
                            "viewersCount": 16
                        }
                    },
                    {
                        "__typename": "DirectoryEdge",
                        "cursor": "NTI5",
                        "node": {
                            "__typename": "Game",
                            "activeDropCampaigns": [],
                            "avatarURL": "https://static-cdn.jtvnw.net/ttv-boxart/F.E.A.R.:%20First%20Encounter%20Assault%20Recon-285x380.jpg",
                            "directoryType": "GAME",
                            "displayName": "F.E.A.R.: First Encounter Assault Recon",
                            "id": "4392",
                            "name": "F.E.A.R.: First Encounter Assault Recon",
                            "viewersCount": 16
                        }
                    },
                    {
                        "__typename": "DirectoryEdge",
                        "cursor": "NTMw",
                        "node": {
                            "__typename": "Game",
                            "activeDropCampaigns": [],
                            "avatarURL": "https://static-cdn.jtvnw.net/ttv-boxart/Dragon%20Age:%20Inquisition-285x380.jpg",
                            "directoryType": "GAME",
                            "displayName": "Dragon Age: Inquisition",
                            "id": "31761",
                            "name": "Dragon Age: Inquisition",
                            "viewersCount": 16
                        }
                    },
                    {
                        "__typename": "DirectoryEdge",
                        "cursor": "NTMx",
                        "node": {
                            "__typename": "Game",
                            "activeDropCampaigns": [],
                            "avatarURL": "https://static-cdn.jtvnw.net/ttv-boxart/Fran%20Bow-285x380.jpg",
                            "directoryType": "GAME",
                            "displayName": "Fran Bow",
                            "id": "490105",
                            "name": "Fran Bow",
                            "viewersCount": 16
                        }
                    },
                    {
                        "__typename": "DirectoryEdge",
                        "cursor": "NTMy",
                        "node": {
                            "__typename": "Game",
                            "activeDropCampaigns": [],
                            "avatarURL": "https://static-cdn.jtvnw.net/ttv-boxart/Yakuza%20Kiwami%202-285x380.jpg",
                            "directoryType": "GAME",
                            "displayName": "Yakuza Kiwami 2",
                            "id": "498510",
                            "name": "Yakuza Kiwami 2",
                            "viewersCount": 16
                        }
                    },
                    {
                        "__typename": "DirectoryEdge",
                        "cursor": "NTMz",
                        "node": {
                            "__typename": "Game",
                            "activeDropCampaigns": [],
                            "avatarURL": "https://static-cdn.jtvnw.net/ttv-boxart/The%20Jackbox%20Party%20Pack-285x380.jpg",
                            "directoryType": "GAME",
                            "displayName": "The Jackbox Party Pack",
                            "id": "488572",
                            "name": "The Jackbox Party Pack",
                            "viewersCount": 16
                        }
                    },
                    {
                        "__typename": "DirectoryEdge",
                        "cursor": "NTM0",
                        "node": {
                            "__typename": "Game",
                            "activeDropCampaigns": [],
                            "avatarURL": "https://static-cdn.jtvnw.net/ttv-boxart/Dragon%20Nest-285x380.jpg",
                            "directoryType": "GAME",
                            "displayName": "Dragon Nest",
                            "id": "22272",
                            "name": "Dragon Nest",
                            "viewersCount": 16
                        }
                    },
                    {
                        "__typename": "DirectoryEdge",
                        "cursor": "NTM1",
                        "node": {
                            "__typename": "Game",
                            "activeDropCampaigns": [],
                            "avatarURL": "https://static-cdn.jtvnw.net/ttv-boxart/Project%20CARS%202-285x380.jpg",
                            "directoryType": "GAME",
                            "displayName": "Project CARS 2",
                            "id": "495563",
                            "name": "Project CARS 2",
                            "viewersCount": 16
                        }
                    },
                    {
                        "__typename": "DirectoryEdge",
                        "cursor": "NTM2",
                        "node": {
                            "__typename": "Game",
                            "activeDropCampaigns": [],
                            "avatarURL": "https://static-cdn.jtvnw.net/ttv-boxart/Eternal-285x380.jpg",
                            "directoryType": "GAME",
                            "displayName": "Eternal",
                            "id": "491403",
                            "name": "Eternal",
                            "viewersCount": 16
                        }
                    },
                    {
                        "__typename": "DirectoryEdge",
                        "cursor": "NTM3",
                        "node": {
                            "__typename": "Game",
                            "activeDropCampaigns": [],
                            "avatarURL": "https://static-cdn.jtvnw.net/ttv-boxart/Penumbra:%20Overture-285x380.jpg",
                            "directoryType": "GAME",
                            "displayName": "Penumbra: Overture",
                            "id": "5181",
                            "name": "Penumbra: Overture",
                            "viewersCount": 16
                        }
                    },
                    {
                        "__typename": "DirectoryEdge",
                        "cursor": "NTM4",
                        "node": {
                            "__typename": "Game",
                            "activeDropCampaigns": [],
                            "avatarURL": "https://static-cdn.jtvnw.net/ttv-boxart/World%20of%20Warcraft:%20Battle%20for%20Azeroth-285x380.jpg",
                            "directoryType": "GAME",
                            "displayName": "World of Warcraft: Battle for Azeroth",
                            "id": "502031",
                            "name": "World of Warcraft: Battle for Azeroth",
                            "viewersCount": 16
                        }
                    },
                    {
                        "__typename": "DirectoryEdge",
                        "cursor": "NTM5",
                        "node": {
                            "__typename": "Game",
                            "activeDropCampaigns": [],
                            "avatarURL": "https://static-cdn.jtvnw.net/ttv-boxart/Tree%20of%20Savior-285x380.jpg",
                            "directoryType": "GAME",
                            "displayName": "Tree of Savior",
                            "id": "458656",
                            "name": "Tree of Savior",
                            "viewersCount": 16
                        }
                    },
                    {
                        "__typename": "DirectoryEdge",
                        "cursor": "NTQw",
                        "node": {
                            "__typename": "Game",
                            "activeDropCampaigns": [],
                            "avatarURL": "https://static-cdn.jtvnw.net/ttv-boxart/Town%20of%20Salem-285x380.jpg",
                            "directoryType": "GAME",
                            "displayName": "Town of Salem",
                            "id": "417694",
                            "name": "Town of Salem",
                            "viewersCount": 16
                        }
                    },
                    {
                        "__typename": "DirectoryEdge",
                        "cursor": "NTQx",
                        "node": {
                            "__typename": "Game",
                            "activeDropCampaigns": [],
                            "avatarURL": "https://static-cdn.jtvnw.net/ttv-boxart/Islands%20of%20Nyne:%20Battle%20Royale-285x380.jpg",
                            "directoryType": "GAME",
                            "displayName": "Islands of Nyne: Battle Royale",
                            "id": "496512",
                            "name": "Islands of Nyne: Battle Royale",
                            "viewersCount": 15
                        }
                    },
                    {
                        "__typename": "DirectoryEdge",
                        "cursor": "NTQy",
                        "node": {
                            "__typename": "Game",
                            "activeDropCampaigns": [],
                            "avatarURL": "https://static-cdn.jtvnw.net/ttv-boxart/Moon%20Hunters-285x380.jpg",
                            "directoryType": "GAME",
                            "displayName": "Moon Hunters",
                            "id": "476380",
                            "name": "Moon Hunters",
                            "viewersCount": 15
                        }
                    },
                    {
                        "__typename": "DirectoryEdge",
                        "cursor": "NTQz",
                        "node": {
                            "__typename": "Game",
                            "activeDropCampaigns": [],
                            "avatarURL": "https://static-cdn.jtvnw.net/ttv-boxart/Life%20Is%20Strange:%20Before%20the%20Storm-285x380.jpg",
                            "directoryType": "GAME",
                            "displayName": "Life Is Strange: Before the Storm",
                            "id": "497443",
                            "name": "Life Is Strange: Before the Storm",
                            "viewersCount": 15
                        }
                    },
                    {
                        "__typename": "DirectoryEdge",
                        "cursor": "NTQ0",
                        "node": {
                            "__typename": "Game",
                            "activeDropCampaigns": [],
                            "avatarURL": "https://static-cdn.jtvnw.net/ttv-boxart/Armello-285x380.jpg",
                            "directoryType": "GAME",
                            "displayName": "Armello",
                            "id": "68063",
                            "name": "Armello",
                            "viewersCount": 15
                        }
                    },
                    {
                        "__typename": "DirectoryEdge",
                        "cursor": "NTQ1",
                        "node": {
                            "__typename": "Game",
                            "activeDropCampaigns": [],
                            "avatarURL": "https://static-cdn.jtvnw.net/ttv-boxart/Tales%20of%20Berseria-285x380.jpg",
                            "directoryType": "GAME",
                            "displayName": "Tales of Berseria",
                            "id": "490279",
                            "name": "Tales of Berseria",
                            "viewersCount": 15
                        }
                    },
                    {
                        "__typename": "DirectoryEdge",
                        "cursor": "NTQ2",
                        "node": {
                            "__typename": "Game",
                            "activeDropCampaigns": [],
                            "avatarURL": "https://static-cdn.jtvnw.net/ttv-boxart/Total%20War:%20ARENA-285x380.jpg",
                            "directoryType": "GAME",
                            "displayName": "Total War: ARENA",
                            "id": "489570",
                            "name": "Total War: ARENA",
                            "viewersCount": 15
                        }
                    },
                    {
                        "__typename": "DirectoryEdge",
                        "cursor": "NTQ3",
                        "node": {
                            "__typename": "Game",
                            "activeDropCampaigns": [],
                            "avatarURL": "https://static-cdn.jtvnw.net/ttv-boxart/The%20Jackbox%20Party%20Pack%203-285x380.jpg",
                            "directoryType": "GAME",
                            "displayName": "The Jackbox Party Pack 3",
                            "id": "493174",
                            "name": "The Jackbox Party Pack 3",
                            "viewersCount": 15
                        }
                    },
                    {
                        "__typename": "DirectoryEdge",
                        "cursor": "NTQ4",
                        "node": {
                            "__typename": "Game",
                            "activeDropCampaigns": [],
                            "avatarURL": "https://static-cdn.jtvnw.net/ttv-boxart/Dark%20Age%20of%20Camelot-285x380.jpg",
                            "directoryType": "GAME",
                            "displayName": "Dark Age of Camelot",
                            "id": "11172",
                            "name": "Dark Age of Camelot",
                            "viewersCount": 15
                        }
                    },
                    {
                        "__typename": "DirectoryEdge",
                        "cursor": "NTQ5",
                        "node": {
                            "__typename": "Game",
                            "activeDropCampaigns": [],
                            "avatarURL": "https://static-cdn.jtvnw.net/ttv-boxart/Resident%20Evil%206-285x380.jpg",
                            "directoryType": "GAME",
                            "displayName": "Resident Evil 6",
                            "id": "33437",
                            "name": "Resident Evil 6",
                            "viewersCount": 15
                        }
                    },
                    {
                        "__typename": "DirectoryEdge",
                        "cursor": "NTUw",
                        "node": {
                            "__typename": "Game",
                            "activeDropCampaigns": [],
                            "avatarURL": "https://static-cdn.jtvnw.net/ttv-boxart/The%20Lord%20of%20the%20Rings%20Online-285x380.jpg",
                            "directoryType": "GAME",
                            "displayName": "The Lord of the Rings Online",
                            "id": "413569",
                            "name": "The Lord of the Rings Online",
                            "viewersCount": 15
                        }
                    },
                    {
                        "__typename": "DirectoryEdge",
                        "cursor": "NTUx",
                        "node": {
                            "__typename": "Game",
                            "activeDropCampaigns": [],
                            "avatarURL": "https://static-cdn.jtvnw.net/ttv-boxart/Car%20Mechanic%20Simulator%202018-285x380.jpg",
                            "directoryType": "GAME",
                            "displayName": "Car Mechanic Simulator 2018",
                            "id": "497358",
                            "name": "Car Mechanic Simulator 2018",
                            "viewersCount": 15
                        }
                    },
                    {
                        "__typename": "DirectoryEdge",
                        "cursor": "NTUy",
                        "node": {
                            "__typename": "Game",
                            "activeDropCampaigns": [],
                            "avatarURL": "https://static-cdn.jtvnw.net/ttv-boxart/Human:%20Fall%20Flat-285x380.jpg",
                            "directoryType": "GAME",
                            "displayName": "Human: Fall Flat",
                            "id": "492504",
                            "name": "Human: Fall Flat",
                            "viewersCount": 15
                        }
                    }
                ],
                "pageInfo": {
                    "__typename": "PageInfo",
                    "hasNextPage": true
                }
            }
        },
        "extensions": {
            "durationMilliseconds": 74,
            "operationName": "BrowsePage_AllDirectories"
        }
    }
]