[
    {
        "data": {
            "directories": {
                "__typename": "DirectoryConnection",
                "edges": [
                    {
                        "__typename": "DirectoryEdge",
                        "cursor": "MzA=",
                        "node": {
                            "__typename": "Game",
                            "activeDropCampaigns": [],
                            "avatarURL": "https://static-cdn.jtvnw.net/ttv-boxart/Frostpunk-285x380.jpg",
                            "directoryType": "GAME",
                            "displayName": "Frostpunk",
                            "id": "493549",
                            "name": "Frostpunk",
                            "viewersCount": 4155
                        }
                    },
                    {
                        "__typename": "DirectoryEdge",
                        "cursor": "MzE=",
                        "node": {
                            "__typename": "Game",
                            "activeDropCampaigns": [],
                            "avatarURL": "https://static-cdn.jtvnw.net/ttv-boxart/StarCraft%20II-285x380.jpg",
                            "directoryType": "GAME",
                            "displayName": "StarCraft II",
                            "id": "490422",
                            "name": "StarCraft II",
                            "viewersCount": 4153
                        }
                    },
                    {
                        "__typename": "DirectoryEdge",
                        "cursor": "MzI=",
                        "node": {
                            "__typename": "Game",
                            "activeDropCampaigns": [],
                            "avatarURL": "https://static-cdn.jtvnw.net/ttv-boxart/Magic:%20The%20Gathering-285x380.jpg",
                            "directoryType": "GAME",
                            "displayName": "Magic: The Gathering",
                            "id": "2748",
                            "name": "Magic: The Gathering",
                            "viewersCount": 3977
                        }
                    },
                    {
                        "__typename": "DirectoryEdge",
                        "cursor": "MzM=",
                        "node": {
                            "__typename": "Game",
                            "activeDropCampaigns": [],
                            "avatarURL": "https://static-cdn.jtvnw.net/ttv-boxart/Rules%20of%20Survival-285x380.jpg",
                            "directoryType": "GAME",
                            "displayName": "Rules of Survival",
                            "id": "500182",
                            "name": "Rules of Survival",
                            "viewersCount": 3732
                        }
                    },
                    {
                        "__typename": "DirectoryEdge",
                        "cursor": "MzQ=",
                        "node": {
                            "__typename": "Game",
                            "activeDropCampaigns": [],
                            "avatarURL": "https://static-cdn.jtvnw.net/ttv-boxart/Path%20of%20Exile-285x380.jpg",
                            "directoryType": "GAME",
                            "displayName": "Path of Exile",
                            "id": "29307",
                            "name": "Path of Exile",
                            "viewersCount": 3716
                        }
                    },
                    {
                        "__typename": "DirectoryEdge",
                        "cursor": "MzU=",
                        "node": {
                            "__typename": "Game",
                            "activeDropCampaigns": [],
                            "avatarURL": "https://static-cdn.jtvnw.net/ttv-boxart/Minecraft-285x380.jpg",
                            "directoryType": "GAME",
                            "displayName": "Minecraft",
                            "id": "27471",
                            "name": "Minecraft",
                            "viewersCount": 3275
                        }
                    },
                    {
                        "__typename": "DirectoryEdge",
                        "cursor": "MzY=",
                        "node": {
                            "__typename": "Game",
                            "activeDropCampaigns": [],
                            "avatarURL": "https://static-cdn.jtvnw.net/ttv-boxart/Destiny%202-285x380.jpg",
                            "directoryType": "GAME",
                            "displayName": "Destiny 2",
                            "id": "497057",
                            "name": "Destiny 2",
                            "viewersCount": 3259
                        }
                    },
                    {
                        "__typename": "DirectoryEdge",
                        "cursor": "Mzc=",
                        "node": {
                            "__typename": "Game",
                            "activeDropCampaigns": [],
                            "avatarURL": "https://static-cdn.jtvnw.net/ttv-boxart/Rust-285x380.jpg",
                            "directoryType": "GAME",
                            "displayName": "Rust",
                            "id": "263490",
                            "name": "Rust",
                            "viewersCount": 3226
                        }
                    },
                    {
                        "__typename": "DirectoryEdge",
                        "cursor": "Mzg=",
                        "node": {
                            "__typename": "Game",
                            "activeDropCampaigns": [],
                            "avatarURL": "https://static-cdn.jtvnw.net/ttv-boxart/Warcraft%20III:%20The%20Frozen%20Throne-285x380.jpg",
                            "directoryType": "GAME",
                            "displayName": "Warcraft III: The Frozen Throne",
                            "id": "12924",
                            "name": "Warcraft III: The Frozen Throne",
                            "viewersCount": 2772
                        }
                    },
                    {
                        "__typename": "DirectoryEdge",
                        "cursor": "Mzk=",
                        "node": {
                            "__typename": "Game",
                            "activeDropCampaigns": [],
                            "avatarURL": "https://static-cdn.jtvnw.net/ttv-boxart/Nioh-285x380.jpg",
                            "directoryType": "GAME",
                            "displayName": "Nioh",
                            "id": "24872",
                            "name": "Nioh",
                            "viewersCount": 2629
                        }
                    },
                    {
                        "__typename": "DirectoryEdge",
                        "cursor": "NDA=",
                        "node": {
                            "__typename": "Game",
                            "activeDropCampaigns": [],
                            "avatarURL": "https://static-cdn.jtvnw.net/ttv-boxart/Lineage%20II:%20The%20Chaotic%20Chronicle-285x380.jpg",
                            "directoryType": "GAME",
                            "displayName": "Lineage II: The Chaotic Chronicle",
                            "id": "8901",
                            "name": "Lineage II: The Chaotic Chronicle",
                            "viewersCount": 2575
                        }
                    },
                    {
                        "__typename": "DirectoryEdge",
                        "cursor": "NDE=",
                        "node": {
                            "__typename": "Game",
                            "activeDropCampaigns": [],
                            "avatarURL": "https://static-cdn.jtvnw.net/ttv-boxart/VRChat-285x380.jpg",
                            "directoryType": "GAME",
                            "displayName": "VRChat",
                            "id": "499003",
                            "name": "VRChat",
                            "viewersCount": 2570
                        }
                    },
                    {
                        "__typename": "DirectoryEdge",
                        "cursor": "NDI=",
                        "node": {
                            "__typename": "Game",
                            "activeDropCampaigns": [
                                {
                                    "__typename": "DropCampaign",
                                    "applicableChannels": []
                                }
                            ],
                            "avatarURL": "https://static-cdn.jtvnw.net/ttv-boxart/The%20Elder%20Scrolls:%20Legends-285x380.jpg",
                            "directoryType": "GAME",
                            "displayName": "The Elder Scrolls: Legends",
                            "id": "490349",
                            "name": "The Elder Scrolls: Legends",
                            "viewersCount": 2316
                        }
                    },
                    {
                        "__typename": "DirectoryEdge",
                        "cursor": "NDM=",
                        "node": {
                            "__typename": "Game",
                            "activeDropCampaigns": [],
                            "avatarURL": "https://static-cdn.jtvnw.net/ttv-boxart/Puyo%20Puyo%20Tetris-285x380.jpg",
                            "directoryType": "GAME",
                            "displayName": "Puyo Puyo Tetris",
                            "id": "370539",
                            "name": "Puyo Puyo Tetris",
                            "viewersCount": 2253
                        }
                    },
                    {
                        "__typename": "DirectoryEdge",
                        "cursor": "NDQ=",
                        "node": {
                            "__typename": "Game",
                            "activeDropCampaigns": [],
                            "avatarURL": "https://static-cdn.jtvnw.net/ttv-boxart/The%20Last%20of%20Us-285x380.jpg",
                            "directoryType": "GAME",
                            "displayName": "The Last of Us",
                            "id": "33180",
                            "name": "The Last of Us",
                            "viewersCount": 2148
                        }
                    },
                    {
                        "__typename": "DirectoryEdge",
                        "cursor": "NDU=",
                        "node": {
                            "__typename": "Game",
                            "activeDropCampaigns": [],
                            "avatarURL": "https://static-cdn.jtvnw.net/ttv-boxart/Monster%20Hunter%20World-285x380.jpg",
                            "directoryType": "GAME",
                            "displayName": "Monster Hunter World",
                            "id": "497467",
                            "name": "Monster Hunter World",
                            "viewersCount": 2091
                        }
                    },
                    {
                        "__typename": "DirectoryEdge",
                        "cursor": "NDY=",
                        "node": {
                            "__typename": "Game",
                            "activeDropCampaigns": [],
                            "avatarURL": "https://static-cdn.jtvnw.net/ttv-boxart/Dofus-285x380.jpg",
                            "directoryType": "GAME",
                            "displayName": "Dofus",
                            "id": "20596",
                            "name": "Dofus",
                            "viewersCount": 2035
                        }
                    },
                    {
                        "__typename": "DirectoryEdge",
                        "cursor": "NDc=",
                        "node": {
                            "__typename": "Game",
                            "activeDropCampaigns": [],
                            "avatarURL": "https://static-cdn.jtvnw.net/ttv-boxart/Pok%C3%A9mon%20Ultra%20Sun/Ultra%20Moon-285x380.jpg",
                            "directoryType": "GAME",
                            "displayName": "Pok\u00e9mon Ultra Sun/Ultra Moon",
                            "id": "497334",
                            "name": "Pok\u00e9mon Ultra Sun/Ultra Moon",
                            "viewersCount": 1937
                        }
                    },
                    {
                        "__typename": "DirectoryEdge",
                        "cursor": "NDg=",
                        "node": {
                            "__typename": "Game",
                            "activeDropCampaigns": [],
                            "avatarURL": "https://static-cdn.jtvnw.net/ttv-boxart/Golfing%20Over%20It%20with%20Alva%20Majo-285x380.jpg",
                            "directoryType": "GAME",
                            "displayName": "Golfing Over It with Alva Majo",
                            "id": "505210",
                            "name": "Golfing Over It with Alva Majo",
                            "viewersCount": 1928
                        }
                    },
                    {
                        "__typename": "DirectoryEdge",
                        "cursor": "NDk=",
                        "node": {
                            "__typename": "Game",
                            "activeDropCampaigns": [],
                            "avatarURL": "https://static-cdn.jtvnw.net/ttv-boxart/theHunter:%20Call%20of%20the%20Wild-285x380.jpg",
                            "directoryType": "GAME",
                            "displayName": "theHunter: Call of the Wild",
                            "id": "494683",
                            "name": "theHunter: Call of the Wild",
                            "viewersCount": 1676
                        }
                    },
                    {
                        "__typename": "DirectoryEdge",
                        "cursor": "NTA=",
                        "node": {
                            "__typename": "Game",
                            "activeDropCampaigns": [
                                {
                                    "__typename": "DropCampaign",
                                    "applicableChannels": []
                                }
                            ],
                            "avatarURL": "https://static-cdn.jtvnw.net/ttv-boxart/Gwent:%20The%20Witcher%20Card%20Game-285x380.jpg",
                            "directoryType": "GAME",
                            "displayName": "Gwent: The Witcher Card Game",
                            "id": "493217",
                            "name": "Gwent: The Witcher Card Game",
                            "viewersCount": 1663
                        }
                    },
                    {
                        "__typename": "DirectoryEdge",
                        "cursor": "NTE=",
                        "node": {
                            "__typename": "Game",
                            "activeDropCampaigns": [],
                            "avatarURL": "https://static-cdn.jtvnw.net/ttv-boxart/Slay%20the%20Spire-285x380.jpg",
                            "directoryType": "GAME",
                            "displayName": "Slay the Spire",
                            "id": "496902",
                            "name": "Slay the Spire",
                            "viewersCount": 1641
                        }
                    },
                    {
                        "__typename": "DirectoryEdge",
                        "cursor": "NTI=",
                        "node": {
                            "__typename": "Game",
                            "activeDropCampaigns": [],
                            "avatarURL": "https://static-cdn.jtvnw.net/ttv-boxart/Mario%20Kart%208-285x380.jpg",
                            "directoryType": "GAME",
                            "displayName": "Mario Kart 8",
                            "id": "369588",
                            "name": "Mario Kart 8",
                            "viewersCount": 1564
                        }
                    },
                    {
                        "__typename": "DirectoryEdge",
                        "cursor": "NTM=",
                        "node": {
                            "__typename": "Game",
                            "activeDropCampaigns": [],
                            "avatarURL": "https://static-cdn.jtvnw.net/ttv-boxart/Retro-285x380.jpg",
                            "directoryType": "GAME",
                            "displayName": "Retro",
                            "id": "27284",
                            "name": "Retro",
                            "viewersCount": 1557
                        }
                    },
                    {
                        "__typename": "DirectoryEdge",
                        "cursor": "NTQ=",
                        "node": {
                            "__typename": "Game",
                            "activeDropCampaigns": [
                                {
                                    "__typename": "DropCampaign",
                                    "applicableChannels": []
                                }
                            ],
                            "avatarURL": "https://static-cdn.jtvnw.net/ttv-boxart/Infestation:%20The%20New%20Z-285x380.jpg",
                            "directoryType": "GAME",
                            "displayName": "Infestation: The New Z",
                            "id": "491289",
                            "name": "Infestation: The New Z",
                            "viewersCount": 1512
                        }
                    },
                    {
                        "__typename": "DirectoryEdge",
                        "cursor": "NTU=",
                        "node": {
                            "__typename": "Game",
                            "activeDropCampaigns": [],
                            "avatarURL": "https://static-cdn.jtvnw.net/ttv-boxart/Conan%20Exiles-285x380.jpg",
                            "directoryType": "GAME",
                            "displayName": "Conan Exiles",
                            "id": "493551",
                            "name": "Conan Exiles",
                            "viewersCount": 1441
                        }
                    },
                    {
                        "__typename": "DirectoryEdge",
                        "cursor": "NTY=",
                        "node": {
                            "__typename": "Game",
                            "activeDropCampaigns": [],
                            "avatarURL": "https://static-cdn.jtvnw.net/ttv-boxart/Rocket%20League-285x380.jpg",
                            "directoryType": "GAME",
                            "displayName": "Rocket League",
                            "id": "30921",
                            "name": "Rocket League",
                            "viewersCount": 1441
                        }
                    },
                    {
                        "__typename": "DirectoryEdge",
                        "cursor": "NTc=",
                        "node": {
                            "__typename": "Game",
                            "activeDropCampaigns": [],
                            "avatarURL": "https://static-cdn.jtvnw.net/ttv-boxart/Princess%20Maker%202-285x380.jpg",
                            "directoryType": "GAME",
                            "displayName": "Princess Maker 2",
                            "id": "13041",
                            "name": "Princess Maker 2",
                            "viewersCount": 1381
                        }
                    },
                    {
                        "__typename": "DirectoryEdge",
                        "cursor": "NTg=",
                        "node": {
                            "__typename": "Game",
                            "activeDropCampaigns": [],
                            "avatarURL": "https://static-cdn.jtvnw.net/ttv-boxart/Radical%20Heights-285x380.jpg",
                            "directoryType": "GAME",
                            "displayName": "Radical Heights",
                            "id": "505437",
                            "name": "Radical Heights",
                            "viewersCount": 1346
                        }
                    },
                    {
                        "__typename": "DirectoryEdge",
                        "cursor": "NTk=",
                        "node": {
                            "__typename": "Game",
                            "activeDropCampaigns": [],
                            "avatarURL": "https://static-cdn.jtvnw.net/ttv-boxart/Sea%20of%20Thieves-285x380.jpg",
                            "directoryType": "GAME",
                            "displayName": "Sea of Thieves",
                            "id": "490377",
                            "name": "Sea of Thieves",
                            "viewersCount": 1318
                        }
                    }
                ],
                "pageInfo": {
                    "__typename": "PageInfo",
                    "hasNextPage": true
                }
            }
        },
        "extensions": {
            "durationMilliseconds": 60,
            "operationName": "BrowsePage_AllDirectories"
        }
    }
]