[
    {
        "data": {
            "directories": {
                "__typename": "DirectoryConnection",
                "edges": [
                    {
                        "__typename": "DirectoryEdge",
                        "cursor": "NTUy",
                        "node": {
                            "__typename": "Game",
                            "activeDropCampaigns": [],
                            "avatarURL": "https://static-cdn.jtvnw.net/ttv-boxart/Human:%20Fall%20Flat-285x380.jpg",
                            "directoryType": "GAME",
                            "displayName": "Human: Fall Flat",
                            "id": "492504",
                            "name": "Human: Fall Flat",
                            "viewersCount": 15
                        }
                    },
                    {
                        "__typename": "DirectoryEdge",
                        "cursor": "NTUz",
                        "node": {
                            "__typename": "Game",
                            "activeDropCampaigns": [],
                            "avatarURL": "https://static-cdn.jtvnw.net/ttv-boxart/Paladins%20Strike-285x380.jpg",
                            "directoryType": "GAME",
                            "displayName": "Paladins Strike",
                            "id": "498655",
                            "name": "Paladins Strike",
                            "viewersCount": 15
                        }
                    },
                    {
                        "__typename": "DirectoryEdge",
                        "cursor": "NTU0",
                        "node": {
                            "__typename": "Game",
                            "activeDropCampaigns": [],
                            "avatarURL": "https://static-cdn.jtvnw.net/ttv-boxart/The%20Grinch-285x380.jpg",
                            "directoryType": "GAME",
                            "displayName": "The Grinch",
                            "id": "7212",
                            "name": "The Grinch",
                            "viewersCount": 15
                        }
                    },
                    {
                        "__typename": "DirectoryEdge",
                        "cursor": "NTU1",
                        "node": {
                            "__typename": "Game",
                            "activeDropCampaigns": [],
                            "avatarURL": "https://static-cdn.jtvnw.net/ttv-boxart/Warhammer%2040,000:%20Space%20Marine-285x380.jpg",
                            "directoryType": "GAME",
                            "displayName": "Warhammer 40,000: Space Marine",
                            "id": "21495",
                            "name": "Warhammer 40,000: Space Marine",
                            "viewersCount": 15
                        }
                    },
                    {
                        "__typename": "DirectoryEdge",
                        "cursor": "NTU2",
                        "node": {
                            "__typename": "Game",
                            "activeDropCampaigns": [],
                            "avatarURL": "https://static-cdn.jtvnw.net/ttv-boxart/BioShock%20Infinite-285x380.jpg",
                            "directoryType": "GAME",
                            "displayName": "BioShock Infinite",
                            "id": "29099",
                            "name": "BioShock Infinite",
                            "viewersCount": 15
                        }
                    },
                    {
                        "__typename": "DirectoryEdge",
                        "cursor": "NTU3",
                        "node": {
                            "__typename": "Game",
                            "activeDropCampaigns": [],
                            "avatarURL": "https://static-cdn.jtvnw.net/ttv-boxart/GoldenEye%20007-285x380.jpg",
                            "directoryType": "GAME",
                            "displayName": "GoldenEye 007",
                            "id": "2916",
                            "name": "GoldenEye 007",
                            "viewersCount": 15
                        }
                    },
                    {
                        "__typename": "DirectoryEdge",
                        "cursor": "NTU4",
                        "node": {
                            "__typename": "Game",
                            "activeDropCampaigns": [],
                            "avatarURL": "https://static-cdn.jtvnw.net/ttv-boxart/Transistor-285x380.jpg",
                            "directoryType": "GAME",
                            "displayName": "Transistor",
                            "id": "138566",
                            "name": "Transistor",
                            "viewersCount": 15
                        }
                    },
                    {
                        "__typename": "DirectoryEdge",
                        "cursor": "NTU5",
                        "node": {
                            "__typename": "Game",
                            "activeDropCampaigns": [],
                            "avatarURL": "https://static-cdn.jtvnw.net/ttv-boxart/Sniper%20Elite%204-285x380.jpg",
                            "directoryType": "GAME",
                            "displayName": "Sniper Elite 4",
                            "id": "491769",
                            "name": "Sniper Elite 4",
                            "viewersCount": 14
                        }
                    },
                    {
                        "__typename": "DirectoryEdge",
                        "cursor": "NTYw",
                        "node": {
                            "__typename": "Game",
                            "activeDropCampaigns": [],
                            "avatarURL": "https://static-cdn.jtvnw.net/ttv-boxart/Shoppe%20Keep-285x380.jpg",
                            "directoryType": "GAME",
                            "displayName": "Shoppe Keep",
                            "id": "490907",
                            "name": "Shoppe Keep",
                            "viewersCount": 14
                        }
                    },
                    {
                        "__typename": "DirectoryEdge",
                        "cursor": "NTYx",
                        "node": {
                            "__typename": "Game",
                            "activeDropCampaigns": [],
                            "avatarURL": "https://static-cdn.jtvnw.net/ttv-boxart/Golf%20With%20Your%20Friends-285x380.jpg",
                            "directoryType": "GAME",
                            "displayName": "Golf With Your Friends",
                            "id": "491381",
                            "name": "Golf With Your Friends",
                            "viewersCount": 14
                        }
                    },
                    {
                        "__typename": "DirectoryEdge",
                        "cursor": "NTYy",
                        "node": {
                            "__typename": "Game",
                            "activeDropCampaigns": [],
                            "avatarURL": "https://static-cdn.jtvnw.net/ttv-boxart/Pok%C3%A9mon%20Diamond/Pearl-285x380.jpg",
                            "directoryType": "GAME",
                            "displayName": "Pok\u00e9mon Diamond/Pearl",
                            "id": "2993",
                            "name": "Pok\u00e9mon Diamond/Pearl",
                            "viewersCount": 14
                        }
                    },
                    {
                        "__typename": "DirectoryEdge",
                        "cursor": "NTYz",
                        "node": {
                            "__typename": "Game",
                            "activeDropCampaigns": [],
                            "avatarURL": "https://static-cdn.jtvnw.net/ttv-boxart/Last%20Day%20of%20June-285x380.jpg",
                            "directoryType": "GAME",
                            "displayName": "Last Day of June",
                            "id": "497251",
                            "name": "Last Day of June",
                            "viewersCount": 14
                        }
                    },
                    {
                        "__typename": "DirectoryEdge",
                        "cursor": "NTY0",
                        "node": {
                            "__typename": "Game",
                            "activeDropCampaigns": [],
                            "avatarURL": "https://static-cdn.jtvnw.net/ttv-boxart/XCOM%202-285x380.jpg",
                            "directoryType": "GAME",
                            "displayName": "XCOM 2",
                            "id": "489767",
                            "name": "XCOM 2",
                            "viewersCount": 14
                        }
                    },
                    {
                        "__typename": "DirectoryEdge",
                        "cursor": "NTY1",
                        "node": {
                            "__typename": "Game",
                            "activeDropCampaigns": [],
                            "avatarURL": "https://static-cdn.jtvnw.net/ttv-boxart/Need%20for%20Speed%20Payback-285x380.jpg",
                            "directoryType": "GAME",
                            "displayName": "Need for Speed Payback",
                            "id": "492547",
                            "name": "Need for Speed Payback",
                            "viewersCount": 14
                        }
                    },
                    {
                        "__typename": "DirectoryEdge",
                        "cursor": "NTY2",
                        "node": {
                            "__typename": "Game",
                            "activeDropCampaigns": [],
                            "avatarURL": "https://static-cdn.jtvnw.net/ttv-boxart/Assassin%27s%20Creed%20IV:%20Black%20Flag-285x380.jpg",
                            "directoryType": "GAME",
                            "displayName": "Assassin's Creed IV: Black Flag",
                            "id": "118198",
                            "name": "Assassin's Creed IV: Black Flag",
                            "viewersCount": 14
                        }
                    },
                    {
                        "__typename": "DirectoryEdge",
                        "cursor": "NTY3",
                        "node": {
                            "__typename": "Game",
                            "activeDropCampaigns": [],
                            "avatarURL": "https://static-cdn.jtvnw.net/ttv-boxart/Sid%20Meier%27s%20Civilization%20VI-285x380.jpg",
                            "directoryType": "GAME",
                            "displayName": "Sid Meier's Civilization VI",
                            "id": "492553",
                            "name": "Sid Meier's Civilization VI",
                            "viewersCount": 14
                        }
                    },
                    {
                        "__typename": "DirectoryEdge",
                        "cursor": "NTY4",
                        "node": {
                            "__typename": "Game",
                            "activeDropCampaigns": [],
                            "avatarURL": "https://static-cdn.jtvnw.net/ttv-boxart/Hellblade-285x380.jpg",
                            "directoryType": "GAME",
                            "displayName": "Hellblade",
                            "id": "461410",
                            "name": "Hellblade",
                            "viewersCount": 14
                        }
                    },
                    {
                        "__typename": "DirectoryEdge",
                        "cursor": "NTY5",
                        "node": {
                            "__typename": "Game",
                            "activeDropCampaigns": [],
                            "avatarURL": "https://static-cdn.jtvnw.net/ttv-boxart/Minion%20Masters-285x380.jpg",
                            "directoryType": "GAME",
                            "displayName": "Minion Masters",
                            "id": "494327",
                            "name": "Minion Masters",
                            "viewersCount": 14
                        }
                    },
                    {
                        "__typename": "DirectoryEdge",
                        "cursor": "NTcw",
                        "node": {
                            "__typename": "Game",
                            "activeDropCampaigns": [],
                            "avatarURL": "https://static-cdn.jtvnw.net/ttv-boxart/Pok%C3%A9mon%20HeartGold/SoulSilver-285x380.jpg",
                            "directoryType": "GAME",
                            "displayName": "Pok\u00e9mon HeartGold/SoulSilver",
                            "id": "23857",
                            "name": "Pok\u00e9mon HeartGold/SoulSilver",
                            "viewersCount": 13
                        }
                    },
                    {
                        "__typename": "DirectoryEdge",
                        "cursor": "NTcx",
                        "node": {
                            "__typename": "Game",
                            "activeDropCampaigns": [],
                            "avatarURL": "https://static-cdn.jtvnw.net/ttv-boxart/World%20of%20Warplanes-285x380.jpg",
                            "directoryType": "GAME",
                            "displayName": "World of Warplanes",
                            "id": "32083",
                            "name": "World of Warplanes",
                            "viewersCount": 13
                        }
                    },
                    {
                        "__typename": "DirectoryEdge",
                        "cursor": "NTcy",
                        "node": {
                            "__typename": "Game",
                            "activeDropCampaigns": [],
                            "avatarURL": "https://static-cdn.jtvnw.net/ttv-boxart/Worms%20Revolution-285x380.jpg",
                            "directoryType": "GAME",
                            "displayName": "Worms Revolution",
                            "id": "33928",
                            "name": "Worms Revolution",
                            "viewersCount": 13
                        }
                    },
                    {
                        "__typename": "DirectoryEdge",
                        "cursor": "NTcz",
                        "node": {
                            "__typename": "Game",
                            "activeDropCampaigns": [],
                            "avatarURL": "https://static-cdn.jtvnw.net/ttv-boxart/Quiplash-285x380.jpg",
                            "directoryType": "GAME",
                            "displayName": "Quiplash",
                            "id": "490414",
                            "name": "Quiplash",
                            "viewersCount": 13
                        }
                    },
                    {
                        "__typename": "DirectoryEdge",
                        "cursor": "NTc0",
                        "node": {
                            "__typename": "Game",
                            "activeDropCampaigns": [],
                            "avatarURL": "https://static-cdn.jtvnw.net/ttv-boxart/Naruto%20Shippuden:%20Ultimate%20Ninja%20Storm%203%20Full%20Burst-285x380.jpg",
                            "directoryType": "GAME",
                            "displayName": "Naruto Shippuden: Ultimate Ninja Storm 3 Full Burst",
                            "id": "313100",
                            "name": "Naruto Shippuden: Ultimate Ninja Storm 3 Full Burst",
                            "viewersCount": 13
                        }
                    },
                    {
                        "__typename": "DirectoryEdge",
                        "cursor": "NTc1",
                        "node": {
                            "__typename": "Game",
                            "activeDropCampaigns": [],
                            "avatarURL": "https://static-cdn.jtvnw.net/ttv-boxart/Furi-285x380.jpg",
                            "directoryType": "GAME",
                            "displayName": "Furi",
                            "id": "492487",
                            "name": "Furi",
                            "viewersCount": 13
                        }
                    },
                    {
                        "__typename": "DirectoryEdge",
                        "cursor": "NTc2",
                        "node": {
                            "__typename": "Game",
                            "activeDropCampaigns": [],
                            "avatarURL": "https://static-cdn.jtvnw.net/ttv-boxart/Crusaders%20Quest-285x380.jpg",
                            "directoryType": "GAME",
                            "displayName": "Crusaders Quest",
                            "id": "488699",
                            "name": "Crusaders Quest",
                            "viewersCount": 13
                        }
                    },
                    {
                        "__typename": "DirectoryEdge",
                        "cursor": "NTc3",
                        "node": {
                            "__typename": "Game",
                            "activeDropCampaigns": [],
                            "avatarURL": "https://static-cdn.jtvnw.net/ttv-boxart/Sword%20Art%20Online:%20Memory%20Defrag-285x380.jpg",
                            "directoryType": "GAME",
                            "displayName": "Sword Art Online: Memory Defrag",
                            "id": "495343",
                            "name": "Sword Art Online: Memory Defrag",
                            "viewersCount": 13
                        }
                    },
                    {
                        "__typename": "DirectoryEdge",
                        "cursor": "NTc4",
                        "node": {
                            "__typename": "Game",
                            "activeDropCampaigns": [],
                            "avatarURL": "https://static-cdn.jtvnw.net/ttv-boxart/The%20Walking%20Dead-285x380.jpg",
                            "directoryType": "GAME",
                            "displayName": "The Walking Dead",
                            "id": "30740",
                            "name": "The Walking Dead",
                            "viewersCount": 13
                        }
                    },
                    {
                        "__typename": "DirectoryEdge",
                        "cursor": "NTc5",
                        "node": {
                            "__typename": "Game",
                            "activeDropCampaigns": [],
                            "avatarURL": "https://static-cdn.jtvnw.net/ttv-boxart/Shadow%20Tactics:%20Blades%20of%20the%20Shogun-285x380.jpg",
                            "directoryType": "GAME",
                            "displayName": "Shadow Tactics: Blades of the Shogun",
                            "id": "492501",
                            "name": "Shadow Tactics: Blades of the Shogun",
                            "viewersCount": 13
                        }
                    },
                    {
                        "__typename": "DirectoryEdge",
                        "cursor": "NTgw",
                        "node": {
                            "__typename": "Game",
                            "activeDropCampaigns": [],
                            "avatarURL": "https://static-cdn.jtvnw.net/ttv-boxart/XCOM%202:%20War%20of%20the%20Chosen-285x380.jpg",
                            "directoryType": "GAME",
                            "displayName": "XCOM 2: War of the Chosen",
                            "id": "497435",
                            "name": "XCOM 2: War of the Chosen",
                            "viewersCount": 13
                        }
                    },
                    {
                        "__typename": "DirectoryEdge",
                        "cursor": "NTgx",
                        "node": {
                            "__typename": "Game",
                            "activeDropCampaigns": [],
                            "avatarURL": "https://static-cdn.jtvnw.net/ttv-boxart/Sword%20of%20the%20Stars:%20The%20Pit-285x380.jpg",
                            "directoryType": "GAME",
                            "displayName": "Sword of the Stars: The Pit",
                            "id": "133410",
                            "name": "Sword of the Stars: The Pit",
                            "viewersCount": 13
                        }
                    }
                ],
                "pageInfo": {
                    "__typename": "PageInfo",
                    "hasNextPage": true
                }
            }
        },
        "extensions": {
            "durationMilliseconds": 44,
            "operationName": "BrowsePage_AllDirectories"
        }
    }
]