[
    {
        "data": {
            "directories": {
                "__typename": "DirectoryConnection",
                "edges": [
                    {
                        "__typename": "DirectoryEdge",
                        "cursor": "NTgx",
                        "node": {
                            "__typename": "Game",
                            "activeDropCampaigns": [],
                            "avatarURL": "https://static-cdn.jtvnw.net/ttv-boxart/Sword%20of%20the%20Stars:%20The%20Pit-285x380.jpg",
                            "directoryType": "GAME",
                            "displayName": "Sword of the Stars: The Pit",
                            "id": "133410",
                            "name": "Sword of the Stars: The Pit",
                            "viewersCount": 13
                        }
                    },
                    {
                        "__typename": "DirectoryEdge",
                        "cursor": "NTgy",
                        "node": {
                            "__typename": "Game",
                            "activeDropCampaigns": [],
                            "avatarURL": "https://static-cdn.jtvnw.net/ttv-boxart/Disney%27s%20Meet%20the%20Robinsons-285x380.jpg",
                            "directoryType": "GAME",
                            "displayName": "Disney's Meet the Robinsons",
                            "id": "20200",
                            "name": "Disney's Meet the Robinsons",
                            "viewersCount": 13
                        }
                    },
                    {
                        "__typename": "DirectoryEdge",
                        "cursor": "NTgz",
                        "node": {
                            "__typename": "Game",
                            "activeDropCampaigns": [],
                            "avatarURL": "https://static-cdn.jtvnw.net/ttv-boxart/Surviving%20Mars-285x380.jpg",
                            "directoryType": "GAME",
                            "displayName": "Surviving Mars",
                            "id": "501930",
                            "name": "Surviving Mars",
                            "viewersCount": 13
                        }
                    },
                    {
                        "__typename": "DirectoryEdge",
                        "cursor": "NTg0",
                        "node": {
                            "__typename": "Game",
                            "activeDropCampaigns": [],
                            "avatarURL": "https://static-cdn.jtvnw.net/ttv-boxart/Hide%20and%20Shriek-285x380.jpg",
                            "directoryType": "GAME",
                            "displayName": "Hide and Shriek",
                            "id": "493874",
                            "name": "Hide and Shriek",
                            "viewersCount": 13
                        }
                    },
                    {
                        "__typename": "DirectoryEdge",
                        "cursor": "NTg1",
                        "node": {
                            "__typename": "Game",
                            "activeDropCampaigns": [],
                            "avatarURL": "https://static-cdn.jtvnw.net/ttv-boxart/Viscera%20Cleanup%20Detail-285x380.jpg",
                            "directoryType": "GAME",
                            "displayName": "Viscera Cleanup Detail",
                            "id": "417711",
                            "name": "Viscera Cleanup Detail",
                            "viewersCount": 13
                        }
                    },
                    {
                        "__typename": "DirectoryEdge",
                        "cursor": "NTg2",
                        "node": {
                            "__typename": "Game",
                            "activeDropCampaigns": [],
                            "avatarURL": "https://static-cdn.jtvnw.net/ttv-boxart/Breakaway-285x380.jpg",
                            "directoryType": "GAME",
                            "displayName": "Breakaway",
                            "id": "493402",
                            "name": "Breakaway",
                            "viewersCount": 13
                        }
                    },
                    {
                        "__typename": "DirectoryEdge",
                        "cursor": "NTg3",
                        "node": {
                            "__typename": "Game",
                            "activeDropCampaigns": [],
                            "avatarURL": "https://static-cdn.jtvnw.net/ttv-boxart/Stick%20Fight:%20The%20Game-285x380.jpg",
                            "directoryType": "GAME",
                            "displayName": "Stick Fight: The Game",
                            "id": "499379",
                            "name": "Stick Fight: The Game",
                            "viewersCount": 13
                        }
                    },
                    {
                        "__typename": "DirectoryEdge",
                        "cursor": "NTg4",
                        "node": {
                            "__typename": "Game",
                            "activeDropCampaigns": [],
                            "avatarURL": "https://static-cdn.jtvnw.net/ttv-boxart/Mark%20of%20the%20Ninja-285x380.jpg",
                            "directoryType": "GAME",
                            "displayName": "Mark of the Ninja",
                            "id": "33736",
                            "name": "Mark of the Ninja",
                            "viewersCount": 12
                        }
                    },
                    {
                        "__typename": "DirectoryEdge",
                        "cursor": "NTg5",
                        "node": {
                            "__typename": "Game",
                            "activeDropCampaigns": [],
                            "avatarURL": "https://static-cdn.jtvnw.net/ttv-boxart/The%20Witcher-285x380.jpg",
                            "directoryType": "GAME",
                            "displayName": "The Witcher",
                            "id": "9611",
                            "name": "The Witcher",
                            "viewersCount": 12
                        }
                    },
                    {
                        "__typename": "DirectoryEdge",
                        "cursor": "NTkw",
                        "node": {
                            "__typename": "Game",
                            "activeDropCampaigns": [],
                            "avatarURL": "https://static-cdn.jtvnw.net/ttv-boxart/Dead%20Rising-285x380.jpg",
                            "directoryType": "GAME",
                            "displayName": "Dead Rising",
                            "id": "7995",
                            "name": "Dead Rising",
                            "viewersCount": 12
                        }
                    },
                    {
                        "__typename": "DirectoryEdge",
                        "cursor": "NTkx",
                        "node": {
                            "__typename": "Game",
                            "activeDropCampaigns": [],
                            "avatarURL": "https://static-cdn.jtvnw.net/ttv-boxart/Far%20Cry-285x380.jpg",
                            "directoryType": "GAME",
                            "displayName": "Far Cry",
                            "id": "13564",
                            "name": "Far Cry",
                            "viewersCount": 12
                        }
                    },
                    {
                        "__typename": "DirectoryEdge",
                        "cursor": "NTky",
                        "node": {
                            "__typename": "Game",
                            "activeDropCampaigns": [],
                            "avatarURL": "https://static-cdn.jtvnw.net/ttv-boxart/Halo%20Wars%202-285x380.jpg",
                            "directoryType": "GAME",
                            "displayName": "Halo Wars 2",
                            "id": "490446",
                            "name": "Halo Wars 2",
                            "viewersCount": 12
                        }
                    },
                    {
                        "__typename": "DirectoryEdge",
                        "cursor": "NTkz",
                        "node": {
                            "__typename": "Game",
                            "activeDropCampaigns": [],
                            "avatarURL": "https://static-cdn.jtvnw.net/ttv-boxart/Dead%20In%20Vinland-285x380.jpg",
                            "directoryType": "GAME",
                            "displayName": "Dead In Vinland",
                            "id": "500940",
                            "name": "Dead In Vinland",
                            "viewersCount": 12
                        }
                    },
                    {
                        "__typename": "DirectoryEdge",
                        "cursor": "NTk0",
                        "node": {
                            "__typename": "Game",
                            "activeDropCampaigns": [],
                            "avatarURL": "https://static-cdn.jtvnw.net/ttv-boxart/Half-Life-285x380.jpg",
                            "directoryType": "GAME",
                            "displayName": "Half-Life",
                            "id": "2755",
                            "name": "Half-Life",
                            "viewersCount": 12
                        }
                    },
                    {
                        "__typename": "DirectoryEdge",
                        "cursor": "NTk1",
                        "node": {
                            "__typename": "Game",
                            "activeDropCampaigns": [],
                            "avatarURL": "https://static-cdn.jtvnw.net/ttv-boxart/The%20Legend%20of%20Heroes:%20Trails%20of%20Cold%20Steel-285x380.jpg",
                            "directoryType": "GAME",
                            "displayName": "The Legend of Heroes: Trails of Cold Steel",
                            "id": "94084",
                            "name": "The Legend of Heroes: Trails of Cold Steel",
                            "viewersCount": 12
                        }
                    },
                    {
                        "__typename": "DirectoryEdge",
                        "cursor": "NTk2",
                        "node": {
                            "__typename": "Game",
                            "activeDropCampaigns": [],
                            "avatarURL": "https://static-cdn.jtvnw.net/ttv-boxart/FTL:%20Faster%20Than%20Light-285x380.jpg",
                            "directoryType": "GAME",
                            "displayName": "FTL: Faster Than Light",
                            "id": "33882",
                            "name": "FTL: Faster Than Light",
                            "viewersCount": 12
                        }
                    },
                    {
                        "__typename": "DirectoryEdge",
                        "cursor": "NTk3",
                        "node": {
                            "__typename": "Game",
                            "activeDropCampaigns": [],
                            "avatarURL": "https://static-cdn.jtvnw.net/ttv-boxart/Darksiders-285x380.jpg",
                            "directoryType": "GAME",
                            "displayName": "Darksiders",
                            "id": "19170",
                            "name": "Darksiders",
                            "viewersCount": 12
                        }
                    },
                    {
                        "__typename": "DirectoryEdge",
                        "cursor": "NTk4",
                        "node": {
                            "__typename": "Game",
                            "activeDropCampaigns": [],
                            "avatarURL": "https://static-cdn.jtvnw.net/ttv-boxart/BioShock%202-285x380.jpg",
                            "directoryType": "GAME",
                            "displayName": "BioShock 2",
                            "id": "19030",
                            "name": "BioShock 2",
                            "viewersCount": 12
                        }
                    },
                    {
                        "__typename": "DirectoryEdge",
                        "cursor": "NTk5",
                        "node": {
                            "__typename": "Game",
                            "activeDropCampaigns": [],
                            "avatarURL": "https://static-cdn.jtvnw.net/ttv-boxart/Call%20of%20Duty:%20Ghosts-285x380.jpg",
                            "directoryType": "GAME",
                            "displayName": "Call of Duty: Ghosts",
                            "id": "118200",
                            "name": "Call of Duty: Ghosts",
                            "viewersCount": 12
                        }
                    },
                    {
                        "__typename": "DirectoryEdge",
                        "cursor": "NjAw",
                        "node": {
                            "__typename": "Game",
                            "activeDropCampaigns": [],
                            "avatarURL": "https://static-cdn.jtvnw.net/ttv-boxart/Just%20Cause%203-285x380.jpg",
                            "directoryType": "GAME",
                            "displayName": "Just Cause 3",
                            "id": "488564",
                            "name": "Just Cause 3",
                            "viewersCount": 12
                        }
                    },
                    {
                        "__typename": "DirectoryEdge",
                        "cursor": "NjAx",
                        "node": {
                            "__typename": "Game",
                            "activeDropCampaigns": [],
                            "avatarURL": "https://static-cdn.jtvnw.net/ttv-boxart/Monster%20Hunter%20Online-285x380.jpg",
                            "directoryType": "GAME",
                            "displayName": "Monster Hunter Online",
                            "id": "369127",
                            "name": "Monster Hunter Online",
                            "viewersCount": 12
                        }
                    },
                    {
                        "__typename": "DirectoryEdge",
                        "cursor": "NjAy",
                        "node": {
                            "__typename": "Game",
                            "activeDropCampaigns": [],
                            "avatarURL": "https://static-cdn.jtvnw.net/ttv-boxart/Madagascar:%20Escape%202%20Africa-285x380.jpg",
                            "directoryType": "GAME",
                            "displayName": "Madagascar: Escape 2 Africa",
                            "id": "22037",
                            "name": "Madagascar: Escape 2 Africa",
                            "viewersCount": 12
                        }
                    },
                    {
                        "__typename": "DirectoryEdge",
                        "cursor": "NjAz",
                        "node": {
                            "__typename": "Game",
                            "activeDropCampaigns": [
                                {
                                    "__typename": "DropCampaign",
                                    "applicableChannels": []
                                }
                            ],
                            "avatarURL": "https://static-cdn.jtvnw.net/ttv-boxart/Duelyst-285x380.jpg",
                            "directoryType": "GAME",
                            "displayName": "Duelyst",
                            "id": "459741",
                            "name": "Duelyst",
                            "viewersCount": 12
                        }
                    },
                    {
                        "__typename": "DirectoryEdge",
                        "cursor": "NjA0",
                        "node": {
                            "__typename": "Game",
                            "activeDropCampaigns": [],
                            "avatarURL": "https://static-cdn.jtvnw.net/ttv-boxart/Dark%20and%20Light-285x380.jpg",
                            "directoryType": "GAME",
                            "displayName": "Dark and Light",
                            "id": "8511",
                            "name": "Dark and Light",
                            "viewersCount": 12
                        }
                    },
                    {
                        "__typename": "DirectoryEdge",
                        "cursor": "NjA1",
                        "node": {
                            "__typename": "Game",
                            "activeDropCampaigns": [],
                            "avatarURL": "https://static-cdn.jtvnw.net/ttv-boxart/Fantasy%20Earth%20Zero-285x380.jpg",
                            "directoryType": "GAME",
                            "displayName": "Fantasy Earth Zero",
                            "id": "20415",
                            "name": "Fantasy Earth Zero",
                            "viewersCount": 12
                        }
                    },
                    {
                        "__typename": "DirectoryEdge",
                        "cursor": "NjA2",
                        "node": {
                            "__typename": "Game",
                            "activeDropCampaigns": [],
                            "avatarURL": "https://static-cdn.jtvnw.net/ttv-boxart/Albion%20Online-285x380.jpg",
                            "directoryType": "GAME",
                            "displayName": "Albion Online",
                            "id": "417528",
                            "name": "Albion Online",
                            "viewersCount": 12
                        }
                    },
                    {
                        "__typename": "DirectoryEdge",
                        "cursor": "NjA3",
                        "node": {
                            "__typename": "Game",
                            "activeDropCampaigns": [],
                            "avatarURL": "https://static-cdn.jtvnw.net/ttv-boxart/Mega%20Man-285x380.jpg",
                            "directoryType": "GAME",
                            "displayName": "Mega Man",
                            "id": "4815",
                            "name": "Mega Man",
                            "viewersCount": 11
                        }
                    },
                    {
                        "__typename": "DirectoryEdge",
                        "cursor": "NjA4",
                        "node": {
                            "__typename": "Game",
                            "activeDropCampaigns": [],
                            "avatarURL": "https://static-cdn.jtvnw.net/ttv-boxart/Hitman:%20Absolution-285x380.jpg",
                            "directoryType": "GAME",
                            "displayName": "Hitman: Absolution",
                            "id": "23880",
                            "name": "Hitman: Absolution",
                            "viewersCount": 11
                        }
                    },
                    {
                        "__typename": "DirectoryEdge",
                        "cursor": "NjA5",
                        "node": {
                            "__typename": "Game",
                            "activeDropCampaigns": [],
                            "avatarURL": "https://static-cdn.jtvnw.net/ttv-boxart/HEX:%20Shards%20of%20Fate-285x380.jpg",
                            "directoryType": "GAME",
                            "displayName": "HEX: Shards of Fate",
                            "id": "369288",
                            "name": "HEX: Shards of Fate",
                            "viewersCount": 11
                        }
                    },
                    {
                        "__typename": "DirectoryEdge",
                        "cursor": "NjEw",
                        "node": {
                            "__typename": "Game",
                            "activeDropCampaigns": [],
                            "avatarURL": "https://static-cdn.jtvnw.net/ttv-boxart/Let%20It%20Die-285x380.jpg",
                            "directoryType": "GAME",
                            "displayName": "Let It Die",
                            "id": "460641",
                            "name": "Let It Die",
                            "viewersCount": 11
                        }
                    }
                ],
                "pageInfo": {
                    "__typename": "PageInfo",
                    "hasNextPage": true
                }
            }
        },
        "extensions": {
            "durationMilliseconds": 70,
            "operationName": "BrowsePage_AllDirectories"
        }
    }
]