[
    {
        "data": {
            "directories": {
                "__typename": "DirectoryConnection",
                "edges": [
                    {
                        "__typename": "DirectoryEdge",
                        "cursor": "NjEw",
                        "node": {
                            "__typename": "Game",
                            "activeDropCampaigns": [],
                            "avatarURL": "https://static-cdn.jtvnw.net/ttv-boxart/Let%20It%20Die-285x380.jpg",
                            "directoryType": "GAME",
                            "displayName": "Let It Die",
                            "id": "460641",
                            "name": "Let It Die",
                            "viewersCount": 11
                        }
                    },
                    {
                        "__typename": "DirectoryEdge",
                        "cursor": "NjEx",
                        "node": {
                            "__typename": "Game",
                            "activeDropCampaigns": [],
                            "avatarURL": "https://static-cdn.jtvnw.net/ttv-boxart/Guns%20of%20Icarus%20Online-285x380.jpg",
                            "directoryType": "GAME",
                            "displayName": "Guns of Icarus Online",
                            "id": "78540",
                            "name": "Guns of Icarus Online",
                            "viewersCount": 11
                        }
                    },
                    {
                        "__typename": "DirectoryEdge",
                        "cursor": "NjEy",
                        "node": {
                            "__typename": "Game",
                            "activeDropCampaigns": [],
                            "avatarURL": "https://static-cdn.jtvnw.net/ttv-boxart/Shining%20Resonance-285x380.jpg",
                            "directoryType": "GAME",
                            "displayName": "Shining Resonance",
                            "id": "460369",
                            "name": "Shining Resonance",
                            "viewersCount": 11
                        }
                    },
                    {
                        "__typename": "DirectoryEdge",
                        "cursor": "NjEz",
                        "node": {
                            "__typename": "Game",
                            "activeDropCampaigns": [],
                            "avatarURL": "https://static-cdn.jtvnw.net/ttv-boxart/Dungeons%20&%20Dragons%20Online-285x380.jpg",
                            "directoryType": "GAME",
                            "displayName": "Dungeons & Dragons Online",
                            "id": "15134",
                            "name": "Dungeons & Dragons Online",
                            "viewersCount": 11
                        }
                    },
                    {
                        "__typename": "DirectoryEdge",
                        "cursor": "NjE0",
                        "node": {
                            "__typename": "Game",
                            "activeDropCampaigns": [],
                            "avatarURL": "https://static-cdn.jtvnw.net/ttv-boxart/Danganronpa:%20Trigger%20Happy%20Havoc-285x380.jpg",
                            "directoryType": "GAME",
                            "displayName": "Danganronpa: Trigger Happy Havoc",
                            "id": "29975",
                            "name": "Danganronpa: Trigger Happy Havoc",
                            "viewersCount": 11
                        }
                    },
                    {
                        "__typename": "DirectoryEdge",
                        "cursor": "NjE1",
                        "node": {
                            "__typename": "Game",
                            "activeDropCampaigns": [],
                            "avatarURL": "https://static-cdn.jtvnw.net/ttv-boxart/Star%20Wars:%20Knights%20of%20the%20Old%20Republic%20II%20-%20The%20Sith%20Lords-285x380.jpg",
                            "directoryType": "GAME",
                            "displayName": "Star Wars: Knights of the Old Republic II - The Sith Lords",
                            "id": "8118",
                            "name": "Star Wars: Knights of the Old Republic II - The Sith Lords",
                            "viewersCount": 11
                        }
                    },
                    {
                        "__typename": "DirectoryEdge",
                        "cursor": "NjE2",
                        "node": {
                            "__typename": "Game",
                            "activeDropCampaigns": [],
                            "avatarURL": "https://static-cdn.jtvnw.net/ttv-boxart/Soccer-285x380.jpg",
                            "directoryType": "GAME",
                            "displayName": "Soccer",
                            "id": "11898",
                            "name": "Soccer",
                            "viewersCount": 11
                        }
                    },
                    {
                        "__typename": "DirectoryEdge",
                        "cursor": "NjE3",
                        "node": {
                            "__typename": "Game",
                            "activeDropCampaigns": [],
                            "avatarURL": "https://static-cdn.jtvnw.net/ttv-boxart/Knives%20Out-285x380.jpg",
                            "directoryType": "GAME",
                            "displayName": "Knives Out",
                            "id": "500409",
                            "name": "Knives Out",
                            "viewersCount": 11
                        }
                    },
                    {
                        "__typename": "DirectoryEdge",
                        "cursor": "NjE4",
                        "node": {
                            "__typename": "Game",
                            "activeDropCampaigns": [],
                            "avatarURL": "https://static-cdn.jtvnw.net/ttv-boxart/Final%20Fantasy%20VI-285x380.jpg",
                            "directoryType": "GAME",
                            "displayName": "Final Fantasy VI",
                            "id": "5815",
                            "name": "Final Fantasy VI",
                            "viewersCount": 11
                        }
                    },
                    {
                        "__typename": "DirectoryEdge",
                        "cursor": "NjE5",
                        "node": {
                            "__typename": "Game",
                            "activeDropCampaigns": [],
                            "avatarURL": "https://static-cdn.jtvnw.net/ttv-boxart/LOL-285x380.jpg",
                            "directoryType": "GAME",
                            "displayName": "LOL",
                            "id": "19496",
                            "name": "LOL",
                            "viewersCount": 11
                        }
                    },
                    {
                        "__typename": "DirectoryEdge",
                        "cursor": "NjIw",
                        "node": {
                            "__typename": "Game",
                            "activeDropCampaigns": [],
                            "avatarURL": "https://static-cdn.jtvnw.net/ttv-boxart/Project%20Reality:%20BF2-285x380.jpg",
                            "directoryType": "GAME",
                            "displayName": "Project Reality: BF2",
                            "id": "489166",
                            "name": "Project Reality: BF2",
                            "viewersCount": 11
                        }
                    },
                    {
                        "__typename": "DirectoryEdge",
                        "cursor": "NjIx",
                        "node": {
                            "__typename": "Game",
                            "activeDropCampaigns": [],
                            "avatarURL": "https://static-cdn.jtvnw.net/ttv-boxart/Salt%20and%20Sanctuary-285x380.jpg",
                            "directoryType": "GAME",
                            "displayName": "Salt and Sanctuary",
                            "id": "476371",
                            "name": "Salt and Sanctuary",
                            "viewersCount": 11
                        }
                    },
                    {
                        "__typename": "DirectoryEdge",
                        "cursor": "NjIy",
                        "node": {
                            "__typename": "Game",
                            "activeDropCampaigns": [],
                            "avatarURL": "https://static-cdn.jtvnw.net/ttv-boxart/Space%20Engineers-285x380.jpg",
                            "directoryType": "GAME",
                            "displayName": "Space Engineers",
                            "id": "391475",
                            "name": "Space Engineers",
                            "viewersCount": 11
                        }
                    },
                    {
                        "__typename": "DirectoryEdge",
                        "cursor": "NjIz",
                        "node": {
                            "__typename": "Game",
                            "activeDropCampaigns": [],
                            "avatarURL": "https://static-cdn.jtvnw.net/ttv-boxart/Rift-285x380.jpg",
                            "directoryType": "GAME",
                            "displayName": "Rift",
                            "id": "22218",
                            "name": "Rift",
                            "viewersCount": 10
                        }
                    },
                    {
                        "__typename": "DirectoryEdge",
                        "cursor": "NjI0",
                        "node": {
                            "__typename": "Game",
                            "activeDropCampaigns": [],
                            "avatarURL": "https://static-cdn.jtvnw.net/ttv-boxart/Hotline%20Miami%202:%20Wrong%20Number-285x380.jpg",
                            "directoryType": "GAME",
                            "displayName": "Hotline Miami 2: Wrong Number",
                            "id": "94884",
                            "name": "Hotline Miami 2: Wrong Number",
                            "viewersCount": 10
                        }
                    },
                    {
                        "__typename": "DirectoryEdge",
                        "cursor": "NjI1",
                        "node": {
                            "__typename": "Game",
                            "activeDropCampaigns": [],
                            "avatarURL": "https://static-cdn.jtvnw.net/ttv-boxart/Heroes%20&%20Generals-285x380.jpg",
                            "directoryType": "GAME",
                            "displayName": "Heroes & Generals",
                            "id": "32895",
                            "name": "Heroes & Generals",
                            "viewersCount": 10
                        }
                    },
                    {
                        "__typename": "DirectoryEdge",
                        "cursor": "NjI2",
                        "node": {
                            "__typename": "Game",
                            "activeDropCampaigns": [],
                            "avatarURL": "https://static-cdn.jtvnw.net/ttv-boxart/Crypto-285x380.jpg",
                            "directoryType": "GAME",
                            "displayName": "Crypto",
                            "id": "499634",
                            "name": "Crypto",
                            "viewersCount": 10
                        }
                    },
                    {
                        "__typename": "DirectoryEdge",
                        "cursor": "NjI3",
                        "node": {
                            "__typename": "Game",
                            "activeDropCampaigns": [],
                            "avatarURL": "https://static-cdn.jtvnw.net/ttv-boxart/Yu-Gi-Oh%21%20Forbidden%20Memories-285x380.jpg",
                            "directoryType": "GAME",
                            "displayName": "Yu-Gi-Oh! Forbidden Memories",
                            "id": "207",
                            "name": "Yu-Gi-Oh! Forbidden Memories",
                            "viewersCount": 10
                        }
                    },
                    {
                        "__typename": "DirectoryEdge",
                        "cursor": "NjI4",
                        "node": {
                            "__typename": "Game",
                            "activeDropCampaigns": [],
                            "avatarURL": "https://static-cdn.jtvnw.net/ttv-boxart/Hyper%20Universe-285x380.jpg",
                            "directoryType": "GAME",
                            "displayName": "Hyper Universe",
                            "id": "494222",
                            "name": "Hyper Universe",
                            "viewersCount": 10
                        }
                    },
                    {
                        "__typename": "DirectoryEdge",
                        "cursor": "NjI5",
                        "node": {
                            "__typename": "Game",
                            "activeDropCampaigns": [],
                            "avatarURL": "https://static-cdn.jtvnw.net/ttv-boxart/Nekopara%20Vol.1-285x380.jpg",
                            "directoryType": "GAME",
                            "displayName": "Nekopara Vol.1",
                            "id": "488766",
                            "name": "Nekopara Vol.1",
                            "viewersCount": 10
                        }
                    },
                    {
                        "__typename": "DirectoryEdge",
                        "cursor": "NjMw",
                        "node": {
                            "__typename": "Game",
                            "activeDropCampaigns": [],
                            "avatarURL": "https://static-cdn.jtvnw.net/ttv-boxart/Far%20Cry%203-285x380.jpg",
                            "directoryType": "GAME",
                            "displayName": "Far Cry 3",
                            "id": "29635",
                            "name": "Far Cry 3",
                            "viewersCount": 10
                        }
                    },
                    {
                        "__typename": "DirectoryEdge",
                        "cursor": "NjMx",
                        "node": {
                            "__typename": "Game",
                            "activeDropCampaigns": [],
                            "avatarURL": "https://static-cdn.jtvnw.net/ttv-boxart/Armored%20Warfare-285x380.jpg",
                            "directoryType": "GAME",
                            "displayName": "Armored Warfare",
                            "id": "459823",
                            "name": "Armored Warfare",
                            "viewersCount": 10
                        }
                    },
                    {
                        "__typename": "DirectoryEdge",
                        "cursor": "NjMy",
                        "node": {
                            "__typename": "Game",
                            "activeDropCampaigns": [],
                            "avatarURL": "https://static-cdn.jtvnw.net/ttv-boxart/ELEX-285x380.jpg",
                            "directoryType": "GAME",
                            "displayName": "ELEX",
                            "id": "490465",
                            "name": "ELEX",
                            "viewersCount": 10
                        }
                    },
                    {
                        "__typename": "DirectoryEdge",
                        "cursor": "NjMz",
                        "node": {
                            "__typename": "Game",
                            "activeDropCampaigns": [],
                            "avatarURL": "https://static-cdn.jtvnw.net/ttv-boxart/Grand%20Theft%20Auto:%20Liberty%20City%20Stories-285x380.jpg",
                            "directoryType": "GAME",
                            "displayName": "Grand Theft Auto: Liberty City Stories",
                            "id": "6167",
                            "name": "Grand Theft Auto: Liberty City Stories",
                            "viewersCount": 10
                        }
                    },
                    {
                        "__typename": "DirectoryEdge",
                        "cursor": "NjM0",
                        "node": {
                            "__typename": "Game",
                            "activeDropCampaigns": [],
                            "avatarURL": "https://static-cdn.jtvnw.net/ttv-boxart/BombTag-285x380.jpg",
                            "directoryType": "GAME",
                            "displayName": "BombTag",
                            "id": "503980",
                            "name": "BombTag",
                            "viewersCount": 10
                        }
                    },
                    {
                        "__typename": "DirectoryEdge",
                        "cursor": "NjM1",
                        "node": {
                            "__typename": "Game",
                            "activeDropCampaigns": [],
                            "avatarURL": "https://static-cdn.jtvnw.net/ttv-boxart/Anarchy%20Online-285x380.jpg",
                            "directoryType": "GAME",
                            "displayName": "Anarchy Online",
                            "id": "12369",
                            "name": "Anarchy Online",
                            "viewersCount": 10
                        }
                    },
                    {
                        "__typename": "DirectoryEdge",
                        "cursor": "NjM2",
                        "node": {
                            "__typename": "Game",
                            "activeDropCampaigns": [],
                            "avatarURL": "https://static-cdn.jtvnw.net/ttv-boxart/Mega%20Man%205-285x380.jpg",
                            "directoryType": "GAME",
                            "displayName": "Mega Man 5",
                            "id": "1124",
                            "name": "Mega Man 5",
                            "viewersCount": 10
                        }
                    },
                    {
                        "__typename": "DirectoryEdge",
                        "cursor": "NjM3",
                        "node": {
                            "__typename": "Game",
                            "activeDropCampaigns": [],
                            "avatarURL": "https://static-cdn.jtvnw.net/ttv-boxart/Princess%20Maker-285x380.jpg",
                            "directoryType": "GAME",
                            "displayName": "Princess Maker",
                            "id": "9023",
                            "name": "Princess Maker",
                            "viewersCount": 10
                        }
                    },
                    {
                        "__typename": "DirectoryEdge",
                        "cursor": "NjM4",
                        "node": {
                            "__typename": "Game",
                            "activeDropCampaigns": [],
                            "avatarURL": "https://static-cdn.jtvnw.net/ttv-boxart/Crash%20Bandicoot%202:%20Cortex%20Strikes%20Back-285x380.jpg",
                            "directoryType": "GAME",
                            "displayName": "Crash Bandicoot 2: Cortex Strikes Back",
                            "id": "7934",
                            "name": "Crash Bandicoot 2: Cortex Strikes Back",
                            "viewersCount": 10
                        }
                    },
                    {
                        "__typename": "DirectoryEdge",
                        "cursor": "NjM5",
                        "node": {
                            "__typename": "Game",
                            "activeDropCampaigns": [],
                            "avatarURL": "https://static-cdn.jtvnw.net/ttv-boxart/Bleach%20Brave%20Souls-285x380.jpg",
                            "directoryType": "GAME",
                            "displayName": "Bleach Brave Souls",
                            "id": "492984",
                            "name": "Bleach Brave Souls",
                            "viewersCount": 10
                        }
                    }
                ],
                "pageInfo": {
                    "__typename": "PageInfo",
                    "hasNextPage": true
                }
            }
        },
        "extensions": {
            "durationMilliseconds": 57,
            "operationName": "BrowsePage_AllDirectories"
        }
    }
]