[
    {
        "data": {
            "directories": {
                "__typename": "DirectoryConnection",
                "edges": [
                    {
                        "__typename": "DirectoryEdge",
                        "cursor": "NjM5",
                        "node": {
                            "__typename": "Game",
                            "activeDropCampaigns": [],
                            "avatarURL": "https://static-cdn.jtvnw.net/ttv-boxart/Bleach%20Brave%20Souls-285x380.jpg",
                            "directoryType": "GAME",
                            "displayName": "Bleach Brave Souls",
                            "id": "492984",
                            "name": "Bleach Brave Souls",
                            "viewersCount": 10
                        }
                    },
                    {
                        "__typename": "DirectoryEdge",
                        "cursor": "NjQw",
                        "node": {
                            "__typename": "Game",
                            "activeDropCampaigns": [],
                            "avatarURL": "https://static-cdn.jtvnw.net/ttv-boxart/A%20Hat%20in%20Time-285x380.jpg",
                            "directoryType": "GAME",
                            "displayName": "A Hat in Time",
                            "id": "369075",
                            "name": "A Hat in Time",
                            "viewersCount": 9
                        }
                    },
                    {
                        "__typename": "DirectoryEdge",
                        "cursor": "NjQx",
                        "node": {
                            "__typename": "Game",
                            "activeDropCampaigns": [],
                            "avatarURL": "https://static-cdn.jtvnw.net/ttv-boxart/Dead%20Rising%203-285x380.jpg",
                            "directoryType": "GAME",
                            "displayName": "Dead Rising 3",
                            "id": "369565",
                            "name": "Dead Rising 3",
                            "viewersCount": 9
                        }
                    },
                    {
                        "__typename": "DirectoryEdge",
                        "cursor": "NjQy",
                        "node": {
                            "__typename": "Game",
                            "activeDropCampaigns": [],
                            "avatarURL": "https://static-cdn.jtvnw.net/ttv-boxart/Virtual%20Reality-285x380.jpg",
                            "directoryType": "GAME",
                            "displayName": "Virtual Reality",
                            "id": "491171",
                            "name": "Virtual Reality",
                            "viewersCount": 9
                        }
                    },
                    {
                        "__typename": "DirectoryEdge",
                        "cursor": "NjQz",
                        "node": {
                            "__typename": "Game",
                            "activeDropCampaigns": [],
                            "avatarURL": "https://static-cdn.jtvnw.net/ttv-boxart/Robot-285x380.jpg",
                            "directoryType": "GAME",
                            "displayName": "Robot",
                            "id": "3509",
                            "name": "Robot",
                            "viewersCount": 9
                        }
                    },
                    {
                        "__typename": "DirectoryEdge",
                        "cursor": "NjQ0",
                        "node": {
                            "__typename": "Game",
                            "activeDropCampaigns": [],
                            "avatarURL": "https://static-cdn.jtvnw.net/ttv-boxart/Keep%20Talking%20and%20Nobody%20Explodes-285x380.jpg",
                            "directoryType": "GAME",
                            "displayName": "Keep Talking and Nobody Explodes",
                            "id": "461492",
                            "name": "Keep Talking and Nobody Explodes",
                            "viewersCount": 9
                        }
                    },
                    {
                        "__typename": "DirectoryEdge",
                        "cursor": "NjQ1",
                        "node": {
                            "__typename": "Game",
                            "activeDropCampaigns": [],
                            "avatarURL": "https://static-cdn.jtvnw.net/ttv-boxart/Super%20Robot%20Taisen%20V-285x380.jpg",
                            "directoryType": "GAME",
                            "displayName": "Super Robot Taisen V",
                            "id": "493639",
                            "name": "Super Robot Taisen V",
                            "viewersCount": 9
                        }
                    },
                    {
                        "__typename": "DirectoryEdge",
                        "cursor": "NjQ2",
                        "node": {
                            "__typename": "Game",
                            "activeDropCampaigns": [],
                            "avatarURL": "https://static-cdn.jtvnw.net/ttv-boxart/Boogeyman%202-285x380.jpg",
                            "directoryType": "GAME",
                            "displayName": "Boogeyman 2",
                            "id": "496067",
                            "name": "Boogeyman 2",
                            "viewersCount": 9
                        }
                    },
                    {
                        "__typename": "DirectoryEdge",
                        "cursor": "NjQ3",
                        "node": {
                            "__typename": "Game",
                            "activeDropCampaigns": [],
                            "avatarURL": "https://static-cdn.jtvnw.net/ttv-boxart/Sven%20Co-Op-285x380.jpg",
                            "directoryType": "GAME",
                            "displayName": "Sven Co-Op",
                            "id": "313189",
                            "name": "Sven Co-Op",
                            "viewersCount": 9
                        }
                    },
                    {
                        "__typename": "DirectoryEdge",
                        "cursor": "NjQ4",
                        "node": {
                            "__typename": "Game",
                            "activeDropCampaigns": [],
                            "avatarURL": "https://static-cdn.jtvnw.net/ttv-boxart/The%20King%20of%20Fighters%20%2797-285x380.jpg",
                            "directoryType": "GAME",
                            "displayName": "The King of Fighters '97",
                            "id": "3769",
                            "name": "The King of Fighters '97",
                            "viewersCount": 9
                        }
                    },
                    {
                        "__typename": "DirectoryEdge",
                        "cursor": "NjQ5",
                        "node": {
                            "__typename": "Game",
                            "activeDropCampaigns": [],
                            "avatarURL": "https://static-cdn.jtvnw.net/ttv-boxart/White%20Cat%20Project-285x380.jpg",
                            "directoryType": "GAME",
                            "displayName": "White Cat Project",
                            "id": "494238",
                            "name": "White Cat Project",
                            "viewersCount": 9
                        }
                    },
                    {
                        "__typename": "DirectoryEdge",
                        "cursor": "NjUw",
                        "node": {
                            "__typename": "Game",
                            "activeDropCampaigns": [],
                            "avatarURL": "https://static-cdn.jtvnw.net/ttv-boxart/Need%20for%20Speed:%20Most%20Wanted%20%282005%29-285x380.jpg",
                            "directoryType": "GAME",
                            "displayName": "Need for Speed: Most Wanted (2005)",
                            "id": "495711",
                            "name": "Need for Speed: Most Wanted (2005)",
                            "viewersCount": 9
                        }
                    },
                    {
                        "__typename": "DirectoryEdge",
                        "cursor": "NjUx",
                        "node": {
                            "__typename": "Game",
                            "activeDropCampaigns": [],
                            "avatarURL": "https://static-cdn.jtvnw.net/ttv-boxart/Atelier%20Lydie%20&%20Suelle:%20The%20Alchemists%20and%20the%20Mysterious%20Paintings-285x380.jpg",
                            "directoryType": "GAME",
                            "displayName": "Atelier Lydie & Suelle: The Alchemists and the Mysterious Paintings",
                            "id": "498358",
                            "name": "Atelier Lydie & Suelle: The Alchemists and the Mysterious Paintings",
                            "viewersCount": 9
                        }
                    },
                    {
                        "__typename": "DirectoryEdge",
                        "cursor": "NjUy",
                        "node": {
                            "__typename": "Game",
                            "activeDropCampaigns": [],
                            "avatarURL": "https://static-cdn.jtvnw.net/ttv-boxart/Borderlands-285x380.jpg",
                            "directoryType": "GAME",
                            "displayName": "Borderlands",
                            "id": "18734",
                            "name": "Borderlands",
                            "viewersCount": 9
                        }
                    },
                    {
                        "__typename": "DirectoryEdge",
                        "cursor": "NjUz",
                        "node": {
                            "__typename": "Game",
                            "activeDropCampaigns": [],
                            "avatarURL": "https://static-cdn.jtvnw.net/ttv-boxart/Kritika%20Online-285x380.jpg",
                            "directoryType": "GAME",
                            "displayName": "Kritika Online",
                            "id": "313639",
                            "name": "Kritika Online",
                            "viewersCount": 9
                        }
                    },
                    {
                        "__typename": "DirectoryEdge",
                        "cursor": "NjU0",
                        "node": {
                            "__typename": "Game",
                            "activeDropCampaigns": [],
                            "avatarURL": "https://static-cdn.jtvnw.net/ttv-boxart/Fallout%202-285x380.jpg",
                            "directoryType": "GAME",
                            "displayName": "Fallout 2",
                            "id": "5097",
                            "name": "Fallout 2",
                            "viewersCount": 9
                        }
                    },
                    {
                        "__typename": "DirectoryEdge",
                        "cursor": "NjU1",
                        "node": {
                            "__typename": "Game",
                            "activeDropCampaigns": [],
                            "avatarURL": "https://static-cdn.jtvnw.net/ttv-boxart/Dreadnought-285x380.jpg",
                            "directoryType": "GAME",
                            "displayName": "Dreadnought",
                            "id": "460652",
                            "name": "Dreadnought",
                            "viewersCount": 9
                        }
                    },
                    {
                        "__typename": "DirectoryEdge",
                        "cursor": "NjU2",
                        "node": {
                            "__typename": "Game",
                            "activeDropCampaigns": [],
                            "avatarURL": "https://static-cdn.jtvnw.net/ttv-boxart/Deus%20Ex:%20Mankind%20Divided-285x380.jpg",
                            "directoryType": "GAME",
                            "displayName": "Deus Ex: Mankind Divided",
                            "id": "489376",
                            "name": "Deus Ex: Mankind Divided",
                            "viewersCount": 9
                        }
                    },
                    {
                        "__typename": "DirectoryEdge",
                        "cursor": "NjU3",
                        "node": {
                            "__typename": "Game",
                            "activeDropCampaigns": [],
                            "avatarURL": "https://static-cdn.jtvnw.net/ttv-boxart/NetHack-285x380.jpg",
                            "directoryType": "GAME",
                            "displayName": "NetHack",
                            "id": "130",
                            "name": "NetHack",
                            "viewersCount": 9
                        }
                    },
                    {
                        "__typename": "DirectoryEdge",
                        "cursor": "NjU4",
                        "node": {
                            "__typename": "Game",
                            "activeDropCampaigns": [],
                            "avatarURL": "https://static-cdn.jtvnw.net/ttv-boxart/Heroes%20of%20Might%20and%20Magic%20II:%20The%20Price%20of%20Loyalty-285x380.jpg",
                            "directoryType": "GAME",
                            "displayName": "Heroes of Might and Magic II: The Price of Loyalty",
                            "id": "17462",
                            "name": "Heroes of Might and Magic II: The Price of Loyalty",
                            "viewersCount": 9
                        }
                    },
                    {
                        "__typename": "DirectoryEdge",
                        "cursor": "NjU5",
                        "node": {
                            "__typename": "Game",
                            "activeDropCampaigns": [],
                            "avatarURL": "https://static-cdn.jtvnw.net/ttv-boxart/Dragon%20Warrior%20VII-285x380.jpg",
                            "directoryType": "GAME",
                            "displayName": "Dragon Warrior VII",
                            "id": "2066",
                            "name": "Dragon Warrior VII",
                            "viewersCount": 9
                        }
                    },
                    {
                        "__typename": "DirectoryEdge",
                        "cursor": "NjYw",
                        "node": {
                            "__typename": "Game",
                            "activeDropCampaigns": [],
                            "avatarURL": "https://static-cdn.jtvnw.net/ttv-boxart/Alundra-285x380.jpg",
                            "directoryType": "GAME",
                            "displayName": "Alundra",
                            "id": "5106",
                            "name": "Alundra",
                            "viewersCount": 9
                        }
                    },
                    {
                        "__typename": "DirectoryEdge",
                        "cursor": "NjYx",
                        "node": {
                            "__typename": "Game",
                            "activeDropCampaigns": [],
                            "avatarURL": "https://static-cdn.jtvnw.net/ttv-boxart/Lightning%20Returns:%20Final%20Fantasy%20XIII-285x380.jpg",
                            "directoryType": "GAME",
                            "displayName": "Lightning Returns: Final Fantasy XIII",
                            "id": "67475",
                            "name": "Lightning Returns: Final Fantasy XIII",
                            "viewersCount": 9
                        }
                    },
                    {
                        "__typename": "DirectoryEdge",
                        "cursor": "NjYy",
                        "node": {
                            "__typename": "Game",
                            "activeDropCampaigns": [],
                            "avatarURL": "https://static-cdn.jtvnw.net/ttv-boxart/Disney%20Tangled:%20The%20Video%20Game-285x380.jpg",
                            "directoryType": "GAME",
                            "displayName": "Disney Tangled: The Video Game",
                            "id": "29954",
                            "name": "Disney Tangled: The Video Game",
                            "viewersCount": 9
                        }
                    },
                    {
                        "__typename": "DirectoryEdge",
                        "cursor": "NjYz",
                        "node": {
                            "__typename": "Game",
                            "activeDropCampaigns": [],
                            "avatarURL": "https://static-cdn.jtvnw.net/ttv-boxart/Robocraft-285x380.jpg",
                            "directoryType": "GAME",
                            "displayName": "Robocraft",
                            "id": "414999",
                            "name": "Robocraft",
                            "viewersCount": 9
                        }
                    },
                    {
                        "__typename": "DirectoryEdge",
                        "cursor": "NjY0",
                        "node": {
                            "__typename": "Game",
                            "activeDropCampaigns": [],
                            "avatarURL": "https://static-cdn.jtvnw.net/ttv-boxart/Redout-285x380.jpg",
                            "directoryType": "GAME",
                            "displayName": "Redout",
                            "id": "493059",
                            "name": "Redout",
                            "viewersCount": 9
                        }
                    },
                    {
                        "__typename": "DirectoryEdge",
                        "cursor": "NjY1",
                        "node": {
                            "__typename": "Game",
                            "activeDropCampaigns": [],
                            "avatarURL": "https://static-cdn.jtvnw.net/ttv-boxart/Bendy%20and%20the%20Ink%20Machine-285x380.jpg",
                            "directoryType": "GAME",
                            "displayName": "Bendy and the Ink Machine",
                            "id": "496431",
                            "name": "Bendy and the Ink Machine",
                            "viewersCount": 9
                        }
                    },
                    {
                        "__typename": "DirectoryEdge",
                        "cursor": "NjY2",
                        "node": {
                            "__typename": "Game",
                            "activeDropCampaigns": [],
                            "avatarURL": "https://static-cdn.jtvnw.net/ttv-boxart/Mega%20Man%20X-285x380.jpg",
                            "directoryType": "GAME",
                            "displayName": "Mega Man X",
                            "id": "8676",
                            "name": "Mega Man X",
                            "viewersCount": 8
                        }
                    },
                    {
                        "__typename": "DirectoryEdge",
                        "cursor": "NjY3",
                        "node": {
                            "__typename": "Game",
                            "activeDropCampaigns": [],
                            "avatarURL": "https://static-cdn.jtvnw.net/ttv-boxart/Monster%20Hunter%20Freedom%20Unite-285x380.jpg",
                            "directoryType": "GAME",
                            "displayName": "Monster Hunter Freedom Unite",
                            "id": "23438",
                            "name": "Monster Hunter Freedom Unite",
                            "viewersCount": 8
                        }
                    },
                    {
                        "__typename": "DirectoryEdge",
                        "cursor": "NjY4",
                        "node": {
                            "__typename": "Game",
                            "activeDropCampaigns": [],
                            "avatarURL": "https://static-cdn.jtvnw.net/ttv-boxart/Free%20Fire:%20Battlegrounds-285x380.jpg",
                            "directoryType": "GAME",
                            "displayName": "Free Fire: Battlegrounds",
                            "id": "502732",
                            "name": "Free Fire: Battlegrounds",
                            "viewersCount": 8
                        }
                    }
                ],
                "pageInfo": {
                    "__typename": "PageInfo",
                    "hasNextPage": true
                }
            }
        },
        "extensions": {
            "durationMilliseconds": 46,
            "operationName": "BrowsePage_AllDirectories"
        }
    }
]