[
    {
        "data": {
            "directories": {
                "__typename": "DirectoryConnection",
                "edges": [
                    {
                        "__typename": "DirectoryEdge",
                        "cursor": "NjY4",
                        "node": {
                            "__typename": "Game",
                            "activeDropCampaigns": [],
                            "avatarURL": "https://static-cdn.jtvnw.net/ttv-boxart/Free%20Fire:%20Battlegrounds-285x380.jpg",
                            "directoryType": "GAME",
                            "displayName": "Free Fire: Battlegrounds",
                            "id": "502732",
                            "name": "Free Fire: Battlegrounds",
                            "viewersCount": 8
                        }
                    },
                    {
                        "__typename": "DirectoryEdge",
                        "cursor": "NjY5",
                        "node": {
                            "__typename": "Game",
                            "activeDropCampaigns": [],
                            "avatarURL": "https://static-cdn.jtvnw.net/ttv-boxart/Dragon%20Quest%20IV:%20Chapters%20of%20the%20Chosen-285x380.jpg",
                            "directoryType": "GAME",
                            "displayName": "Dragon Quest IV: Chapters of the Chosen",
                            "id": "20593",
                            "name": "Dragon Quest IV: Chapters of the Chosen",
                            "viewersCount": 8
                        }
                    },
                    {
                        "__typename": "DirectoryEdge",
                        "cursor": "Njcw",
                        "node": {
                            "__typename": "Game",
                            "activeDropCampaigns": [],
                            "avatarURL": "https://static-cdn.jtvnw.net/ttv-boxart/The%20Legend%20of%20Zelda-285x380.jpg",
                            "directoryType": "GAME",
                            "displayName": "The Legend of Zelda",
                            "id": "10979",
                            "name": "The Legend of Zelda",
                            "viewersCount": 8
                        }
                    },
                    {
                        "__typename": "DirectoryEdge",
                        "cursor": "Njcx",
                        "node": {
                            "__typename": "Game",
                            "activeDropCampaigns": [],
                            "avatarURL": "https://static-cdn.jtvnw.net/ttv-boxart/Bastion-285x380.jpg",
                            "directoryType": "GAME",
                            "displayName": "Bastion",
                            "id": "28897",
                            "name": "Bastion",
                            "viewersCount": 8
                        }
                    },
                    {
                        "__typename": "DirectoryEdge",
                        "cursor": "Njcy",
                        "node": {
                            "__typename": "Game",
                            "activeDropCampaigns": [],
                            "avatarURL": "https://static-cdn.jtvnw.net/ttv-boxart/Diddy%20Kong%20Racing-285x380.jpg",
                            "directoryType": "GAME",
                            "displayName": "Diddy Kong Racing",
                            "id": "14660",
                            "name": "Diddy Kong Racing",
                            "viewersCount": 8
                        }
                    },
                    {
                        "__typename": "DirectoryEdge",
                        "cursor": "Njcz",
                        "node": {
                            "__typename": "Game",
                            "activeDropCampaigns": [],
                            "avatarURL": "https://static-cdn.jtvnw.net/ttv-boxart/Final%20Fantasy%20IV-285x380.jpg",
                            "directoryType": "GAME",
                            "displayName": "Final Fantasy IV",
                            "id": "19023",
                            "name": "Final Fantasy IV",
                            "viewersCount": 8
                        }
                    },
                    {
                        "__typename": "DirectoryEdge",
                        "cursor": "Njc0",
                        "node": {
                            "__typename": "Game",
                            "activeDropCampaigns": [],
                            "avatarURL": "https://static-cdn.jtvnw.net/ttv-boxart/Dead%20Maze-285x380.jpg",
                            "directoryType": "GAME",
                            "displayName": "Dead Maze",
                            "id": "500611",
                            "name": "Dead Maze",
                            "viewersCount": 8
                        }
                    },
                    {
                        "__typename": "DirectoryEdge",
                        "cursor": "Njc1",
                        "node": {
                            "__typename": "Game",
                            "activeDropCampaigns": [],
                            "avatarURL": "https://static-cdn.jtvnw.net/ttv-boxart/Shironeko%20Project-285x380.jpg",
                            "directoryType": "GAME",
                            "displayName": "Shironeko Project",
                            "id": "494914",
                            "name": "Shironeko Project",
                            "viewersCount": 8
                        }
                    },
                    {
                        "__typename": "DirectoryEdge",
                        "cursor": "Njc2",
                        "node": {
                            "__typename": "Game",
                            "activeDropCampaigns": [],
                            "avatarURL": "https://static-cdn.jtvnw.net/ttv-boxart/Insurgency-285x380.jpg",
                            "directoryType": "GAME",
                            "displayName": "Insurgency",
                            "id": "21769",
                            "name": "Insurgency",
                            "viewersCount": 8
                        }
                    },
                    {
                        "__typename": "DirectoryEdge",
                        "cursor": "Njc3",
                        "node": {
                            "__typename": "Game",
                            "activeDropCampaigns": [],
                            "avatarURL": "https://static-cdn.jtvnw.net/ttv-boxart/Anno%202070-285x380.jpg",
                            "directoryType": "GAME",
                            "displayName": "Anno 2070",
                            "id": "31169",
                            "name": "Anno 2070",
                            "viewersCount": 8
                        }
                    },
                    {
                        "__typename": "DirectoryEdge",
                        "cursor": "Njc4",
                        "node": {
                            "__typename": "Game",
                            "activeDropCampaigns": [],
                            "avatarURL": "https://static-cdn.jtvnw.net/ttv-boxart/MINDNIGHT-285x380.jpg",
                            "directoryType": "GAME",
                            "displayName": "MINDNIGHT",
                            "id": "500637",
                            "name": "MINDNIGHT",
                            "viewersCount": 8
                        }
                    },
                    {
                        "__typename": "DirectoryEdge",
                        "cursor": "Njc5",
                        "node": {
                            "__typename": "Game",
                            "activeDropCampaigns": [],
                            "avatarURL": "https://static-cdn.jtvnw.net/ttv-boxart/Theme%20Hospital-285x380.jpg",
                            "directoryType": "GAME",
                            "displayName": "Theme Hospital",
                            "id": "11203",
                            "name": "Theme Hospital",
                            "viewersCount": 8
                        }
                    },
                    {
                        "__typename": "DirectoryEdge",
                        "cursor": "Njgw",
                        "node": {
                            "__typename": "Game",
                            "activeDropCampaigns": [],
                            "avatarURL": "https://static-cdn.jtvnw.net/ttv-boxart/Silent%20Hill:%20Homecoming-285x380.jpg",
                            "directoryType": "GAME",
                            "displayName": "Silent Hill: Homecoming",
                            "id": "18864",
                            "name": "Silent Hill: Homecoming",
                            "viewersCount": 8
                        }
                    },
                    {
                        "__typename": "DirectoryEdge",
                        "cursor": "Njgx",
                        "node": {
                            "__typename": "Game",
                            "activeDropCampaigns": [],
                            "avatarURL": "https://static-cdn.jtvnw.net/ttv-boxart/Neverwinter%20Nights-285x380.jpg",
                            "directoryType": "GAME",
                            "displayName": "Neverwinter Nights",
                            "id": "439",
                            "name": "Neverwinter Nights",
                            "viewersCount": 8
                        }
                    },
                    {
                        "__typename": "DirectoryEdge",
                        "cursor": "Njgy",
                        "node": {
                            "__typename": "Game",
                            "activeDropCampaigns": [],
                            "avatarURL": "https://static-cdn.jtvnw.net/ttv-boxart/HITMAN-285x380.jpg",
                            "directoryType": "GAME",
                            "displayName": "HITMAN",
                            "id": "491471",
                            "name": "HITMAN",
                            "viewersCount": 8
                        }
                    },
                    {
                        "__typename": "DirectoryEdge",
                        "cursor": "Njgz",
                        "node": {
                            "__typename": "Game",
                            "activeDropCampaigns": [],
                            "avatarURL": "https://static-cdn.jtvnw.net/ttv-boxart/Alpha%20Protocol-285x380.jpg",
                            "directoryType": "GAME",
                            "displayName": "Alpha Protocol",
                            "id": "19159",
                            "name": "Alpha Protocol",
                            "viewersCount": 8
                        }
                    },
                    {
                        "__typename": "DirectoryEdge",
                        "cursor": "Njg0",
                        "node": {
                            "__typename": "Game",
                            "activeDropCampaigns": [],
                            "avatarURL": "https://static-cdn.jtvnw.net/ttv-boxart/Monster%20Hunter%20Frontier%20Z-285x380.jpg",
                            "directoryType": "GAME",
                            "displayName": "Monster Hunter Frontier Z",
                            "id": "494266",
                            "name": "Monster Hunter Frontier Z",
                            "viewersCount": 8
                        }
                    },
                    {
                        "__typename": "DirectoryEdge",
                        "cursor": "Njg1",
                        "node": {
                            "__typename": "Game",
                            "activeDropCampaigns": [],
                            "avatarURL": "https://static-cdn.jtvnw.net/ttv-boxart/S.T.A.L.K.E.R.:%20Shadow%20of%20Chernobyl-285x380.jpg",
                            "directoryType": "GAME",
                            "displayName": "S.T.A.L.K.E.R.: Shadow of Chernobyl",
                            "id": "10775",
                            "name": "S.T.A.L.K.E.R.: Shadow of Chernobyl",
                            "viewersCount": 8
                        }
                    },
                    {
                        "__typename": "DirectoryEdge",
                        "cursor": "Njg2",
                        "node": {
                            "__typename": "Game",
                            "activeDropCampaigns": [],
                            "avatarURL": "https://static-cdn.jtvnw.net/ttv-boxart/R2%20Online:%20Reign%20of%20Revolution-285x380.jpg",
                            "directoryType": "GAME",
                            "displayName": "R2 Online: Reign of Revolution",
                            "id": "502829",
                            "name": "R2 Online: Reign of Revolution",
                            "viewersCount": 8
                        }
                    },
                    {
                        "__typename": "DirectoryEdge",
                        "cursor": "Njg3",
                        "node": {
                            "__typename": "Game",
                            "activeDropCampaigns": [],
                            "avatarURL": "https://static-cdn.jtvnw.net/ttv-boxart/Gold%20Rush:%20The%20Game-285x380.jpg",
                            "directoryType": "GAME",
                            "displayName": "Gold Rush: The Game",
                            "id": "497572",
                            "name": "Gold Rush: The Game",
                            "viewersCount": 8
                        }
                    },
                    {
                        "__typename": "DirectoryEdge",
                        "cursor": "Njg4",
                        "node": {
                            "__typename": "Game",
                            "activeDropCampaigns": [],
                            "avatarURL": "https://static-cdn.jtvnw.net/ttv-boxart/Project%20Zomboid-285x380.jpg",
                            "directoryType": "GAME",
                            "displayName": "Project Zomboid",
                            "id": "31339",
                            "name": "Project Zomboid",
                            "viewersCount": 8
                        }
                    },
                    {
                        "__typename": "DirectoryEdge",
                        "cursor": "Njg5",
                        "node": {
                            "__typename": "Game",
                            "activeDropCampaigns": [],
                            "avatarURL": "https://static-cdn.jtvnw.net/ttv-boxart/WGT%20Golf-285x380.jpg",
                            "directoryType": "GAME",
                            "displayName": "WGT Golf",
                            "id": "77837",
                            "name": "WGT Golf",
                            "viewersCount": 8
                        }
                    },
                    {
                        "__typename": "DirectoryEdge",
                        "cursor": "Njkw",
                        "node": {
                            "__typename": "Game",
                            "activeDropCampaigns": [],
                            "avatarURL": "https://static-cdn.jtvnw.net/ttv-boxart/Ghost%20of%20a%20Tale-285x380.jpg",
                            "directoryType": "GAME",
                            "displayName": "Ghost of a Tale",
                            "id": "369141",
                            "name": "Ghost of a Tale",
                            "viewersCount": 8
                        }
                    },
                    {
                        "__typename": "DirectoryEdge",
                        "cursor": "Njkx",
                        "node": {
                            "__typename": "Game",
                            "activeDropCampaigns": [],
                            "avatarURL": "https://static-cdn.jtvnw.net/ttv-boxart/My%20Little%20Pony%20-%20Friendship%20is%20Magic-285x380.jpg",
                            "directoryType": "GAME",
                            "displayName": "My Little Pony - Friendship is Magic",
                            "id": "81274",
                            "name": "My Little Pony - Friendship is Magic",
                            "viewersCount": 8
                        }
                    },
                    {
                        "__typename": "DirectoryEdge",
                        "cursor": "Njky",
                        "node": {
                            "__typename": "Game",
                            "activeDropCampaigns": [],
                            "avatarURL": "https://static-cdn.jtvnw.net/ttv-boxart/Lockheed%20Martin:%20Prepar3D-285x380.jpg",
                            "directoryType": "GAME",
                            "displayName": "Lockheed Martin: Prepar3D",
                            "id": "493543",
                            "name": "Lockheed Martin: Prepar3D",
                            "viewersCount": 7
                        }
                    },
                    {
                        "__typename": "DirectoryEdge",
                        "cursor": "Njkz",
                        "node": {
                            "__typename": "Game",
                            "activeDropCampaigns": [],
                            "avatarURL": "https://static-cdn.jtvnw.net/ttv-boxart/Wolcen:%20Lords%20of%20Mayhem-285x380.jpg",
                            "directoryType": "GAME",
                            "displayName": "Wolcen: Lords of Mayhem",
                            "id": "491925",
                            "name": "Wolcen: Lords of Mayhem",
                            "viewersCount": 7
                        }
                    },
                    {
                        "__typename": "DirectoryEdge",
                        "cursor": "Njk0",
                        "node": {
                            "__typename": "Game",
                            "activeDropCampaigns": [],
                            "avatarURL": "https://static-cdn.jtvnw.net/ttv-boxart/To%20the%20Moon-285x380.jpg",
                            "directoryType": "GAME",
                            "displayName": "To the Moon",
                            "id": "32513",
                            "name": "To the Moon",
                            "viewersCount": 7
                        }
                    },
                    {
                        "__typename": "DirectoryEdge",
                        "cursor": "Njk1",
                        "node": {
                            "__typename": "Game",
                            "activeDropCampaigns": [],
                            "avatarURL": "https://static-cdn.jtvnw.net/ttv-boxart/The%20Legend%20of%20Zelda:%20Twilight%20Princess-285x380.jpg",
                            "directoryType": "GAME",
                            "displayName": "The Legend of Zelda: Twilight Princess",
                            "id": "17828",
                            "name": "The Legend of Zelda: Twilight Princess",
                            "viewersCount": 7
                        }
                    },
                    {
                        "__typename": "DirectoryEdge",
                        "cursor": "Njk2",
                        "node": {
                            "__typename": "Game",
                            "activeDropCampaigns": [],
                            "avatarURL": "https://static-cdn.jtvnw.net/ttv-boxart/Middle-earth:%20Shadow%20of%20War-285x380.jpg",
                            "directoryType": "GAME",
                            "displayName": "Middle-earth: Shadow of War",
                            "id": "496000",
                            "name": "Middle-earth: Shadow of War",
                            "viewersCount": 7
                        }
                    },
                    {
                        "__typename": "DirectoryEdge",
                        "cursor": "Njk3",
                        "node": {
                            "__typename": "Game",
                            "activeDropCampaigns": [],
                            "avatarURL": "https://static-cdn.jtvnw.net/ttv-boxart/Earth%20Defense%20Force%204.1:%20The%20Shadow%20of%20New%20Despair-285x380.jpg",
                            "directoryType": "GAME",
                            "displayName": "Earth Defense Force 4.1: The Shadow of New Despair",
                            "id": "476437",
                            "name": "Earth Defense Force 4.1: The Shadow of New Despair",
                            "viewersCount": 7
                        }
                    }
                ],
                "pageInfo": {
                    "__typename": "PageInfo",
                    "hasNextPage": true
                }
            }
        },
        "extensions": {
            "durationMilliseconds": 92,
            "operationName": "BrowsePage_AllDirectories"
        }
    }
]