[
    {
        "data": {
            "directories": {
                "__typename": "DirectoryConnection",
                "edges": [
                    {
                        "__typename": "DirectoryEdge",
                        "cursor": "Njk3",
                        "node": {
                            "__typename": "Game",
                            "activeDropCampaigns": [],
                            "avatarURL": "https://static-cdn.jtvnw.net/ttv-boxart/Earth%20Defense%20Force%204.1:%20The%20Shadow%20of%20New%20Despair-285x380.jpg",
                            "directoryType": "GAME",
                            "displayName": "Earth Defense Force 4.1: The Shadow of New Despair",
                            "id": "476437",
                            "name": "Earth Defense Force 4.1: The Shadow of New Despair",
                            "viewersCount": 7
                        }
                    },
                    {
                        "__typename": "DirectoryEdge",
                        "cursor": "Njk4",
                        "node": {
                            "__typename": "Game",
                            "activeDropCampaigns": [],
                            "avatarURL": "https://static-cdn.jtvnw.net/ttv-boxart/Tomb%20Raider-285x380.jpg",
                            "directoryType": "GAME",
                            "displayName": "Tomb Raider",
                            "id": "2770",
                            "name": "Tomb Raider",
                            "viewersCount": 7
                        }
                    },
                    {
                        "__typename": "DirectoryEdge",
                        "cursor": "Njk5",
                        "node": {
                            "__typename": "Game",
                            "activeDropCampaigns": [],
                            "avatarURL": "https://static-cdn.jtvnw.net/ttv-boxart/Tao-285x380.jpg",
                            "directoryType": "GAME",
                            "displayName": "Tao",
                            "id": "495138",
                            "name": "Tao",
                            "viewersCount": 7
                        }
                    },
                    {
                        "__typename": "DirectoryEdge",
                        "cursor": "NzAw",
                        "node": {
                            "__typename": "Game",
                            "activeDropCampaigns": [],
                            "avatarURL": "https://static-cdn.jtvnw.net/ttv-boxart/Super%20Monkey%20Ball-285x380.jpg",
                            "directoryType": "GAME",
                            "displayName": "Super Monkey Ball",
                            "id": "6624",
                            "name": "Super Monkey Ball",
                            "viewersCount": 7
                        }
                    },
                    {
                        "__typename": "DirectoryEdge",
                        "cursor": "NzAx",
                        "node": {
                            "__typename": "Game",
                            "activeDropCampaigns": [],
                            "avatarURL": "https://static-cdn.jtvnw.net/ttv-boxart/Rage-285x380.jpg",
                            "directoryType": "GAME",
                            "displayName": "Rage",
                            "id": "18892",
                            "name": "Rage",
                            "viewersCount": 7
                        }
                    },
                    {
                        "__typename": "DirectoryEdge",
                        "cursor": "NzAy",
                        "node": {
                            "__typename": "Game",
                            "activeDropCampaigns": [],
                            "avatarURL": "https://static-cdn.jtvnw.net/ttv-boxart/Batman:%20Arkham%20Asylum-285x380.jpg",
                            "directoryType": "GAME",
                            "displayName": "Batman: Arkham Asylum",
                            "id": "21101",
                            "name": "Batman: Arkham Asylum",
                            "viewersCount": 7
                        }
                    },
                    {
                        "__typename": "DirectoryEdge",
                        "cursor": "NzAz",
                        "node": {
                            "__typename": "Game",
                            "activeDropCampaigns": [],
                            "avatarURL": "https://static-cdn.jtvnw.net/ttv-boxart/Will%20To%20Live%20Online-285x380.jpg",
                            "directoryType": "GAME",
                            "displayName": "Will To Live Online",
                            "id": "499641",
                            "name": "Will To Live Online",
                            "viewersCount": 7
                        }
                    },
                    {
                        "__typename": "DirectoryEdge",
                        "cursor": "NzA0",
                        "node": {
                            "__typename": "Game",
                            "activeDropCampaigns": [],
                            "avatarURL": "https://static-cdn.jtvnw.net/ttv-boxart/Far%20Cry:%20Primal-285x380.jpg",
                            "directoryType": "GAME",
                            "displayName": "Far Cry: Primal",
                            "id": "490919",
                            "name": "Far Cry: Primal",
                            "viewersCount": 7
                        }
                    },
                    {
                        "__typename": "DirectoryEdge",
                        "cursor": "NzA1",
                        "node": {
                            "__typename": "Game",
                            "activeDropCampaigns": [],
                            "avatarURL": "https://static-cdn.jtvnw.net/ttv-boxart/Killer%20Instinct-285x380.jpg",
                            "directoryType": "GAME",
                            "displayName": "Killer Instinct",
                            "id": "16951",
                            "name": "Killer Instinct",
                            "viewersCount": 7
                        }
                    },
                    {
                        "__typename": "DirectoryEdge",
                        "cursor": "NzA2",
                        "node": {
                            "__typename": "Game",
                            "activeDropCampaigns": [],
                            "avatarURL": "https://static-cdn.jtvnw.net/ttv-boxart/Zwift-285x380.jpg",
                            "directoryType": "GAME",
                            "displayName": "Zwift",
                            "id": "490959",
                            "name": "Zwift",
                            "viewersCount": 7
                        }
                    },
                    {
                        "__typename": "DirectoryEdge",
                        "cursor": "NzA3",
                        "node": {
                            "__typename": "Game",
                            "activeDropCampaigns": [],
                            "avatarURL": "https://static-cdn.jtvnw.net/ttv-boxart/LEGO%20Rock%20Raiders-285x380.jpg",
                            "directoryType": "GAME",
                            "displayName": "LEGO Rock Raiders",
                            "id": "9147",
                            "name": "LEGO Rock Raiders",
                            "viewersCount": 7
                        }
                    },
                    {
                        "__typename": "DirectoryEdge",
                        "cursor": "NzA4",
                        "node": {
                            "__typename": "Game",
                            "activeDropCampaigns": [],
                            "avatarURL": "https://static-cdn.jtvnw.net/ttv-boxart/Mafia%20III-285x380.jpg",
                            "directoryType": "GAME",
                            "displayName": "Mafia III",
                            "id": "490432",
                            "name": "Mafia III",
                            "viewersCount": 7
                        }
                    },
                    {
                        "__typename": "DirectoryEdge",
                        "cursor": "NzA5",
                        "node": {
                            "__typename": "Game",
                            "activeDropCampaigns": [],
                            "avatarURL": "https://static-cdn.jtvnw.net/ttv-boxart/Castlevania:%20Lords%20of%20Shadow-285x380.jpg",
                            "directoryType": "GAME",
                            "displayName": "Castlevania: Lords of Shadow",
                            "id": "21493",
                            "name": "Castlevania: Lords of Shadow",
                            "viewersCount": 7
                        }
                    },
                    {
                        "__typename": "DirectoryEdge",
                        "cursor": "NzEw",
                        "node": {
                            "__typename": "Game",
                            "activeDropCampaigns": [],
                            "avatarURL": "https://static-cdn.jtvnw.net/ttv-boxart/Command%20&%20Conquer:%20Red%20Alert%202-285x380.jpg",
                            "directoryType": "GAME",
                            "displayName": "Command & Conquer: Red Alert 2",
                            "id": "16580",
                            "name": "Command & Conquer: Red Alert 2",
                            "viewersCount": 7
                        }
                    },
                    {
                        "__typename": "DirectoryEdge",
                        "cursor": "NzEx",
                        "node": {
                            "__typename": "Game",
                            "activeDropCampaigns": [],
                            "avatarURL": "https://static-cdn.jtvnw.net/ttv-boxart/Dragon%20Age:%20Origins-285x380.jpg",
                            "directoryType": "GAME",
                            "displayName": "Dragon Age: Origins",
                            "id": "18958",
                            "name": "Dragon Age: Origins",
                            "viewersCount": 7
                        }
                    },
                    {
                        "__typename": "DirectoryEdge",
                        "cursor": "NzEy",
                        "node": {
                            "__typename": "Game",
                            "activeDropCampaigns": [],
                            "avatarURL": "https://static-cdn.jtvnw.net/ttv-boxart/South%20Park:%20Phone%20Destroyer-285x380.jpg",
                            "directoryType": "GAME",
                            "displayName": "South Park: Phone Destroyer",
                            "id": "497425",
                            "name": "South Park: Phone Destroyer",
                            "viewersCount": 7
                        }
                    },
                    {
                        "__typename": "DirectoryEdge",
                        "cursor": "NzEz",
                        "node": {
                            "__typename": "Game",
                            "activeDropCampaigns": [],
                            "avatarURL": "https://static-cdn.jtvnw.net/ttv-boxart/Final%20Fantasy%20Tactics%20Advance-285x380.jpg",
                            "directoryType": "GAME",
                            "displayName": "Final Fantasy Tactics Advance",
                            "id": "7994",
                            "name": "Final Fantasy Tactics Advance",
                            "viewersCount": 7
                        }
                    },
                    {
                        "__typename": "DirectoryEdge",
                        "cursor": "NzE0",
                        "node": {
                            "__typename": "Game",
                            "activeDropCampaigns": [],
                            "avatarURL": "https://static-cdn.jtvnw.net/ttv-boxart/Modern%20Warfare%202-285x380.jpg",
                            "directoryType": "GAME",
                            "displayName": "Modern Warfare 2",
                            "id": "22393",
                            "name": "Modern Warfare 2",
                            "viewersCount": 7
                        }
                    },
                    {
                        "__typename": "DirectoryEdge",
                        "cursor": "NzE1",
                        "node": {
                            "__typename": "Game",
                            "activeDropCampaigns": [],
                            "avatarURL": "https://static-cdn.jtvnw.net/ttv-boxart/Crypt%20of%20the%20NecroDancer-285x380.jpg",
                            "directoryType": "GAME",
                            "displayName": "Crypt of the NecroDancer",
                            "id": "313444",
                            "name": "Crypt of the NecroDancer",
                            "viewersCount": 7
                        }
                    },
                    {
                        "__typename": "DirectoryEdge",
                        "cursor": "NzE2",
                        "node": {
                            "__typename": "Game",
                            "activeDropCampaigns": [],
                            "avatarURL": "https://static-cdn.jtvnw.net/ttv-boxart/Life%20is%20Feudal:%20MMO-285x380.jpg",
                            "directoryType": "GAME",
                            "displayName": "Life is Feudal: MMO",
                            "id": "500184",
                            "name": "Life is Feudal: MMO",
                            "viewersCount": 7
                        }
                    },
                    {
                        "__typename": "DirectoryEdge",
                        "cursor": "NzE3",
                        "node": {
                            "__typename": "Game",
                            "activeDropCampaigns": [],
                            "avatarURL": "https://static-cdn.jtvnw.net/ttv-boxart/Cyphers%20Online-285x380.jpg",
                            "directoryType": "GAME",
                            "displayName": "Cyphers Online",
                            "id": "458634",
                            "name": "Cyphers Online",
                            "viewersCount": 7
                        }
                    },
                    {
                        "__typename": "DirectoryEdge",
                        "cursor": "NzE4",
                        "node": {
                            "__typename": "Game",
                            "activeDropCampaigns": [],
                            "avatarURL": "https://static-cdn.jtvnw.net/ttv-boxart/South%20Park:%20The%20Fractured%20But%20Whole-285x380.jpg",
                            "directoryType": "GAME",
                            "displayName": "South Park: The Fractured But Whole",
                            "id": "490378",
                            "name": "South Park: The Fractured But Whole",
                            "viewersCount": 7
                        }
                    },
                    {
                        "__typename": "DirectoryEdge",
                        "cursor": "NzE5",
                        "node": {
                            "__typename": "Game",
                            "activeDropCampaigns": [],
                            "avatarURL": "https://static-cdn.jtvnw.net/ttv-boxart/RPG%20Maker%20XP-285x380.jpg",
                            "directoryType": "GAME",
                            "displayName": "RPG Maker XP",
                            "id": "11876",
                            "name": "RPG Maker XP",
                            "viewersCount": 7
                        }
                    },
                    {
                        "__typename": "DirectoryEdge",
                        "cursor": "NzIw",
                        "node": {
                            "__typename": "Game",
                            "activeDropCampaigns": [],
                            "avatarURL": "https://static-cdn.jtvnw.net/ttv-boxart/Cookie%20Run:%20OvenBreak-285x380.jpg",
                            "directoryType": "GAME",
                            "displayName": "Cookie Run: OvenBreak",
                            "id": "497555",
                            "name": "Cookie Run: OvenBreak",
                            "viewersCount": 7
                        }
                    },
                    {
                        "__typename": "DirectoryEdge",
                        "cursor": "NzIx",
                        "node": {
                            "__typename": "Game",
                            "activeDropCampaigns": [],
                            "avatarURL": "https://static-cdn.jtvnw.net/ttv-boxart/Deponia-285x380.jpg",
                            "directoryType": "GAME",
                            "displayName": "Deponia",
                            "id": "32596",
                            "name": "Deponia",
                            "viewersCount": 7
                        }
                    },
                    {
                        "__typename": "DirectoryEdge",
                        "cursor": "NzIy",
                        "node": {
                            "__typename": "Game",
                            "activeDropCampaigns": [],
                            "avatarURL": "https://static-cdn.jtvnw.net/ttv-boxart/Battlefield%20Hardline-285x380.jpg",
                            "directoryType": "GAME",
                            "displayName": "Battlefield Hardline",
                            "id": "417791",
                            "name": "Battlefield Hardline",
                            "viewersCount": 7
                        }
                    },
                    {
                        "__typename": "DirectoryEdge",
                        "cursor": "NzIz",
                        "node": {
                            "__typename": "Game",
                            "activeDropCampaigns": [],
                            "avatarURL": "https://static-cdn.jtvnw.net/ttv-boxart/Wurm%20Unlimited-285x380.jpg",
                            "directoryType": "GAME",
                            "displayName": "Wurm Unlimited",
                            "id": "491028",
                            "name": "Wurm Unlimited",
                            "viewersCount": 7
                        }
                    },
                    {
                        "__typename": "DirectoryEdge",
                        "cursor": "NzI0",
                        "node": {
                            "__typename": "Game",
                            "activeDropCampaigns": [],
                            "avatarURL": "https://static-cdn.jtvnw.net/ttv-boxart/Resident%20Evil%20Zero-285x380.jpg",
                            "directoryType": "GAME",
                            "displayName": "Resident Evil Zero",
                            "id": "9402",
                            "name": "Resident Evil Zero",
                            "viewersCount": 7
                        }
                    },
                    {
                        "__typename": "DirectoryEdge",
                        "cursor": "NzI1",
                        "node": {
                            "__typename": "Game",
                            "activeDropCampaigns": [],
                            "avatarURL": "https://static-cdn.jtvnw.net/ttv-boxart/Pinball-285x380.jpg",
                            "directoryType": "GAME",
                            "displayName": "Pinball",
                            "id": "8882",
                            "name": "Pinball",
                            "viewersCount": 7
                        }
                    },
                    {
                        "__typename": "DirectoryEdge",
                        "cursor": "NzI2",
                        "node": {
                            "__typename": "Game",
                            "activeDropCampaigns": [],
                            "avatarURL": "https://static-cdn.jtvnw.net/ttv-boxart/Snooker-285x380.jpg",
                            "directoryType": "GAME",
                            "displayName": "Snooker",
                            "id": "18446",
                            "name": "Snooker",
                            "viewersCount": 6
                        }
                    }
                ],
                "pageInfo": {
                    "__typename": "PageInfo",
                    "hasNextPage": true
                }
            }
        },
        "extensions": {
            "durationMilliseconds": 40,
            "operationName": "BrowsePage_AllDirectories"
        }
    }
]