[
    {
        "data": {
            "directories": {
                "__typename": "DirectoryConnection",
                "edges": [
                    {
                        "__typename": "DirectoryEdge",
                        "cursor": "NzI2",
                        "node": {
                            "__typename": "Game",
                            "activeDropCampaigns": [],
                            "avatarURL": "https://static-cdn.jtvnw.net/ttv-boxart/Snooker-285x380.jpg",
                            "directoryType": "GAME",
                            "displayName": "Snooker",
                            "id": "18446",
                            "name": "Snooker",
                            "viewersCount": 6
                        }
                    },
                    {
                        "__typename": "DirectoryEdge",
                        "cursor": "NzI3",
                        "node": {
                            "__typename": "Game",
                            "activeDropCampaigns": [],
                            "avatarURL": "https://static-cdn.jtvnw.net/ttv-boxart/Synthetik-285x380.jpg",
                            "directoryType": "GAME",
                            "displayName": "Synthetik",
                            "id": "503511",
                            "name": "Synthetik",
                            "viewersCount": 6
                        }
                    },
                    {
                        "__typename": "DirectoryEdge",
                        "cursor": "NzI4",
                        "node": {
                            "__typename": "Game",
                            "activeDropCampaigns": [],
                            "avatarURL": "https://static-cdn.jtvnw.net/ttv-boxart/Assassin%27s%20Creed%20II-285x380.jpg",
                            "directoryType": "GAME",
                            "displayName": "Assassin's Creed II",
                            "id": "20810",
                            "name": "Assassin's Creed II",
                            "viewersCount": 6
                        }
                    },
                    {
                        "__typename": "DirectoryEdge",
                        "cursor": "NzI5",
                        "node": {
                            "__typename": "Game",
                            "activeDropCampaigns": [],
                            "avatarURL": "https://static-cdn.jtvnw.net/ttv-boxart/007:%20Nightfire-285x380.jpg",
                            "directoryType": "GAME",
                            "displayName": "007: Nightfire",
                            "id": "6081",
                            "name": "007: Nightfire",
                            "viewersCount": 6
                        }
                    },
                    {
                        "__typename": "DirectoryEdge",
                        "cursor": "NzMw",
                        "node": {
                            "__typename": "Game",
                            "activeDropCampaigns": [],
                            "avatarURL": "https://static-cdn.jtvnw.net/ttv-boxart/The%20Golf%20Club%202-285x380.jpg",
                            "directoryType": "GAME",
                            "displayName": "The Golf Club 2",
                            "id": "497335",
                            "name": "The Golf Club 2",
                            "viewersCount": 6
                        }
                    },
                    {
                        "__typename": "DirectoryEdge",
                        "cursor": "NzMx",
                        "node": {
                            "__typename": "Game",
                            "activeDropCampaigns": [],
                            "avatarURL": "https://static-cdn.jtvnw.net/ttv-boxart/Soccer%20Spirits-285x380.jpg",
                            "directoryType": "GAME",
                            "displayName": "Soccer Spirits",
                            "id": "489064",
                            "name": "Soccer Spirits",
                            "viewersCount": 6
                        }
                    },
                    {
                        "__typename": "DirectoryEdge",
                        "cursor": "NzMy",
                        "node": {
                            "__typename": "Game",
                            "activeDropCampaigns": [],
                            "avatarURL": "https://static-cdn.jtvnw.net/ttv-boxart/SUPERFIGHT-285x380.jpg",
                            "directoryType": "GAME",
                            "displayName": "SUPERFIGHT",
                            "id": "491945",
                            "name": "SUPERFIGHT",
                            "viewersCount": 6
                        }
                    },
                    {
                        "__typename": "DirectoryEdge",
                        "cursor": "NzMz",
                        "node": {
                            "__typename": "Game",
                            "activeDropCampaigns": [],
                            "avatarURL": "https://static-cdn.jtvnw.net/ttv-boxart/Rune-285x380.jpg",
                            "directoryType": "GAME",
                            "displayName": "Rune",
                            "id": "12368",
                            "name": "Rune",
                            "viewersCount": 6
                        }
                    },
                    {
                        "__typename": "DirectoryEdge",
                        "cursor": "NzM0",
                        "node": {
                            "__typename": "Game",
                            "activeDropCampaigns": [],
                            "avatarURL": "https://static-cdn.jtvnw.net/ttv-boxart/TrackMania%20Turbo-285x380.jpg",
                            "directoryType": "GAME",
                            "displayName": "TrackMania Turbo",
                            "id": "490372",
                            "name": "TrackMania Turbo",
                            "viewersCount": 6
                        }
                    },
                    {
                        "__typename": "DirectoryEdge",
                        "cursor": "NzM1",
                        "node": {
                            "__typename": "Game",
                            "activeDropCampaigns": [],
                            "avatarURL": "https://static-cdn.jtvnw.net/ttv-boxart/Legend%20of%20Legaia-285x380.jpg",
                            "directoryType": "GAME",
                            "displayName": "Legend of Legaia",
                            "id": "15323",
                            "name": "Legend of Legaia",
                            "viewersCount": 6
                        }
                    },
                    {
                        "__typename": "DirectoryEdge",
                        "cursor": "NzM2",
                        "node": {
                            "__typename": "Game",
                            "activeDropCampaigns": [],
                            "avatarURL": "https://static-cdn.jtvnw.net/ttv-boxart/Paragon-285x380.jpg",
                            "directoryType": "GAME",
                            "displayName": "Paragon",
                            "id": "25939",
                            "name": "Paragon",
                            "viewersCount": 6
                        }
                    },
                    {
                        "__typename": "DirectoryEdge",
                        "cursor": "NzM3",
                        "node": {
                            "__typename": "Game",
                            "activeDropCampaigns": [],
                            "avatarURL": "https://static-cdn.jtvnw.net/ttv-boxart/The%20Legend%20of%20Zelda:%20The%20Wind%20Waker%20HD-285x380.jpg",
                            "directoryType": "GAME",
                            "displayName": "The Legend of Zelda: The Wind Waker HD",
                            "id": "368205",
                            "name": "The Legend of Zelda: The Wind Waker HD",
                            "viewersCount": 6
                        }
                    },
                    {
                        "__typename": "DirectoryEdge",
                        "cursor": "NzM4",
                        "node": {
                            "__typename": "Game",
                            "activeDropCampaigns": [],
                            "avatarURL": "https://static-cdn.jtvnw.net/ttv-boxart/Beyond%20the%20Beyond-285x380.jpg",
                            "directoryType": "GAME",
                            "displayName": "Beyond the Beyond",
                            "id": "9075",
                            "name": "Beyond the Beyond",
                            "viewersCount": 6
                        }
                    },
                    {
                        "__typename": "DirectoryEdge",
                        "cursor": "NzM5",
                        "node": {
                            "__typename": "Game",
                            "activeDropCampaigns": [],
                            "avatarURL": "https://static-cdn.jtvnw.net/ttv-boxart/Batman:%20Arkham%20Knight-285x380.jpg",
                            "directoryType": "GAME",
                            "displayName": "Batman: Arkham Knight",
                            "id": "459676",
                            "name": "Batman: Arkham Knight",
                            "viewersCount": 6
                        }
                    },
                    {
                        "__typename": "DirectoryEdge",
                        "cursor": "NzQw",
                        "node": {
                            "__typename": "Game",
                            "activeDropCampaigns": [],
                            "avatarURL": "https://static-cdn.jtvnw.net/ttv-boxart/Punch-Out%21%21-285x380.jpg",
                            "directoryType": "GAME",
                            "displayName": "Punch-Out!!",
                            "id": "21727",
                            "name": "Punch-Out!!",
                            "viewersCount": 6
                        }
                    },
                    {
                        "__typename": "DirectoryEdge",
                        "cursor": "NzQx",
                        "node": {
                            "__typename": "Game",
                            "activeDropCampaigns": [],
                            "avatarURL": "https://static-cdn.jtvnw.net/ttv-boxart/Dog%27s%20Life-285x380.jpg",
                            "directoryType": "GAME",
                            "displayName": "Dog's Life",
                            "id": "5366",
                            "name": "Dog's Life",
                            "viewersCount": 6
                        }
                    },
                    {
                        "__typename": "DirectoryEdge",
                        "cursor": "NzQy",
                        "node": {
                            "__typename": "Game",
                            "activeDropCampaigns": [],
                            "avatarURL": "https://static-cdn.jtvnw.net/ttv-boxart/Divinity:%20Original%20Sin-285x380.jpg",
                            "directoryType": "GAME",
                            "displayName": "Divinity: Original Sin",
                            "id": "65867",
                            "name": "Divinity: Original Sin",
                            "viewersCount": 6
                        }
                    },
                    {
                        "__typename": "DirectoryEdge",
                        "cursor": "NzQz",
                        "node": {
                            "__typename": "Game",
                            "activeDropCampaigns": [],
                            "avatarURL": "https://static-cdn.jtvnw.net/ttv-boxart/Onmyoji-285x380.jpg",
                            "directoryType": "GAME",
                            "displayName": "Onmyoji",
                            "id": "496218",
                            "name": "Onmyoji",
                            "viewersCount": 6
                        }
                    },
                    {
                        "__typename": "DirectoryEdge",
                        "cursor": "NzQ0",
                        "node": {
                            "__typename": "Game",
                            "activeDropCampaigns": [],
                            "avatarURL": "https://static-cdn.jtvnw.net/ttv-boxart/Dragonica-285x380.jpg",
                            "directoryType": "GAME",
                            "displayName": "Dragonica",
                            "id": "23915",
                            "name": "Dragonica",
                            "viewersCount": 6
                        }
                    },
                    {
                        "__typename": "DirectoryEdge",
                        "cursor": "NzQ1",
                        "node": {
                            "__typename": "Game",
                            "activeDropCampaigns": [],
                            "avatarURL": "https://static-cdn.jtvnw.net/ttv-boxart/UnnyWorld-285x380.jpg",
                            "directoryType": "GAME",
                            "displayName": "UnnyWorld",
                            "id": "497700",
                            "name": "UnnyWorld",
                            "viewersCount": 6
                        }
                    },
                    {
                        "__typename": "DirectoryEdge",
                        "cursor": "NzQ2",
                        "node": {
                            "__typename": "Game",
                            "activeDropCampaigns": [],
                            "avatarURL": "https://static-cdn.jtvnw.net/ttv-boxart/The%20Legend%20of%20Zelda:%20Majora%27s%20Mask-285x380.jpg",
                            "directoryType": "GAME",
                            "displayName": "The Legend of Zelda: Majora's Mask",
                            "id": "12482",
                            "name": "The Legend of Zelda: Majora's Mask",
                            "viewersCount": 6
                        }
                    },
                    {
                        "__typename": "DirectoryEdge",
                        "cursor": "NzQ3",
                        "node": {
                            "__typename": "Game",
                            "activeDropCampaigns": [],
                            "avatarURL": "https://static-cdn.jtvnw.net/ttv-boxart/The%20Binding%20of%20Isaac-285x380.jpg",
                            "directoryType": "GAME",
                            "displayName": "The Binding of Isaac",
                            "id": "32207",
                            "name": "The Binding of Isaac",
                            "viewersCount": 6
                        }
                    },
                    {
                        "__typename": "DirectoryEdge",
                        "cursor": "NzQ4",
                        "node": {
                            "__typename": "Game",
                            "activeDropCampaigns": [],
                            "avatarURL": "https://static-cdn.jtvnw.net/ttv-boxart/Dead%20Rising%202:%20Off%20the%20Record-285x380.jpg",
                            "directoryType": "GAME",
                            "displayName": "Dead Rising 2: Off the Record",
                            "id": "31238",
                            "name": "Dead Rising 2: Off the Record",
                            "viewersCount": 6
                        }
                    },
                    {
                        "__typename": "DirectoryEdge",
                        "cursor": "NzQ5",
                        "node": {
                            "__typename": "Game",
                            "activeDropCampaigns": [],
                            "avatarURL": "https://static-cdn.jtvnw.net/ttv-boxart/Gothic-285x380.jpg",
                            "directoryType": "GAME",
                            "displayName": "Gothic",
                            "id": "1818",
                            "name": "Gothic",
                            "viewersCount": 6
                        }
                    },
                    {
                        "__typename": "DirectoryEdge",
                        "cursor": "NzUw",
                        "node": {
                            "__typename": "Game",
                            "activeDropCampaigns": [],
                            "avatarURL": "https://static-cdn.jtvnw.net/ttv-boxart/Plants%20vs.%20Zombies:%20Garden%20Warfare%202-285x380.jpg",
                            "directoryType": "GAME",
                            "displayName": "Plants vs. Zombies: Garden Warfare 2",
                            "id": "490386",
                            "name": "Plants vs. Zombies: Garden Warfare 2",
                            "viewersCount": 6
                        }
                    },
                    {
                        "__typename": "DirectoryEdge",
                        "cursor": "NzUx",
                        "node": {
                            "__typename": "Game",
                            "activeDropCampaigns": [],
                            "avatarURL": "https://static-cdn.jtvnw.net/ttv-boxart/Heroes%20of%20Might%20and%20Magic%20V-285x380.jpg",
                            "directoryType": "GAME",
                            "displayName": "Heroes of Might and Magic V",
                            "id": "1757",
                            "name": "Heroes of Might and Magic V",
                            "viewersCount": 6
                        }
                    },
                    {
                        "__typename": "DirectoryEdge",
                        "cursor": "NzUy",
                        "node": {
                            "__typename": "Game",
                            "activeDropCampaigns": [],
                            "avatarURL": "https://static-cdn.jtvnw.net/ttv-boxart/Romance%20of%20the%20Three%20Kingdoms%20XII-285x380.jpg",
                            "directoryType": "GAME",
                            "displayName": "Romance of the Three Kingdoms XII",
                            "id": "68079",
                            "name": "Romance of the Three Kingdoms XII",
                            "viewersCount": 6
                        }
                    },
                    {
                        "__typename": "DirectoryEdge",
                        "cursor": "NzUz",
                        "node": {
                            "__typename": "Game",
                            "activeDropCampaigns": [],
                            "avatarURL": "https://static-cdn.jtvnw.net/ttv-boxart/Donkey%20Kong-285x380.jpg",
                            "directoryType": "GAME",
                            "displayName": "Donkey Kong",
                            "id": "297",
                            "name": "Donkey Kong",
                            "viewersCount": 6
                        }
                    },
                    {
                        "__typename": "DirectoryEdge",
                        "cursor": "NzU0",
                        "node": {
                            "__typename": "Game",
                            "activeDropCampaigns": [],
                            "avatarURL": "https://static-cdn.jtvnw.net/ttv-boxart/Battle%20Carnival-285x380.jpg",
                            "directoryType": "GAME",
                            "displayName": "Battle Carnival",
                            "id": "494311",
                            "name": "Battle Carnival",
                            "viewersCount": 6
                        }
                    },
                    {
                        "__typename": "DirectoryEdge",
                        "cursor": "NzU1",
                        "node": {
                            "__typename": "Game",
                            "activeDropCampaigns": [],
                            "avatarURL": "https://static-cdn.jtvnw.net/ttv-boxart/The%20Idolmaster:%20Shiny%20Colors-285x380.jpg",
                            "directoryType": "GAME",
                            "displayName": "The Idolmaster: Shiny Colors",
                            "id": "503824",
                            "name": "The Idolmaster: Shiny Colors",
                            "viewersCount": 6
                        }
                    }
                ],
                "pageInfo": {
                    "__typename": "PageInfo",
                    "hasNextPage": true
                }
            }
        },
        "extensions": {
            "durationMilliseconds": 47,
            "operationName": "BrowsePage_AllDirectories"
        }
    }
]