[
    {
        "data": {
            "directories": {
                "__typename": "DirectoryConnection",
                "edges": [
                    {
                        "__typename": "DirectoryEdge",
                        "cursor": "NzU1",
                        "node": {
                            "__typename": "Game",
                            "activeDropCampaigns": [],
                            "avatarURL": "https://static-cdn.jtvnw.net/ttv-boxart/The%20Idolmaster:%20Shiny%20Colors-285x380.jpg",
                            "directoryType": "GAME",
                            "displayName": "The Idolmaster: Shiny Colors",
                            "id": "503824",
                            "name": "The Idolmaster: Shiny Colors",
                            "viewersCount": 6
                        }
                    },
                    {
                        "__typename": "DirectoryEdge",
                        "cursor": "NzU2",
                        "node": {
                            "__typename": "Game",
                            "activeDropCampaigns": [],
                            "avatarURL": "https://static-cdn.jtvnw.net/ttv-boxart/Little%20Nightmares-285x380.jpg",
                            "directoryType": "GAME",
                            "displayName": "Little Nightmares",
                            "id": "494131",
                            "name": "Little Nightmares",
                            "viewersCount": 6
                        }
                    },
                    {
                        "__typename": "DirectoryEdge",
                        "cursor": "NzU3",
                        "node": {
                            "__typename": "Game",
                            "activeDropCampaigns": [],
                            "avatarURL": "https://static-cdn.jtvnw.net/ttv-boxart/NBA%20Live%2018-285x380.jpg",
                            "directoryType": "GAME",
                            "displayName": "NBA Live 18",
                            "id": "496347",
                            "name": "NBA Live 18",
                            "viewersCount": 6
                        }
                    },
                    {
                        "__typename": "DirectoryEdge",
                        "cursor": "NzU4",
                        "node": {
                            "__typename": "Game",
                            "activeDropCampaigns": [],
                            "avatarURL": "https://static-cdn.jtvnw.net/ttv-boxart/Need%20for%20Speed-285x380.jpg",
                            "directoryType": "GAME",
                            "displayName": "Need for Speed",
                            "id": "489611",
                            "name": "Need for Speed",
                            "viewersCount": 6
                        }
                    },
                    {
                        "__typename": "DirectoryEdge",
                        "cursor": "NzU5",
                        "node": {
                            "__typename": "Game",
                            "activeDropCampaigns": [],
                            "avatarURL": "https://static-cdn.jtvnw.net/ttv-boxart/The%20Long%20Journey%20Home-285x380.jpg",
                            "directoryType": "GAME",
                            "displayName": "The Long Journey Home",
                            "id": "492499",
                            "name": "The Long Journey Home",
                            "viewersCount": 6
                        }
                    },
                    {
                        "__typename": "DirectoryEdge",
                        "cursor": "NzYw",
                        "node": {
                            "__typename": "Game",
                            "activeDropCampaigns": [],
                            "avatarURL": "https://static-cdn.jtvnw.net/ttv-boxart/Final%20Fantasy%20XII:%20The%20Zodiac%20Age-285x380.jpg",
                            "directoryType": "GAME",
                            "displayName": "Final Fantasy XII: The Zodiac Age",
                            "id": "493926",
                            "name": "Final Fantasy XII: The Zodiac Age",
                            "viewersCount": 6
                        }
                    },
                    {
                        "__typename": "DirectoryEdge",
                        "cursor": "NzYx",
                        "node": {
                            "__typename": "Game",
                            "activeDropCampaigns": [],
                            "avatarURL": "https://static-cdn.jtvnw.net/ttv-boxart/Monster%20Hunter%20Double%20Cross-285x380.jpg",
                            "directoryType": "GAME",
                            "displayName": "Monster Hunter Double Cross",
                            "id": "494141",
                            "name": "Monster Hunter Double Cross",
                            "viewersCount": 6
                        }
                    },
                    {
                        "__typename": "DirectoryEdge",
                        "cursor": "NzYy",
                        "node": {
                            "__typename": "Game",
                            "activeDropCampaigns": [],
                            "avatarURL": "https://static-cdn.jtvnw.net/ttv-boxart/BlazBlue:%20Central%20Fiction-285x380.jpg",
                            "directoryType": "GAME",
                            "displayName": "BlazBlue: Central Fiction",
                            "id": "490500",
                            "name": "BlazBlue: Central Fiction",
                            "viewersCount": 6
                        }
                    },
                    {
                        "__typename": "DirectoryEdge",
                        "cursor": "NzYz",
                        "node": {
                            "__typename": "Game",
                            "activeDropCampaigns": [],
                            "avatarURL": "https://static-cdn.jtvnw.net/ttv-boxart/Street%20Fighter%20III:%203rd%20Strike-285x380.jpg",
                            "directoryType": "GAME",
                            "displayName": "Street Fighter III: 3rd Strike",
                            "id": "1476",
                            "name": "Street Fighter III: 3rd Strike",
                            "viewersCount": 6
                        }
                    },
                    {
                        "__typename": "DirectoryEdge",
                        "cursor": "NzY0",
                        "node": {
                            "__typename": "Game",
                            "activeDropCampaigns": [],
                            "avatarURL": "https://static-cdn.jtvnw.net/ttv-boxart/This%20War%20of%20Mine-285x380.jpg",
                            "directoryType": "GAME",
                            "displayName": "This War of Mine",
                            "id": "459754",
                            "name": "This War of Mine",
                            "viewersCount": 6
                        }
                    },
                    {
                        "__typename": "DirectoryEdge",
                        "cursor": "NzY1",
                        "node": {
                            "__typename": "Game",
                            "activeDropCampaigns": [],
                            "avatarURL": "https://static-cdn.jtvnw.net/ttv-boxart/Amnesia:%20A%20Machine%20for%20Pigs-285x380.jpg",
                            "directoryType": "GAME",
                            "displayName": "Amnesia: A Machine for Pigs",
                            "id": "33692",
                            "name": "Amnesia: A Machine for Pigs",
                            "viewersCount": 6
                        }
                    },
                    {
                        "__typename": "DirectoryEdge",
                        "cursor": "NzY2",
                        "node": {
                            "__typename": "Game",
                            "activeDropCampaigns": [],
                            "avatarURL": "https://static-cdn.jtvnw.net/ttv-boxart/Liverpool-285x380.jpg",
                            "directoryType": "GAME",
                            "displayName": "Liverpool",
                            "id": "7637",
                            "name": "Liverpool",
                            "viewersCount": 6
                        }
                    },
                    {
                        "__typename": "DirectoryEdge",
                        "cursor": "NzY3",
                        "node": {
                            "__typename": "Game",
                            "activeDropCampaigns": [],
                            "avatarURL": "https://static-cdn.jtvnw.net/ttv-boxart/Resident%20Evil%205-285x380.jpg",
                            "directoryType": "GAME",
                            "displayName": "Resident Evil 5",
                            "id": "18808",
                            "name": "Resident Evil 5",
                            "viewersCount": 6
                        }
                    },
                    {
                        "__typename": "DirectoryEdge",
                        "cursor": "NzY4",
                        "node": {
                            "__typename": "Game",
                            "activeDropCampaigns": [],
                            "avatarURL": "https://static-cdn.jtvnw.net/ttv-boxart/Alan%20Wake-285x380.jpg",
                            "directoryType": "GAME",
                            "displayName": "Alan Wake",
                            "id": "19156",
                            "name": "Alan Wake",
                            "viewersCount": 6
                        }
                    },
                    {
                        "__typename": "DirectoryEdge",
                        "cursor": "NzY5",
                        "node": {
                            "__typename": "Game",
                            "activeDropCampaigns": [],
                            "avatarURL": "https://static-cdn.jtvnw.net/ttv-boxart/Saints%20Row:%20The%20Third-285x380.jpg",
                            "directoryType": "GAME",
                            "displayName": "Saints Row: The Third",
                            "id": "23268",
                            "name": "Saints Row: The Third",
                            "viewersCount": 6
                        }
                    },
                    {
                        "__typename": "DirectoryEdge",
                        "cursor": "Nzcw",
                        "node": {
                            "__typename": "Game",
                            "activeDropCampaigns": [],
                            "avatarURL": "https://static-cdn.jtvnw.net/ttv-boxart/Ty%20the%20Tasmanian%20Tiger-285x380.jpg",
                            "directoryType": "GAME",
                            "displayName": "Ty the Tasmanian Tiger",
                            "id": "12086",
                            "name": "Ty the Tasmanian Tiger",
                            "viewersCount": 6
                        }
                    },
                    {
                        "__typename": "DirectoryEdge",
                        "cursor": "Nzcx",
                        "node": {
                            "__typename": "Game",
                            "activeDropCampaigns": [],
                            "avatarURL": "https://static-cdn.jtvnw.net/ttv-boxart/Falcon%204.0%20BMS-285x380.jpg",
                            "directoryType": "GAME",
                            "displayName": "Falcon 4.0 BMS",
                            "id": "458879",
                            "name": "Falcon 4.0 BMS",
                            "viewersCount": 6
                        }
                    },
                    {
                        "__typename": "DirectoryEdge",
                        "cursor": "Nzcy",
                        "node": {
                            "__typename": "Game",
                            "activeDropCampaigns": [],
                            "avatarURL": "https://static-cdn.jtvnw.net/ttv-boxart/Monkey%20Island%202:%20%20LeChuck%27s%20Revenge-285x380.jpg",
                            "directoryType": "GAME",
                            "displayName": "Monkey Island 2:  LeChuck's Revenge",
                            "id": "9662",
                            "name": "Monkey Island 2:  LeChuck's Revenge",
                            "viewersCount": 6
                        }
                    },
                    {
                        "__typename": "DirectoryEdge",
                        "cursor": "Nzcz",
                        "node": {
                            "__typename": "Game",
                            "activeDropCampaigns": [],
                            "avatarURL": "https://static-cdn.jtvnw.net/ttv-boxart/FIFA%20Online%203-285x380.jpg",
                            "directoryType": "GAME",
                            "displayName": "FIFA Online 3",
                            "id": "491191",
                            "name": "FIFA Online 3",
                            "viewersCount": 6
                        }
                    },
                    {
                        "__typename": "DirectoryEdge",
                        "cursor": "Nzc0",
                        "node": {
                            "__typename": "Game",
                            "activeDropCampaigns": [],
                            "avatarURL": "https://static-cdn.jtvnw.net/ttv-boxart/Ys%20VIII:%20Lacrimosa%20of%20Dana-285x380.jpg",
                            "directoryType": "GAME",
                            "displayName": "Ys VIII: Lacrimosa of Dana",
                            "id": "476439",
                            "name": "Ys VIII: Lacrimosa of Dana",
                            "viewersCount": 6
                        }
                    },
                    {
                        "__typename": "DirectoryEdge",
                        "cursor": "Nzc1",
                        "node": {
                            "__typename": "Game",
                            "activeDropCampaigns": [],
                            "avatarURL": "https://static-cdn.jtvnw.net/ttv-boxart/Seven:%20The%20Days%20Long%20Gone-285x380.jpg",
                            "directoryType": "GAME",
                            "displayName": "Seven: The Days Long Gone",
                            "id": "500602",
                            "name": "Seven: The Days Long Gone",
                            "viewersCount": 5
                        }
                    },
                    {
                        "__typename": "DirectoryEdge",
                        "cursor": "Nzc2",
                        "node": {
                            "__typename": "Game",
                            "activeDropCampaigns": [],
                            "avatarURL": "https://static-cdn.jtvnw.net/ttv-boxart/Blossom%20Tales:%20The%20Sleeping%20King-285x380.jpg",
                            "directoryType": "GAME",
                            "displayName": "Blossom Tales: The Sleeping King",
                            "id": "496422",
                            "name": "Blossom Tales: The Sleeping King",
                            "viewersCount": 5
                        }
                    },
                    {
                        "__typename": "DirectoryEdge",
                        "cursor": "Nzc3",
                        "node": {
                            "__typename": "Game",
                            "activeDropCampaigns": [],
                            "avatarURL": "https://static-cdn.jtvnw.net/ttv-boxart/Doom%20II:%20Hell%20on%20Earth-285x380.jpg",
                            "directoryType": "GAME",
                            "displayName": "Doom II: Hell on Earth",
                            "id": "584",
                            "name": "Doom II: Hell on Earth",
                            "viewersCount": 5
                        }
                    },
                    {
                        "__typename": "DirectoryEdge",
                        "cursor": "Nzc4",
                        "node": {
                            "__typename": "Game",
                            "activeDropCampaigns": [],
                            "avatarURL": "https://static-cdn.jtvnw.net/ttv-boxart/Perfect%20World-285x380.jpg",
                            "directoryType": "GAME",
                            "displayName": "Perfect World",
                            "id": "20050",
                            "name": "Perfect World",
                            "viewersCount": 5
                        }
                    },
                    {
                        "__typename": "DirectoryEdge",
                        "cursor": "Nzc5",
                        "node": {
                            "__typename": "Game",
                            "activeDropCampaigns": [],
                            "avatarURL": "https://static-cdn.jtvnw.net/ttv-boxart/The%20Legend%20of%20Heroes:%20Trails%20in%20the%20Sky-285x380.jpg",
                            "directoryType": "GAME",
                            "displayName": "The Legend of Heroes: Trails in the Sky",
                            "id": "4672",
                            "name": "The Legend of Heroes: Trails in the Sky",
                            "viewersCount": 5
                        }
                    },
                    {
                        "__typename": "DirectoryEdge",
                        "cursor": "Nzgw",
                        "node": {
                            "__typename": "Game",
                            "activeDropCampaigns": [],
                            "avatarURL": "https://static-cdn.jtvnw.net/ttv-boxart/Battlefield%203-285x380.jpg",
                            "directoryType": "GAME",
                            "displayName": "Battlefield 3",
                            "id": "24394",
                            "name": "Battlefield 3",
                            "viewersCount": 5
                        }
                    },
                    {
                        "__typename": "DirectoryEdge",
                        "cursor": "Nzgx",
                        "node": {
                            "__typename": "Game",
                            "activeDropCampaigns": [],
                            "avatarURL": "https://static-cdn.jtvnw.net/ttv-boxart/Assassin%27s%20Creed-285x380.jpg",
                            "directoryType": "GAME",
                            "displayName": "Assassin's Creed",
                            "id": "2711",
                            "name": "Assassin's Creed",
                            "viewersCount": 5
                        }
                    },
                    {
                        "__typename": "DirectoryEdge",
                        "cursor": "Nzgy",
                        "node": {
                            "__typename": "Game",
                            "activeDropCampaigns": [],
                            "avatarURL": "https://static-cdn.jtvnw.net/ttv-boxart/Heavy%20Fire:%20Afghanistan-285x380.jpg",
                            "directoryType": "GAME",
                            "displayName": "Heavy Fire: Afghanistan",
                            "id": "33199",
                            "name": "Heavy Fire: Afghanistan",
                            "viewersCount": 5
                        }
                    },
                    {
                        "__typename": "DirectoryEdge",
                        "cursor": "Nzgz",
                        "node": {
                            "__typename": "Game",
                            "activeDropCampaigns": [],
                            "avatarURL": "https://static-cdn.jtvnw.net/ttv-boxart/Worms%20Battlegrounds-285x380.jpg",
                            "directoryType": "GAME",
                            "displayName": "Worms Battlegrounds",
                            "id": "459491",
                            "name": "Worms Battlegrounds",
                            "viewersCount": 5
                        }
                    },
                    {
                        "__typename": "DirectoryEdge",
                        "cursor": "Nzg0",
                        "node": {
                            "__typename": "Game",
                            "activeDropCampaigns": [],
                            "avatarURL": "https://static-cdn.jtvnw.net/ttv-boxart/Initial%20D%20Arcade%20Stage-285x380.jpg",
                            "directoryType": "GAME",
                            "displayName": "Initial D Arcade Stage",
                            "id": "30657",
                            "name": "Initial D Arcade Stage",
                            "viewersCount": 5
                        }
                    }
                ],
                "pageInfo": {
                    "__typename": "PageInfo",
                    "hasNextPage": true
                }
            }
        },
        "extensions": {
            "durationMilliseconds": 64,
            "operationName": "BrowsePage_AllDirectories"
        }
    }
]