[
    {
        "data": {
            "directories": {
                "__typename": "DirectoryConnection",
                "edges": [
                    {
                        "__typename": "DirectoryEdge",
                        "cursor": "Nzg0",
                        "node": {
                            "__typename": "Game",
                            "activeDropCampaigns": [],
                            "avatarURL": "https://static-cdn.jtvnw.net/ttv-boxart/Initial%20D%20Arcade%20Stage-285x380.jpg",
                            "directoryType": "GAME",
                            "displayName": "Initial D Arcade Stage",
                            "id": "30657",
                            "name": "Initial D Arcade Stage",
                            "viewersCount": 5
                        }
                    },
                    {
                        "__typename": "DirectoryEdge",
                        "cursor": "Nzg1",
                        "node": {
                            "__typename": "Game",
                            "activeDropCampaigns": [],
                            "avatarURL": "https://static-cdn.jtvnw.net/ttv-boxart/Until%20Dawn:%20Rush%20of%20Blood-285x380.jpg",
                            "directoryType": "GAME",
                            "displayName": "Until Dawn: Rush of Blood",
                            "id": "491847",
                            "name": "Until Dawn: Rush of Blood",
                            "viewersCount": 5
                        }
                    },
                    {
                        "__typename": "DirectoryEdge",
                        "cursor": "Nzg2",
                        "node": {
                            "__typename": "Game",
                            "activeDropCampaigns": [],
                            "avatarURL": "https://static-cdn.jtvnw.net/ttv-boxart/World%20of%20Tanks%20Blitz-285x380.jpg",
                            "directoryType": "GAME",
                            "displayName": "World of Tanks Blitz",
                            "id": "140035",
                            "name": "World of Tanks Blitz",
                            "viewersCount": 5
                        }
                    },
                    {
                        "__typename": "DirectoryEdge",
                        "cursor": "Nzg3",
                        "node": {
                            "__typename": "Game",
                            "activeDropCampaigns": [],
                            "avatarURL": "https://static-cdn.jtvnw.net/ttv-boxart/Lara%20Croft:%20Go-285x380.jpg",
                            "directoryType": "GAME",
                            "displayName": "Lara Croft: Go",
                            "id": "490496",
                            "name": "Lara Croft: Go",
                            "viewersCount": 5
                        }
                    },
                    {
                        "__typename": "DirectoryEdge",
                        "cursor": "Nzg4",
                        "node": {
                            "__typename": "Game",
                            "activeDropCampaigns": [],
                            "avatarURL": "https://static-cdn.jtvnw.net/ttv-boxart/Slaves%20to%20Armok%20II:%20Dwarf%20Fortress-285x380.jpg",
                            "directoryType": "GAME",
                            "displayName": "Slaves to Armok II: Dwarf Fortress",
                            "id": "19660",
                            "name": "Slaves to Armok II: Dwarf Fortress",
                            "viewersCount": 5
                        }
                    },
                    {
                        "__typename": "DirectoryEdge",
                        "cursor": "Nzg5",
                        "node": {
                            "__typename": "Game",
                            "activeDropCampaigns": [],
                            "avatarURL": "https://static-cdn.jtvnw.net/ttv-boxart/Moonlight%20Blade-285x380.jpg",
                            "directoryType": "GAME",
                            "displayName": "Moonlight Blade",
                            "id": "378902",
                            "name": "Moonlight Blade",
                            "viewersCount": 5
                        }
                    },
                    {
                        "__typename": "DirectoryEdge",
                        "cursor": "Nzkw",
                        "node": {
                            "__typename": "Game",
                            "activeDropCampaigns": [],
                            "avatarURL": "https://static-cdn.jtvnw.net/ttv-boxart/Gems%20of%20War-285x380.jpg",
                            "directoryType": "GAME",
                            "displayName": "Gems of War",
                            "id": "488838",
                            "name": "Gems of War",
                            "viewersCount": 5
                        }
                    },
                    {
                        "__typename": "DirectoryEdge",
                        "cursor": "Nzkx",
                        "node": {
                            "__typename": "Game",
                            "activeDropCampaigns": [],
                            "avatarURL": "https://static-cdn.jtvnw.net/ttv-boxart/F1%202015-285x380.jpg",
                            "directoryType": "GAME",
                            "displayName": "F1 2015",
                            "id": "489291",
                            "name": "F1 2015",
                            "viewersCount": 5
                        }
                    },
                    {
                        "__typename": "DirectoryEdge",
                        "cursor": "Nzky",
                        "node": {
                            "__typename": "Game",
                            "activeDropCampaigns": [],
                            "avatarURL": "https://static-cdn.jtvnw.net/ttv-boxart/Pok%C3%A9mon%20Yellow:%20Special%20Pikachu%20Edition-285x380.jpg",
                            "directoryType": "GAME",
                            "displayName": "Pok\u00e9mon Yellow: Special Pikachu Edition",
                            "id": "17124",
                            "name": "Pok\u00e9mon Yellow: Special Pikachu Edition",
                            "viewersCount": 5
                        }
                    },
                    {
                        "__typename": "DirectoryEdge",
                        "cursor": "Nzkz",
                        "node": {
                            "__typename": "Game",
                            "activeDropCampaigns": [],
                            "avatarURL": "https://static-cdn.jtvnw.net/ttv-boxart/Age%20of%20Empires-285x380.jpg",
                            "directoryType": "GAME",
                            "displayName": "Age of Empires",
                            "id": "9623",
                            "name": "Age of Empires",
                            "viewersCount": 5
                        }
                    },
                    {
                        "__typename": "DirectoryEdge",
                        "cursor": "Nzk0",
                        "node": {
                            "__typename": "Game",
                            "activeDropCampaigns": [],
                            "avatarURL": "https://static-cdn.jtvnw.net/ttv-boxart/Devil%20May%20Cry%20HD%20Collection-285x380.jpg",
                            "directoryType": "GAME",
                            "displayName": "Devil May Cry HD Collection",
                            "id": "32934",
                            "name": "Devil May Cry HD Collection",
                            "viewersCount": 5
                        }
                    },
                    {
                        "__typename": "DirectoryEdge",
                        "cursor": "Nzk1",
                        "node": {
                            "__typename": "Game",
                            "activeDropCampaigns": [],
                            "avatarURL": "https://static-cdn.jtvnw.net/ttv-boxart/Pok%C3%A9mon%20Ruby/Sapphire-285x380.jpg",
                            "directoryType": "GAME",
                            "displayName": "Pok\u00e9mon Ruby/Sapphire",
                            "id": "9287",
                            "name": "Pok\u00e9mon Ruby/Sapphire",
                            "viewersCount": 5
                        }
                    },
                    {
                        "__typename": "DirectoryEdge",
                        "cursor": "Nzk2",
                        "node": {
                            "__typename": "Game",
                            "activeDropCampaigns": [],
                            "avatarURL": "https://static-cdn.jtvnw.net/ttv-boxart/The%20Sims%203-285x380.jpg",
                            "directoryType": "GAME",
                            "displayName": "The Sims 3",
                            "id": "18814",
                            "name": "The Sims 3",
                            "viewersCount": 5
                        }
                    },
                    {
                        "__typename": "DirectoryEdge",
                        "cursor": "Nzk3",
                        "node": {
                            "__typename": "Game",
                            "activeDropCampaigns": [],
                            "avatarURL": "https://static-cdn.jtvnw.net/ttv-boxart/Final%20Fantasy%20V-285x380.jpg",
                            "directoryType": "GAME",
                            "displayName": "Final Fantasy V",
                            "id": "4382",
                            "name": "Final Fantasy V",
                            "viewersCount": 5
                        }
                    },
                    {
                        "__typename": "DirectoryEdge",
                        "cursor": "Nzk4",
                        "node": {
                            "__typename": "Game",
                            "activeDropCampaigns": [],
                            "avatarURL": "https://static-cdn.jtvnw.net/ttv-boxart/The%20Ninja-285x380.jpg",
                            "directoryType": "GAME",
                            "displayName": "The Ninja",
                            "id": "32",
                            "name": "The Ninja",
                            "viewersCount": 5
                        }
                    },
                    {
                        "__typename": "DirectoryEdge",
                        "cursor": "Nzk5",
                        "node": {
                            "__typename": "Game",
                            "activeDropCampaigns": [],
                            "avatarURL": "https://static-cdn.jtvnw.net/ttv-boxart/BanG%20Dream%21%20Girls%20Band%20Party%21-285x380.jpg",
                            "directoryType": "GAME",
                            "displayName": "BanG Dream! Girls Band Party!",
                            "id": "496240",
                            "name": "BanG Dream! Girls Band Party!",
                            "viewersCount": 5
                        }
                    },
                    {
                        "__typename": "DirectoryEdge",
                        "cursor": "ODAw",
                        "node": {
                            "__typename": "Game",
                            "activeDropCampaigns": [],
                            "avatarURL": "https://static-cdn.jtvnw.net/ttv-boxart/Rock%20Band%203-285x380.jpg",
                            "directoryType": "GAME",
                            "displayName": "Rock Band 3",
                            "id": "25180",
                            "name": "Rock Band 3",
                            "viewersCount": 5
                        }
                    },
                    {
                        "__typename": "DirectoryEdge",
                        "cursor": "ODAx",
                        "node": {
                            "__typename": "Game",
                            "activeDropCampaigns": [],
                            "avatarURL": "https://static-cdn.jtvnw.net/ttv-boxart/Dreamfall%20Chapters-285x380.jpg",
                            "directoryType": "GAME",
                            "displayName": "Dreamfall Chapters",
                            "id": "21813",
                            "name": "Dreamfall Chapters",
                            "viewersCount": 5
                        }
                    },
                    {
                        "__typename": "DirectoryEdge",
                        "cursor": "ODAy",
                        "node": {
                            "__typename": "Game",
                            "activeDropCampaigns": [],
                            "avatarURL": "https://static-cdn.jtvnw.net/ttv-boxart/Shadow%20of%20the%20Colossus-285x380.jpg",
                            "directoryType": "GAME",
                            "displayName": "Shadow of the Colossus",
                            "id": "5975",
                            "name": "Shadow of the Colossus",
                            "viewersCount": 5
                        }
                    },
                    {
                        "__typename": "DirectoryEdge",
                        "cursor": "ODAz",
                        "node": {
                            "__typename": "Game",
                            "activeDropCampaigns": [],
                            "avatarURL": "https://static-cdn.jtvnw.net/ttv-boxart/Zelda%20II:%20The%20Adventure%20of%20Link-285x380.jpg",
                            "directoryType": "GAME",
                            "displayName": "Zelda II: The Adventure of Link",
                            "id": "14890",
                            "name": "Zelda II: The Adventure of Link",
                            "viewersCount": 5
                        }
                    },
                    {
                        "__typename": "DirectoryEdge",
                        "cursor": "ODA0",
                        "node": {
                            "__typename": "Game",
                            "activeDropCampaigns": [],
                            "avatarURL": "https://static-cdn.jtvnw.net/ttv-boxart/Shin%20Megami%20Tensei:%20Nocturne-285x380.jpg",
                            "directoryType": "GAME",
                            "displayName": "Shin Megami Tensei: Nocturne",
                            "id": "15442",
                            "name": "Shin Megami Tensei: Nocturne",
                            "viewersCount": 5
                        }
                    },
                    {
                        "__typename": "DirectoryEdge",
                        "cursor": "ODA1",
                        "node": {
                            "__typename": "Game",
                            "activeDropCampaigns": [],
                            "avatarURL": "https://static-cdn.jtvnw.net/ttv-boxart/Raiders%20of%20the%20Broken%20Planet-285x380.jpg",
                            "directoryType": "GAME",
                            "displayName": "Raiders of the Broken Planet",
                            "id": "497098",
                            "name": "Raiders of the Broken Planet",
                            "viewersCount": 5
                        }
                    },
                    {
                        "__typename": "DirectoryEdge",
                        "cursor": "ODA2",
                        "node": {
                            "__typename": "Game",
                            "activeDropCampaigns": [],
                            "avatarURL": "https://static-cdn.jtvnw.net/ttv-boxart/Forge%20of%20Gods%20%28RPG%29-285x380.jpg",
                            "directoryType": "GAME",
                            "displayName": "Forge of Gods (RPG)",
                            "id": "496580",
                            "name": "Forge of Gods (RPG)",
                            "viewersCount": 5
                        }
                    },
                    {
                        "__typename": "DirectoryEdge",
                        "cursor": "ODA3",
                        "node": {
                            "__typename": "Game",
                            "activeDropCampaigns": [],
                            "avatarURL": "https://static-cdn.jtvnw.net/ttv-boxart/Angels%20with%20Scaly%20Wings-285x380.jpg",
                            "directoryType": "GAME",
                            "displayName": "Angels with Scaly Wings",
                            "id": "496374",
                            "name": "Angels with Scaly Wings",
                            "viewersCount": 5
                        }
                    },
                    {
                        "__typename": "DirectoryEdge",
                        "cursor": "ODA4",
                        "node": {
                            "__typename": "Game",
                            "activeDropCampaigns": [],
                            "avatarURL": "https://static-cdn.jtvnw.net/ttv-boxart/Sly%202:%20Band%20of%20Thieves-285x380.jpg",
                            "directoryType": "GAME",
                            "displayName": "Sly 2: Band of Thieves",
                            "id": "14286",
                            "name": "Sly 2: Band of Thieves",
                            "viewersCount": 5
                        }
                    },
                    {
                        "__typename": "DirectoryEdge",
                        "cursor": "ODA5",
                        "node": {
                            "__typename": "Game",
                            "activeDropCampaigns": [],
                            "avatarURL": "https://static-cdn.jtvnw.net/ttv-boxart/Utawarerumono:%20Chiriyuku%20Mono%20e%20no%20Komoriuta-285x380.jpg",
                            "directoryType": "GAME",
                            "displayName": "Utawarerumono: Chiriyuku Mono e no Komoriuta",
                            "id": "500007",
                            "name": "Utawarerumono: Chiriyuku Mono e no Komoriuta",
                            "viewersCount": 5
                        }
                    },
                    {
                        "__typename": "DirectoryEdge",
                        "cursor": "ODEw",
                        "node": {
                            "__typename": "Game",
                            "activeDropCampaigns": [],
                            "avatarURL": "https://static-cdn.jtvnw.net/ttv-boxart/Dragon%20Quest%20VIII:%20Journey%20of%20the%20Cursed%20King-285x380.jpg",
                            "directoryType": "GAME",
                            "displayName": "Dragon Quest VIII: Journey of the Cursed King",
                            "id": "3290",
                            "name": "Dragon Quest VIII: Journey of the Cursed King",
                            "viewersCount": 5
                        }
                    },
                    {
                        "__typename": "DirectoryEdge",
                        "cursor": "ODEx",
                        "node": {
                            "__typename": "Game",
                            "activeDropCampaigns": [],
                            "avatarURL": "https://static-cdn.jtvnw.net/ttv-boxart/Black%20&%20White-285x380.jpg",
                            "directoryType": "GAME",
                            "displayName": "Black & White",
                            "id": "17076",
                            "name": "Black & White",
                            "viewersCount": 5
                        }
                    },
                    {
                        "__typename": "DirectoryEdge",
                        "cursor": "ODEy",
                        "node": {
                            "__typename": "Game",
                            "activeDropCampaigns": [],
                            "avatarURL": "https://static-cdn.jtvnw.net/ttv-boxart/Call%20of%20Duty:%20Modern%20Warfare%20Remastered-285x380.jpg",
                            "directoryType": "GAME",
                            "displayName": "Call of Duty: Modern Warfare Remastered",
                            "id": "494155",
                            "name": "Call of Duty: Modern Warfare Remastered",
                            "viewersCount": 5
                        }
                    },
                    {
                        "__typename": "DirectoryEdge",
                        "cursor": "ODEz",
                        "node": {
                            "__typename": "Game",
                            "activeDropCampaigns": [],
                            "avatarURL": "https://static-cdn.jtvnw.net/ttv-boxart/Tales%20of%20Phantasia-285x380.jpg",
                            "directoryType": "GAME",
                            "displayName": "Tales of Phantasia",
                            "id": "240",
                            "name": "Tales of Phantasia",
                            "viewersCount": 5
                        }
                    }
                ],
                "pageInfo": {
                    "__typename": "PageInfo",
                    "hasNextPage": true
                }
            }
        },
        "extensions": {
            "durationMilliseconds": 46,
            "operationName": "BrowsePage_AllDirectories"
        }
    }
]