[
    {
        "data": {
            "directories": {
                "__typename": "DirectoryConnection",
                "edges": [
                    {
                        "__typename": "DirectoryEdge",
                        "cursor": "ODEz",
                        "node": {
                            "__typename": "Game",
                            "activeDropCampaigns": [],
                            "avatarURL": "https://static-cdn.jtvnw.net/ttv-boxart/Tales%20of%20Phantasia-285x380.jpg",
                            "directoryType": "GAME",
                            "displayName": "Tales of Phantasia",
                            "id": "240",
                            "name": "Tales of Phantasia",
                            "viewersCount": 5
                        }
                    },
                    {
                        "__typename": "DirectoryEdge",
                        "cursor": "ODE0",
                        "node": {
                            "__typename": "Game",
                            "activeDropCampaigns": [],
                            "avatarURL": "https://static-cdn.jtvnw.net/ttv-boxart/World%20of%20Final%20Fantasy-285x380.jpg",
                            "directoryType": "GAME",
                            "displayName": "World of Final Fantasy",
                            "id": "493927",
                            "name": "World of Final Fantasy",
                            "viewersCount": 5
                        }
                    },
                    {
                        "__typename": "DirectoryEdge",
                        "cursor": "ODE1",
                        "node": {
                            "__typename": "Game",
                            "activeDropCampaigns": [],
                            "avatarURL": "https://static-cdn.jtvnw.net/ttv-boxart/Tower%20Unite-285x380.jpg",
                            "directoryType": "GAME",
                            "displayName": "Tower Unite",
                            "id": "492178",
                            "name": "Tower Unite",
                            "viewersCount": 5
                        }
                    },
                    {
                        "__typename": "DirectoryEdge",
                        "cursor": "ODE2",
                        "node": {
                            "__typename": "Game",
                            "activeDropCampaigns": [],
                            "avatarURL": "https://static-cdn.jtvnw.net/ttv-boxart/Akiba%27s%20Beat-285x380.jpg",
                            "directoryType": "GAME",
                            "displayName": "Akiba's Beat",
                            "id": "494156",
                            "name": "Akiba's Beat",
                            "viewersCount": 5
                        }
                    },
                    {
                        "__typename": "DirectoryEdge",
                        "cursor": "ODE3",
                        "node": {
                            "__typename": "Game",
                            "activeDropCampaigns": [],
                            "avatarURL": "https://static-cdn.jtvnw.net/ttv-boxart/The%20Talos%20Principle-285x380.jpg",
                            "directoryType": "GAME",
                            "displayName": "The Talos Principle",
                            "id": "460639",
                            "name": "The Talos Principle",
                            "viewersCount": 5
                        }
                    },
                    {
                        "__typename": "DirectoryEdge",
                        "cursor": "ODE4",
                        "node": {
                            "__typename": "Game",
                            "activeDropCampaigns": [],
                            "avatarURL": "https://static-cdn.jtvnw.net/ttv-boxart/The%20Witcher%202:%20Assassins%20of%20Kings-285x380.jpg",
                            "directoryType": "GAME",
                            "displayName": "The Witcher 2: Assassins of Kings",
                            "id": "25417",
                            "name": "The Witcher 2: Assassins of Kings",
                            "viewersCount": 5
                        }
                    },
                    {
                        "__typename": "DirectoryEdge",
                        "cursor": "ODE5",
                        "node": {
                            "__typename": "Game",
                            "activeDropCampaigns": [],
                            "avatarURL": "https://static-cdn.jtvnw.net/ttv-boxart/Friday%20the%2013th:%20Killer%20Puzzle-285x380.jpg",
                            "directoryType": "GAME",
                            "displayName": "Friday the 13th: Killer Puzzle",
                            "id": "505506",
                            "name": "Friday the 13th: Killer Puzzle",
                            "viewersCount": 5
                        }
                    },
                    {
                        "__typename": "DirectoryEdge",
                        "cursor": "ODIw",
                        "node": {
                            "__typename": "Game",
                            "activeDropCampaigns": [],
                            "avatarURL": "https://static-cdn.jtvnw.net/ttv-boxart/The%20Binding%20of%20Isaac:%20Rebirth-285x380.jpg",
                            "directoryType": "GAME",
                            "displayName": "The Binding of Isaac: Rebirth",
                            "id": "94073",
                            "name": "The Binding of Isaac: Rebirth",
                            "viewersCount": 5
                        }
                    },
                    {
                        "__typename": "DirectoryEdge",
                        "cursor": "ODIx",
                        "node": {
                            "__typename": "Game",
                            "activeDropCampaigns": [],
                            "avatarURL": "https://static-cdn.jtvnw.net/ttv-boxart/Defiance-285x380.jpg",
                            "directoryType": "GAME",
                            "displayName": "Defiance",
                            "id": "14860",
                            "name": "Defiance",
                            "viewersCount": 5
                        }
                    },
                    {
                        "__typename": "DirectoryEdge",
                        "cursor": "ODIy",
                        "node": {
                            "__typename": "Game",
                            "activeDropCampaigns": [],
                            "avatarURL": "https://static-cdn.jtvnw.net/ttv-boxart/Secret%20of%20Mana-285x380.jpg",
                            "directoryType": "GAME",
                            "displayName": "Secret of Mana",
                            "id": "17872",
                            "name": "Secret of Mana",
                            "viewersCount": 5
                        }
                    },
                    {
                        "__typename": "DirectoryEdge",
                        "cursor": "ODIz",
                        "node": {
                            "__typename": "Game",
                            "activeDropCampaigns": [],
                            "avatarURL": "https://static-cdn.jtvnw.net/ttv-boxart/Scrabble-285x380.jpg",
                            "directoryType": "GAME",
                            "displayName": "Scrabble",
                            "id": "3014",
                            "name": "Scrabble",
                            "viewersCount": 5
                        }
                    },
                    {
                        "__typename": "DirectoryEdge",
                        "cursor": "ODI0",
                        "node": {
                            "__typename": "Game",
                            "activeDropCampaigns": [],
                            "avatarURL": "https://static-cdn.jtvnw.net/ttv-boxart/Wormix-285x380.jpg",
                            "directoryType": "GAME",
                            "displayName": "Wormix",
                            "id": "493137",
                            "name": "Wormix",
                            "viewersCount": 5
                        }
                    },
                    {
                        "__typename": "DirectoryEdge",
                        "cursor": "ODI1",
                        "node": {
                            "__typename": "Game",
                            "activeDropCampaigns": [],
                            "avatarURL": "https://static-cdn.jtvnw.net/ttv-boxart/The%20Crew-285x380.jpg",
                            "directoryType": "GAME",
                            "displayName": "The Crew",
                            "id": "369576",
                            "name": "The Crew",
                            "viewersCount": 5
                        }
                    },
                    {
                        "__typename": "DirectoryEdge",
                        "cursor": "ODI2",
                        "node": {
                            "__typename": "Game",
                            "activeDropCampaigns": [],
                            "avatarURL": "https://static-cdn.jtvnw.net/ttv-boxart/Jalopy-285x380.jpg",
                            "directoryType": "GAME",
                            "displayName": "Jalopy",
                            "id": "492378",
                            "name": "Jalopy",
                            "viewersCount": 5
                        }
                    },
                    {
                        "__typename": "DirectoryEdge",
                        "cursor": "ODI3",
                        "node": {
                            "__typename": "Game",
                            "activeDropCampaigns": [],
                            "avatarURL": "https://static-cdn.jtvnw.net/ttv-boxart/Silkroad%20Online-285x380.jpg",
                            "directoryType": "GAME",
                            "displayName": "Silkroad Online",
                            "id": "20063",
                            "name": "Silkroad Online",
                            "viewersCount": 5
                        }
                    },
                    {
                        "__typename": "DirectoryEdge",
                        "cursor": "ODI4",
                        "node": {
                            "__typename": "Game",
                            "activeDropCampaigns": [],
                            "avatarURL": "https://static-cdn.jtvnw.net/ttv-boxart/Desolate-285x380.jpg",
                            "directoryType": "GAME",
                            "displayName": "Desolate",
                            "id": "502502",
                            "name": "Desolate",
                            "viewersCount": 5
                        }
                    },
                    {
                        "__typename": "DirectoryEdge",
                        "cursor": "ODI5",
                        "node": {
                            "__typename": "Game",
                            "activeDropCampaigns": [],
                            "avatarURL": "https://static-cdn.jtvnw.net/ttv-boxart/Game%20of%20Thrones:%20A%20Telltale%20Game%20Series-285x380.jpg",
                            "directoryType": "GAME",
                            "displayName": "Game of Thrones: A Telltale Game Series",
                            "id": "33088",
                            "name": "Game of Thrones: A Telltale Game Series",
                            "viewersCount": 5
                        }
                    },
                    {
                        "__typename": "DirectoryEdge",
                        "cursor": "ODMw",
                        "node": {
                            "__typename": "Game",
                            "activeDropCampaigns": [],
                            "avatarURL": "https://static-cdn.jtvnw.net/ttv-boxart/Future%20Unfolding-285x380.jpg",
                            "directoryType": "GAME",
                            "displayName": "Future Unfolding",
                            "id": "459989",
                            "name": "Future Unfolding",
                            "viewersCount": 5
                        }
                    },
                    {
                        "__typename": "DirectoryEdge",
                        "cursor": "ODMx",
                        "node": {
                            "__typename": "Game",
                            "activeDropCampaigns": [],
                            "avatarURL": "https://static-cdn.jtvnw.net/ttv-boxart/Tokyo%20Mirage%20Sessions%20%E2%99%AFFE-285x380.jpg",
                            "directoryType": "GAME",
                            "displayName": "Tokyo Mirage Sessions \u266fFE",
                            "id": "110750",
                            "name": "Tokyo Mirage Sessions \u266fFE",
                            "viewersCount": 4
                        }
                    },
                    {
                        "__typename": "DirectoryEdge",
                        "cursor": "ODMy",
                        "node": {
                            "__typename": "Game",
                            "activeDropCampaigns": [],
                            "avatarURL": "https://static-cdn.jtvnw.net/ttv-boxart/Anime%20Land-285x380.jpg",
                            "directoryType": "GAME",
                            "displayName": "Anime Land",
                            "id": "29936",
                            "name": "Anime Land",
                            "viewersCount": 4
                        }
                    },
                    {
                        "__typename": "DirectoryEdge",
                        "cursor": "ODMz",
                        "node": {
                            "__typename": "Game",
                            "activeDropCampaigns": [],
                            "avatarURL": "https://static-cdn.jtvnw.net/ttv-boxart/Injustice:%20Gods%20Among%20Us-285x380.jpg",
                            "directoryType": "GAME",
                            "displayName": "Injustice: Gods Among Us",
                            "id": "65900",
                            "name": "Injustice: Gods Among Us",
                            "viewersCount": 4
                        }
                    },
                    {
                        "__typename": "DirectoryEdge",
                        "cursor": "ODM0",
                        "node": {
                            "__typename": "Game",
                            "activeDropCampaigns": [],
                            "avatarURL": "https://static-cdn.jtvnw.net/ttv-boxart/Magic:%20The%20Gathering%20Online-285x380.jpg",
                            "directoryType": "GAME",
                            "displayName": "Magic: The Gathering Online",
                            "id": "8764",
                            "name": "Magic: The Gathering Online",
                            "viewersCount": 4
                        }
                    },
                    {
                        "__typename": "DirectoryEdge",
                        "cursor": "ODM1",
                        "node": {
                            "__typename": "Game",
                            "activeDropCampaigns": [],
                            "avatarURL": "https://static-cdn.jtvnw.net/ttv-boxart/Royal%20Quest-285x380.jpg",
                            "directoryType": "GAME",
                            "displayName": "Royal Quest",
                            "id": "461467",
                            "name": "Royal Quest",
                            "viewersCount": 4
                        }
                    },
                    {
                        "__typename": "DirectoryEdge",
                        "cursor": "ODM2",
                        "node": {
                            "__typename": "Game",
                            "activeDropCampaigns": [],
                            "avatarURL": "https://static-cdn.jtvnw.net/ttv-boxart/Old%20School%20RuneScape-285x380.jpg",
                            "directoryType": "GAME",
                            "displayName": "Old School RuneScape",
                            "id": "459931",
                            "name": "Old School RuneScape",
                            "viewersCount": 4
                        }
                    },
                    {
                        "__typename": "DirectoryEdge",
                        "cursor": "ODM3",
                        "node": {
                            "__typename": "Game",
                            "activeDropCampaigns": [],
                            "avatarURL": "https://static-cdn.jtvnw.net/ttv-boxart/Assassin%27s%20Creed%20Syndicate-285x380.jpg",
                            "directoryType": "GAME",
                            "displayName": "Assassin's Creed Syndicate",
                            "id": "488607",
                            "name": "Assassin's Creed Syndicate",
                            "viewersCount": 4
                        }
                    },
                    {
                        "__typename": "DirectoryEdge",
                        "cursor": "ODM4",
                        "node": {
                            "__typename": "Game",
                            "activeDropCampaigns": [],
                            "avatarURL": "https://static-cdn.jtvnw.net/ttv-boxart/Soul%20Gambler-285x380.jpg",
                            "directoryType": "GAME",
                            "displayName": "Soul Gambler",
                            "id": "461161",
                            "name": "Soul Gambler",
                            "viewersCount": 4
                        }
                    },
                    {
                        "__typename": "DirectoryEdge",
                        "cursor": "ODM5",
                        "node": {
                            "__typename": "Game",
                            "activeDropCampaigns": [],
                            "avatarURL": "https://static-cdn.jtvnw.net/ttv-boxart/Dragon%20Quest%20X:%20Mezameshi%20Itsutsu%20no%20Shuzoku%20Online-285x380.jpg",
                            "directoryType": "GAME",
                            "displayName": "Dragon Quest X: Mezameshi Itsutsu no Shuzoku Online",
                            "id": "22440",
                            "name": "Dragon Quest X: Mezameshi Itsutsu no Shuzoku Online",
                            "viewersCount": 4
                        }
                    },
                    {
                        "__typename": "DirectoryEdge",
                        "cursor": "ODQw",
                        "node": {
                            "__typename": "Game",
                            "activeDropCampaigns": [],
                            "avatarURL": "https://static-cdn.jtvnw.net/ttv-boxart/Clicker%20Heroes-285x380.jpg",
                            "directoryType": "GAME",
                            "displayName": "Clicker Heroes",
                            "id": "489657",
                            "name": "Clicker Heroes",
                            "viewersCount": 4
                        }
                    },
                    {
                        "__typename": "DirectoryEdge",
                        "cursor": "ODQx",
                        "node": {
                            "__typename": "Game",
                            "activeDropCampaigns": [],
                            "avatarURL": "https://static-cdn.jtvnw.net/ttv-boxart/CarX%20Drift%20Racing%20Online-285x380.jpg",
                            "directoryType": "GAME",
                            "displayName": "CarX Drift Racing Online",
                            "id": "498289",
                            "name": "CarX Drift Racing Online",
                            "viewersCount": 4
                        }
                    },
                    {
                        "__typename": "DirectoryEdge",
                        "cursor": "ODQy",
                        "node": {
                            "__typename": "Game",
                            "activeDropCampaigns": [],
                            "avatarURL": "https://static-cdn.jtvnw.net/ttv-boxart/Castle%20Crashers-285x380.jpg",
                            "directoryType": "GAME",
                            "displayName": "Castle Crashers",
                            "id": "18950",
                            "name": "Castle Crashers",
                            "viewersCount": 4
                        }
                    }
                ],
                "pageInfo": {
                    "__typename": "PageInfo",
                    "hasNextPage": true
                }
            }
        },
        "extensions": {
            "durationMilliseconds": 42,
            "operationName": "BrowsePage_AllDirectories"
        }
    }
]