[
    {
        "data": {
            "directories": {
                "__typename": "DirectoryConnection",
                "edges": [
                    {
                        "__typename": "DirectoryEdge",
                        "cursor": "NTk=",
                        "node": {
                            "__typename": "Game",
                            "activeDropCampaigns": [],
                            "avatarURL": "https://static-cdn.jtvnw.net/ttv-boxart/Sea%20of%20Thieves-285x380.jpg",
                            "directoryType": "GAME",
                            "displayName": "Sea of Thieves",
                            "id": "490377",
                            "name": "Sea of Thieves",
                            "viewersCount": 1318
                        }
                    },
                    {
                        "__typename": "DirectoryEdge",
                        "cursor": "NjA=",
                        "node": {
                            "__typename": "Game",
                            "activeDropCampaigns": [],
                            "avatarURL": "https://static-cdn.jtvnw.net/ttv-boxart/Cult-285x380.jpg",
                            "directoryType": "GAME",
                            "displayName": "Cult",
                            "id": "11622",
                            "name": "Cult",
                            "viewersCount": 1288
                        }
                    },
                    {
                        "__typename": "DirectoryEdge",
                        "cursor": "NjE=",
                        "node": {
                            "__typename": "Game",
                            "activeDropCampaigns": [],
                            "avatarURL": "https://static-cdn.jtvnw.net/ttv-boxart/Games%20+%20Demos-285x380.jpg",
                            "directoryType": "GAME",
                            "displayName": "Games + Demos",
                            "id": "66082",
                            "name": "Games + Demos",
                            "viewersCount": 1286
                        }
                    },
                    {
                        "__typename": "DirectoryEdge",
                        "cursor": "NjI=",
                        "node": {
                            "__typename": "Game",
                            "activeDropCampaigns": [],
                            "avatarURL": "https://static-cdn.jtvnw.net/ttv-boxart/Street%20Fighter%20V-285x380.jpg",
                            "directoryType": "GAME",
                            "displayName": "Street Fighter V",
                            "id": "488615",
                            "name": "Street Fighter V",
                            "viewersCount": 1263
                        }
                    },
                    {
                        "__typename": "DirectoryEdge",
                        "cursor": "NjM=",
                        "node": {
                            "__typename": "Game",
                            "activeDropCampaigns": [],
                            "avatarURL": "https://static-cdn.jtvnw.net/ttv-boxart/Summoners%20War:%20Sky%20Arena-285x380.jpg",
                            "directoryType": "GAME",
                            "displayName": "Summoners War: Sky Arena",
                            "id": "489111",
                            "name": "Summoners War: Sky Arena",
                            "viewersCount": 1232
                        }
                    },
                    {
                        "__typename": "DirectoryEdge",
                        "cursor": "NjQ=",
                        "node": {
                            "__typename": "Game",
                            "activeDropCampaigns": [],
                            "avatarURL": "https://static-cdn.jtvnw.net/ttv-boxart/Dark%20Souls%20III-285x380.jpg",
                            "directoryType": "GAME",
                            "displayName": "Dark Souls III",
                            "id": "490292",
                            "name": "Dark Souls III",
                            "viewersCount": 1175
                        }
                    },
                    {
                        "__typename": "DirectoryEdge",
                        "cursor": "NjU=",
                        "node": {
                            "__typename": "Game",
                            "activeDropCampaigns": [],
                            "avatarURL": "https://static-cdn.jtvnw.net/ttv-boxart/Darwin%20Project-285x380.jpg",
                            "directoryType": "GAME",
                            "displayName": "Darwin Project",
                            "id": "497416",
                            "name": "Darwin Project",
                            "viewersCount": 1173
                        }
                    },
                    {
                        "__typename": "DirectoryEdge",
                        "cursor": "NjY=",
                        "node": {
                            "__typename": "Game",
                            "activeDropCampaigns": [],
                            "avatarURL": "https://static-cdn.jtvnw.net/ttv-boxart/Always%20On-285x380.jpg",
                            "directoryType": "GAME",
                            "displayName": "Always On",
                            "id": "499973",
                            "name": "Always On",
                            "viewersCount": 1169
                        }
                    },
                    {
                        "__typename": "DirectoryEdge",
                        "cursor": "Njc=",
                        "node": {
                            "__typename": "Game",
                            "activeDropCampaigns": [],
                            "avatarURL": "https://static-cdn.jtvnw.net/ttv-boxart/World%20of%20Warships-285x380.jpg",
                            "directoryType": "GAME",
                            "displayName": "World of Warships",
                            "id": "32502",
                            "name": "World of Warships",
                            "viewersCount": 1149
                        }
                    },
                    {
                        "__typename": "DirectoryEdge",
                        "cursor": "Njg=",
                        "node": {
                            "__typename": "Game",
                            "activeDropCampaigns": [],
                            "avatarURL": "https://static-cdn.jtvnw.net/ttv-boxart/Shadowverse-285x380.jpg",
                            "directoryType": "GAME",
                            "displayName": "Shadowverse",
                            "id": "492925",
                            "name": "Shadowverse",
                            "viewersCount": 1137
                        }
                    },
                    {
                        "__typename": "DirectoryEdge",
                        "cursor": "Njk=",
                        "node": {
                            "__typename": "Game",
                            "activeDropCampaigns": [],
                            "avatarURL": "https://static-cdn.jtvnw.net/ttv-boxart/Twitch%20Plays-285x380.jpg",
                            "directoryType": "GAME",
                            "displayName": "Twitch Plays",
                            "id": "491180",
                            "name": "Twitch Plays",
                            "viewersCount": 1098
                        }
                    },
                    {
                        "__typename": "DirectoryEdge",
                        "cursor": "NzA=",
                        "node": {
                            "__typename": "Game",
                            "activeDropCampaigns": [],
                            "avatarURL": "https://static-cdn.jtvnw.net/ttv-boxart/Age%20of%20Empires%20II-285x380.jpg",
                            "directoryType": "GAME",
                            "displayName": "Age of Empires II",
                            "id": "13389",
                            "name": "Age of Empires II",
                            "viewersCount": 1097
                        }
                    },
                    {
                        "__typename": "DirectoryEdge",
                        "cursor": "NzE=",
                        "node": {
                            "__typename": "Game",
                            "activeDropCampaigns": [],
                            "avatarURL": "https://static-cdn.jtvnw.net/ttv-boxart/Warframe-285x380.jpg",
                            "directoryType": "GAME",
                            "displayName": "Warframe",
                            "id": "66170",
                            "name": "Warframe",
                            "viewersCount": 1095
                        }
                    },
                    {
                        "__typename": "DirectoryEdge",
                        "cursor": "NzI=",
                        "node": {
                            "__typename": "Game",
                            "activeDropCampaigns": [],
                            "avatarURL": "https://static-cdn.jtvnw.net/ttv-boxart/Smite-285x380.jpg",
                            "directoryType": "GAME",
                            "displayName": "Smite",
                            "id": "32507",
                            "name": "Smite",
                            "viewersCount": 1058
                        }
                    },
                    {
                        "__typename": "DirectoryEdge",
                        "cursor": "NzM=",
                        "node": {
                            "__typename": "Game",
                            "activeDropCampaigns": [],
                            "avatarURL": "https://static-cdn.jtvnw.net/ttv-boxart/Pok%C3%A9mon%20Mystery%20Dungeon:%20Explorers%20of%20Sky-285x380.jpg",
                            "directoryType": "GAME",
                            "displayName": "Pok\u00e9mon Mystery Dungeon: Explorers of Sky",
                            "id": "22693",
                            "name": "Pok\u00e9mon Mystery Dungeon: Explorers of Sky",
                            "viewersCount": 1026
                        }
                    },
                    {
                        "__typename": "DirectoryEdge",
                        "cursor": "NzQ=",
                        "node": {
                            "__typename": "Game",
                            "activeDropCampaigns": [],
                            "avatarURL": "https://static-cdn.jtvnw.net/ttv-boxart/Gothic%20II:%20Night%20of%20the%20Raven-285x380.jpg",
                            "directoryType": "GAME",
                            "displayName": "Gothic II: Night of the Raven",
                            "id": "15517",
                            "name": "Gothic II: Night of the Raven",
                            "viewersCount": 1025
                        }
                    },
                    {
                        "__typename": "DirectoryEdge",
                        "cursor": "NzU=",
                        "node": {
                            "__typename": "Game",
                            "activeDropCampaigns": [],
                            "avatarURL": "https://static-cdn.jtvnw.net/ttv-boxart/Tom%20Clancy%27s%20The%20Division-285x380.jpg",
                            "directoryType": "GAME",
                            "displayName": "Tom Clancy's The Division",
                            "id": "369579",
                            "name": "Tom Clancy's The Division",
                            "viewersCount": 1003
                        }
                    },
                    {
                        "__typename": "DirectoryEdge",
                        "cursor": "NzY=",
                        "node": {
                            "__typename": "Game",
                            "activeDropCampaigns": [],
                            "avatarURL": "https://static-cdn.jtvnw.net/ttv-boxart/The%20Legend%20of%20Zelda:%20A%20Link%20to%20the%20Past-285x380.jpg",
                            "directoryType": "GAME",
                            "displayName": "The Legend of Zelda: A Link to the Past",
                            "id": "9435",
                            "name": "The Legend of Zelda: A Link to the Past",
                            "viewersCount": 992
                        }
                    },
                    {
                        "__typename": "DirectoryEdge",
                        "cursor": "Nzc=",
                        "node": {
                            "__typename": "Game",
                            "activeDropCampaigns": [],
                            "avatarURL": "https://static-cdn.jtvnw.net/ttv-boxart/God%20of%20War%20Collection-285x380.jpg",
                            "directoryType": "GAME",
                            "displayName": "God of War Collection",
                            "id": "25251",
                            "name": "God of War Collection",
                            "viewersCount": 957
                        }
                    },
                    {
                        "__typename": "DirectoryEdge",
                        "cursor": "Nzg=",
                        "node": {
                            "__typename": "Game",
                            "activeDropCampaigns": [],
                            "avatarURL": "https://static-cdn.jtvnw.net/ttv-boxart/A%20Way%20Out-285x380.jpg",
                            "directoryType": "GAME",
                            "displayName": "A Way Out",
                            "id": "497388",
                            "name": "A Way Out",
                            "viewersCount": 950
                        }
                    },
                    {
                        "__typename": "DirectoryEdge",
                        "cursor": "Nzk=",
                        "node": {
                            "__typename": "Game",
                            "activeDropCampaigns": [],
                            "avatarURL": "https://static-cdn.jtvnw.net/ttv-boxart/Pok%C3%A9mon%20Trading%20Card%20Game-285x380.jpg",
                            "directoryType": "GAME",
                            "displayName": "Pok\u00e9mon Trading Card Game",
                            "id": "9618",
                            "name": "Pok\u00e9mon Trading Card Game",
                            "viewersCount": 896
                        }
                    },
                    {
                        "__typename": "DirectoryEdge",
                        "cursor": "ODA=",
                        "node": {
                            "__typename": "Game",
                            "activeDropCampaigns": [],
                            "avatarURL": "https://static-cdn.jtvnw.net/ttv-boxart/osu%21-285x380.jpg",
                            "directoryType": "GAME",
                            "displayName": "osu!",
                            "id": "21465",
                            "name": "osu!",
                            "viewersCount": 851
                        }
                    },
                    {
                        "__typename": "DirectoryEdge",
                        "cursor": "ODE=",
                        "node": {
                            "__typename": "Game",
                            "activeDropCampaigns": [],
                            "avatarURL": "https://static-cdn.jtvnw.net/ttv-boxart/Tibia-285x380.jpg",
                            "directoryType": "GAME",
                            "displayName": "Tibia",
                            "id": "19619",
                            "name": "Tibia",
                            "viewersCount": 798
                        }
                    },
                    {
                        "__typename": "DirectoryEdge",
                        "cursor": "ODI=",
                        "node": {
                            "__typename": "Game",
                            "activeDropCampaigns": [],
                            "avatarURL": "https://static-cdn.jtvnw.net/ttv-boxart/Dark%20Souls-285x380.jpg",
                            "directoryType": "GAME",
                            "displayName": "Dark Souls",
                            "id": "29433",
                            "name": "Dark Souls",
                            "viewersCount": 785
                        }
                    },
                    {
                        "__typename": "DirectoryEdge",
                        "cursor": "ODM=",
                        "node": {
                            "__typename": "Game",
                            "activeDropCampaigns": [],
                            "avatarURL": "https://static-cdn.jtvnw.net/ttv-boxart/Paladins-285x380.jpg",
                            "directoryType": "GAME",
                            "displayName": "Paladins",
                            "id": "491115",
                            "name": "Paladins",
                            "viewersCount": 746
                        }
                    },
                    {
                        "__typename": "DirectoryEdge",
                        "cursor": "ODQ=",
                        "node": {
                            "__typename": "Game",
                            "activeDropCampaigns": [],
                            "avatarURL": "https://static-cdn.jtvnw.net/ttv-boxart/Terraria-285x380.jpg",
                            "directoryType": "GAME",
                            "displayName": "Terraria",
                            "id": "31376",
                            "name": "Terraria",
                            "viewersCount": 740
                        }
                    },
                    {
                        "__typename": "DirectoryEdge",
                        "cursor": "ODU=",
                        "node": {
                            "__typename": "Game",
                            "activeDropCampaigns": [],
                            "avatarURL": "https://static-cdn.jtvnw.net/ttv-boxart/The%20Witcher%203:%20Wild%20Hunt-285x380.jpg",
                            "directoryType": "GAME",
                            "displayName": "The Witcher 3: Wild Hunt",
                            "id": "115977",
                            "name": "The Witcher 3: Wild Hunt",
                            "viewersCount": 706
                        }
                    },
                    {
                        "__typename": "DirectoryEdge",
                        "cursor": "ODY=",
                        "node": {
                            "__typename": "Game",
                            "activeDropCampaigns": [],
                            "avatarURL": "https://static-cdn.jtvnw.net/ttv-boxart/Resident%20Evil-285x380.jpg",
                            "directoryType": "GAME",
                            "displayName": "Resident Evil",
                            "id": "5360",
                            "name": "Resident Evil",
                            "viewersCount": 636
                        }
                    },
                    {
                        "__typename": "DirectoryEdge",
                        "cursor": "ODc=",
                        "node": {
                            "__typename": "Game",
                            "activeDropCampaigns": [],
                            "avatarURL": "https://static-cdn.jtvnw.net/ttv-boxart/FINAL%20FANTASY%20XIV%20Online-285x380.jpg",
                            "directoryType": "GAME",
                            "displayName": "FINAL FANTASY XIV Online",
                            "id": "24241",
                            "name": "FINAL FANTASY XIV Online",
                            "viewersCount": 633
                        }
                    },
                    {
                        "__typename": "DirectoryEdge",
                        "cursor": "ODg=",
                        "node": {
                            "__typename": "Game",
                            "activeDropCampaigns": [],
                            "avatarURL": "https://static-cdn.jtvnw.net/ttv-boxart/SOMA-285x380.jpg",
                            "directoryType": "GAME",
                            "displayName": "SOMA",
                            "id": "458224",
                            "name": "SOMA",
                            "viewersCount": 614
                        }
                    }
                ],
                "pageInfo": {
                    "__typename": "PageInfo",
                    "hasNextPage": true
                }
            }
        },
        "extensions": {
            "durationMilliseconds": 73,
            "operationName": "BrowsePage_AllDirectories"
        }
    }
]