[
    {
        "data": {
            "directories": {
                "__typename": "DirectoryConnection",
                "edges": [
                    {
                        "__typename": "DirectoryEdge",
                        "cursor": "ODQy",
                        "node": {
                            "__typename": "Game",
                            "activeDropCampaigns": [],
                            "avatarURL": "https://static-cdn.jtvnw.net/ttv-boxart/Castle%20Crashers-285x380.jpg",
                            "directoryType": "GAME",
                            "displayName": "Castle Crashers",
                            "id": "18950",
                            "name": "Castle Crashers",
                            "viewersCount": 4
                        }
                    },
                    {
                        "__typename": "DirectoryEdge",
                        "cursor": "ODQz",
                        "node": {
                            "__typename": "Game",
                            "activeDropCampaigns": [],
                            "avatarURL": "https://static-cdn.jtvnw.net/ttv-boxart/Deiland-285x380.jpg",
                            "directoryType": "GAME",
                            "displayName": "Deiland",
                            "id": "505509",
                            "name": "Deiland",
                            "viewersCount": 4
                        }
                    },
                    {
                        "__typename": "DirectoryEdge",
                        "cursor": "ODQ0",
                        "node": {
                            "__typename": "Game",
                            "activeDropCampaigns": [],
                            "avatarURL": "https://static-cdn.jtvnw.net/ttv-boxart/Wizard101-285x380.jpg",
                            "directoryType": "GAME",
                            "displayName": "Wizard101",
                            "id": "20941",
                            "name": "Wizard101",
                            "viewersCount": 4
                        }
                    },
                    {
                        "__typename": "DirectoryEdge",
                        "cursor": "ODQ1",
                        "node": {
                            "__typename": "Game",
                            "activeDropCampaigns": [],
                            "avatarURL": "https://static-cdn.jtvnw.net/ttv-boxart/Motorsport%20Manager-285x380.jpg",
                            "directoryType": "GAME",
                            "displayName": "Motorsport Manager",
                            "id": "490393",
                            "name": "Motorsport Manager",
                            "viewersCount": 4
                        }
                    },
                    {
                        "__typename": "DirectoryEdge",
                        "cursor": "ODQ2",
                        "node": {
                            "__typename": "Game",
                            "activeDropCampaigns": [],
                            "avatarURL": "https://static-cdn.jtvnw.net/ttv-boxart/Alien%20Swarm:%20Reactive%20Drop-285x380.jpg",
                            "directoryType": "GAME",
                            "displayName": "Alien Swarm: Reactive Drop",
                            "id": "496727",
                            "name": "Alien Swarm: Reactive Drop",
                            "viewersCount": 4
                        }
                    },
                    {
                        "__typename": "DirectoryEdge",
                        "cursor": "ODQ3",
                        "node": {
                            "__typename": "Game",
                            "activeDropCampaigns": [],
                            "avatarURL": "https://static-cdn.jtvnw.net/ttv-boxart/Arms-285x380.jpg",
                            "directoryType": "GAME",
                            "displayName": "Arms",
                            "id": "495052",
                            "name": "Arms",
                            "viewersCount": 4
                        }
                    },
                    {
                        "__typename": "DirectoryEdge",
                        "cursor": "ODQ4",
                        "node": {
                            "__typename": "Game",
                            "activeDropCampaigns": [],
                            "avatarURL": "https://static-cdn.jtvnw.net/ttv-boxart/Shining%20Force%20II-285x380.jpg",
                            "directoryType": "GAME",
                            "displayName": "Shining Force II",
                            "id": "13328",
                            "name": "Shining Force II",
                            "viewersCount": 4
                        }
                    },
                    {
                        "__typename": "DirectoryEdge",
                        "cursor": "ODQ5",
                        "node": {
                            "__typename": "Game",
                            "activeDropCampaigns": [],
                            "avatarURL": "https://static-cdn.jtvnw.net/ttv-boxart/Forza%20Horizon%202-285x380.jpg",
                            "directoryType": "GAME",
                            "displayName": "Forza Horizon 2",
                            "id": "460546",
                            "name": "Forza Horizon 2",
                            "viewersCount": 4
                        }
                    },
                    {
                        "__typename": "DirectoryEdge",
                        "cursor": "ODUw",
                        "node": {
                            "__typename": "Game",
                            "activeDropCampaigns": [],
                            "avatarURL": "https://static-cdn.jtvnw.net/ttv-boxart/System%20Shock%202-285x380.jpg",
                            "directoryType": "GAME",
                            "displayName": "System Shock 2",
                            "id": "8135",
                            "name": "System Shock 2",
                            "viewersCount": 4
                        }
                    },
                    {
                        "__typename": "DirectoryEdge",
                        "cursor": "ODUx",
                        "node": {
                            "__typename": "Game",
                            "activeDropCampaigns": [],
                            "avatarURL": "https://static-cdn.jtvnw.net/ttv-boxart/Tangledeep-285x380.jpg",
                            "directoryType": "GAME",
                            "displayName": "Tangledeep",
                            "id": "497191",
                            "name": "Tangledeep",
                            "viewersCount": 4
                        }
                    },
                    {
                        "__typename": "DirectoryEdge",
                        "cursor": "ODUy",
                        "node": {
                            "__typename": "Game",
                            "activeDropCampaigns": [],
                            "avatarURL": "https://static-cdn.jtvnw.net/ttv-boxart/Mystical%20Ninja%20Starring%20Goemon-285x380.jpg",
                            "directoryType": "GAME",
                            "displayName": "Mystical Ninja Starring Goemon",
                            "id": "5723",
                            "name": "Mystical Ninja Starring Goemon",
                            "viewersCount": 4
                        }
                    },
                    {
                        "__typename": "DirectoryEdge",
                        "cursor": "ODUz",
                        "node": {
                            "__typename": "Game",
                            "activeDropCampaigns": [],
                            "avatarURL": "https://static-cdn.jtvnw.net/ttv-boxart/Wild%20West%20Online-285x380.jpg",
                            "directoryType": "GAME",
                            "displayName": "Wild West Online",
                            "id": "497622",
                            "name": "Wild West Online",
                            "viewersCount": 4
                        }
                    },
                    {
                        "__typename": "DirectoryEdge",
                        "cursor": "ODU0",
                        "node": {
                            "__typename": "Game",
                            "activeDropCampaigns": [],
                            "avatarURL": "https://static-cdn.jtvnw.net/ttv-boxart/Naruto%20Online-285x380.jpg",
                            "directoryType": "GAME",
                            "displayName": "Naruto Online",
                            "id": "503742",
                            "name": "Naruto Online",
                            "viewersCount": 4
                        }
                    },
                    {
                        "__typename": "DirectoryEdge",
                        "cursor": "ODU1",
                        "node": {
                            "__typename": "Game",
                            "activeDropCampaigns": [],
                            "avatarURL": "https://static-cdn.jtvnw.net/ttv-boxart/Reflex%20Arena-285x380.jpg",
                            "directoryType": "GAME",
                            "displayName": "Reflex Arena",
                            "id": "490607",
                            "name": "Reflex Arena",
                            "viewersCount": 4
                        }
                    },
                    {
                        "__typename": "DirectoryEdge",
                        "cursor": "ODU2",
                        "node": {
                            "__typename": "Game",
                            "activeDropCampaigns": [],
                            "avatarURL": "https://static-cdn.jtvnw.net/ttv-boxart/Pirate%20King%20Online-285x380.jpg",
                            "directoryType": "GAME",
                            "displayName": "Pirate King Online",
                            "id": "499889",
                            "name": "Pirate King Online",
                            "viewersCount": 4
                        }
                    },
                    {
                        "__typename": "DirectoryEdge",
                        "cursor": "ODU3",
                        "node": {
                            "__typename": "Game",
                            "activeDropCampaigns": [],
                            "avatarURL": "https://static-cdn.jtvnw.net/ttv-boxart/Dynasty%20Warriors%209-285x380.jpg",
                            "directoryType": "GAME",
                            "displayName": "Dynasty Warriors 9",
                            "id": "494767",
                            "name": "Dynasty Warriors 9",
                            "viewersCount": 4
                        }
                    },
                    {
                        "__typename": "DirectoryEdge",
                        "cursor": "ODU4",
                        "node": {
                            "__typename": "Game",
                            "activeDropCampaigns": [],
                            "avatarURL": "https://static-cdn.jtvnw.net/ttv-boxart/RaceRoom%20Racing%20Experience-285x380.jpg",
                            "directoryType": "GAME",
                            "displayName": "RaceRoom Racing Experience",
                            "id": "126260",
                            "name": "RaceRoom Racing Experience",
                            "viewersCount": 4
                        }
                    },
                    {
                        "__typename": "DirectoryEdge",
                        "cursor": "ODU5",
                        "node": {
                            "__typename": "Game",
                            "activeDropCampaigns": [],
                            "avatarURL": "https://static-cdn.jtvnw.net/ttv-boxart/Firewatch-285x380.jpg",
                            "directoryType": "GAME",
                            "displayName": "Firewatch",
                            "id": "459755",
                            "name": "Firewatch",
                            "viewersCount": 4
                        }
                    },
                    {
                        "__typename": "DirectoryEdge",
                        "cursor": "ODYw",
                        "node": {
                            "__typename": "Game",
                            "activeDropCampaigns": [],
                            "avatarURL": "https://static-cdn.jtvnw.net/ttv-boxart/Ratchet%20&%20Clank:%20Up%20Your%20Arsenal-285x380.jpg",
                            "directoryType": "GAME",
                            "displayName": "Ratchet & Clank: Up Your Arsenal",
                            "id": "4540",
                            "name": "Ratchet & Clank: Up Your Arsenal",
                            "viewersCount": 4
                        }
                    },
                    {
                        "__typename": "DirectoryEdge",
                        "cursor": "ODYx",
                        "node": {
                            "__typename": "Game",
                            "activeDropCampaigns": [],
                            "avatarURL": "https://static-cdn.jtvnw.net/ttv-boxart/Hatsune%20Miku:%20Project%20Diva%20Future%20Tone-285x380.jpg",
                            "directoryType": "GAME",
                            "displayName": "Hatsune Miku: Project Diva Future Tone",
                            "id": "490695",
                            "name": "Hatsune Miku: Project Diva Future Tone",
                            "viewersCount": 4
                        }
                    },
                    {
                        "__typename": "DirectoryEdge",
                        "cursor": "ODYy",
                        "node": {
                            "__typename": "Game",
                            "activeDropCampaigns": [],
                            "avatarURL": "https://static-cdn.jtvnw.net/ttv-boxart/Cat%20Goes%20Fishing-285x380.jpg",
                            "directoryType": "GAME",
                            "displayName": "Cat Goes Fishing",
                            "id": "489108",
                            "name": "Cat Goes Fishing",
                            "viewersCount": 4
                        }
                    },
                    {
                        "__typename": "DirectoryEdge",
                        "cursor": "ODYz",
                        "node": {
                            "__typename": "Game",
                            "activeDropCampaigns": [],
                            "avatarURL": "https://static-cdn.jtvnw.net/ttv-boxart/beatmania%20IIDX%20INFINITAS-285x380.jpg",
                            "directoryType": "GAME",
                            "displayName": "beatmania IIDX INFINITAS",
                            "id": "491728",
                            "name": "beatmania IIDX INFINITAS",
                            "viewersCount": 4
                        }
                    },
                    {
                        "__typename": "DirectoryEdge",
                        "cursor": "ODY0",
                        "node": {
                            "__typename": "Game",
                            "activeDropCampaigns": [],
                            "avatarURL": "https://static-cdn.jtvnw.net/ttv-boxart/Borderlands:%20The%20Handsome%20Collection-285x380.jpg",
                            "directoryType": "GAME",
                            "displayName": "Borderlands: The Handsome Collection",
                            "id": "488773",
                            "name": "Borderlands: The Handsome Collection",
                            "viewersCount": 4
                        }
                    },
                    {
                        "__typename": "DirectoryEdge",
                        "cursor": "ODY1",
                        "node": {
                            "__typename": "Game",
                            "activeDropCampaigns": [],
                            "avatarURL": "https://static-cdn.jtvnw.net/ttv-boxart/Squids%20from%20Space-285x380.jpg",
                            "directoryType": "GAME",
                            "displayName": "Squids from Space",
                            "id": "497109",
                            "name": "Squids from Space",
                            "viewersCount": 4
                        }
                    },
                    {
                        "__typename": "DirectoryEdge",
                        "cursor": "ODY2",
                        "node": {
                            "__typename": "Game",
                            "activeDropCampaigns": [],
                            "avatarURL": "https://static-cdn.jtvnw.net/ttv-boxart/State%20of%20Decay-285x380.jpg",
                            "directoryType": "GAME",
                            "displayName": "State of Decay",
                            "id": "30637",
                            "name": "State of Decay",
                            "viewersCount": 4
                        }
                    },
                    {
                        "__typename": "DirectoryEdge",
                        "cursor": "ODY3",
                        "node": {
                            "__typename": "Game",
                            "activeDropCampaigns": [],
                            "avatarURL": "https://static-cdn.jtvnw.net/ttv-boxart/Stonekeep-285x380.jpg",
                            "directoryType": "GAME",
                            "displayName": "Stonekeep",
                            "id": "14544",
                            "name": "Stonekeep",
                            "viewersCount": 4
                        }
                    },
                    {
                        "__typename": "DirectoryEdge",
                        "cursor": "ODY4",
                        "node": {
                            "__typename": "Game",
                            "activeDropCampaigns": [],
                            "avatarURL": "https://static-cdn.jtvnw.net/ttv-boxart/Grand%20Prix%203-285x380.jpg",
                            "directoryType": "GAME",
                            "displayName": "Grand Prix 3",
                            "id": "12785",
                            "name": "Grand Prix 3",
                            "viewersCount": 4
                        }
                    },
                    {
                        "__typename": "DirectoryEdge",
                        "cursor": "ODY5",
                        "node": {
                            "__typename": "Game",
                            "activeDropCampaigns": [],
                            "avatarURL": "https://static-cdn.jtvnw.net/ttv-boxart/Battle%20Ground-285x380.jpg",
                            "directoryType": "GAME",
                            "displayName": "Battle Ground",
                            "id": "497309",
                            "name": "Battle Ground",
                            "viewersCount": 4
                        }
                    },
                    {
                        "__typename": "DirectoryEdge",
                        "cursor": "ODcw",
                        "node": {
                            "__typename": "Game",
                            "activeDropCampaigns": [],
                            "avatarURL": "https://static-cdn.jtvnw.net/ttv-boxart/Resident%20Evil:%20Revelations%202-285x380.jpg",
                            "directoryType": "GAME",
                            "displayName": "Resident Evil: Revelations 2",
                            "id": "461522",
                            "name": "Resident Evil: Revelations 2",
                            "viewersCount": 4
                        }
                    },
                    {
                        "__typename": "DirectoryEdge",
                        "cursor": "ODcx",
                        "node": {
                            "__typename": "Game",
                            "activeDropCampaigns": [],
                            "avatarURL": "https://static-cdn.jtvnw.net/ttv-boxart/Super%20Mario%20Galaxy-285x380.jpg",
                            "directoryType": "GAME",
                            "displayName": "Super Mario Galaxy",
                            "id": "14766",
                            "name": "Super Mario Galaxy",
                            "viewersCount": 4
                        }
                    }
                ],
                "pageInfo": {
                    "__typename": "PageInfo",
                    "hasNextPage": true
                }
            }
        },
        "extensions": {
            "durationMilliseconds": 47,
            "operationName": "BrowsePage_AllDirectories"
        }
    }
]