[
    {
        "data": {
            "directories": {
                "__typename": "DirectoryConnection",
                "edges": [
                    {
                        "__typename": "DirectoryEdge",
                        "cursor": "ODcx",
                        "node": {
                            "__typename": "Game",
                            "activeDropCampaigns": [],
                            "avatarURL": "https://static-cdn.jtvnw.net/ttv-boxart/Super%20Mario%20Galaxy-285x380.jpg",
                            "directoryType": "GAME",
                            "displayName": "Super Mario Galaxy",
                            "id": "14766",
                            "name": "Super Mario Galaxy",
                            "viewersCount": 4
                        }
                    },
                    {
                        "__typename": "DirectoryEdge",
                        "cursor": "ODcy",
                        "node": {
                            "__typename": "Game",
                            "activeDropCampaigns": [],
                            "avatarURL": "https://static-cdn.jtvnw.net/ttv-boxart/Call%20of%20Duty:%20Advanced%20Warfare-285x380.jpg",
                            "directoryType": "GAME",
                            "displayName": "Call of Duty: Advanced Warfare",
                            "id": "417973",
                            "name": "Call of Duty: Advanced Warfare",
                            "viewersCount": 4
                        }
                    },
                    {
                        "__typename": "DirectoryEdge",
                        "cursor": "ODcz",
                        "node": {
                            "__typename": "Game",
                            "activeDropCampaigns": [],
                            "avatarURL": "https://static-cdn.jtvnw.net/ttv-boxart/Lost%20Planet%203-285x380.jpg",
                            "directoryType": "GAME",
                            "displayName": "Lost Planet 3",
                            "id": "34039",
                            "name": "Lost Planet 3",
                            "viewersCount": 4
                        }
                    },
                    {
                        "__typename": "DirectoryEdge",
                        "cursor": "ODc0",
                        "node": {
                            "__typename": "Game",
                            "activeDropCampaigns": [],
                            "avatarURL": "https://static-cdn.jtvnw.net/ttv-boxart/Warcraft%20III:%20Reign%20of%20Chaos-285x380.jpg",
                            "directoryType": "GAME",
                            "displayName": "Warcraft III: Reign of Chaos",
                            "id": "11549",
                            "name": "Warcraft III: Reign of Chaos",
                            "viewersCount": 4
                        }
                    },
                    {
                        "__typename": "DirectoryEdge",
                        "cursor": "ODc1",
                        "node": {
                            "__typename": "Game",
                            "activeDropCampaigns": [],
                            "avatarURL": "https://static-cdn.jtvnw.net/ttv-boxart/Unturned-285x380.jpg",
                            "directoryType": "GAME",
                            "displayName": "Unturned",
                            "id": "417932",
                            "name": "Unturned",
                            "viewersCount": 4
                        }
                    },
                    {
                        "__typename": "DirectoryEdge",
                        "cursor": "ODc2",
                        "node": {
                            "__typename": "Game",
                            "activeDropCampaigns": [],
                            "avatarURL": "https://static-cdn.jtvnw.net/ttv-boxart/Layers%20of%20Fear-285x380.jpg",
                            "directoryType": "GAME",
                            "displayName": "Layers of Fear",
                            "id": "490537",
                            "name": "Layers of Fear",
                            "viewersCount": 4
                        }
                    },
                    {
                        "__typename": "DirectoryEdge",
                        "cursor": "ODc3",
                        "node": {
                            "__typename": "Game",
                            "activeDropCampaigns": [],
                            "avatarURL": "https://static-cdn.jtvnw.net/ttv-boxart/Duck%20Game-285x380.jpg",
                            "directoryType": "GAME",
                            "displayName": "Duck Game",
                            "id": "459841",
                            "name": "Duck Game",
                            "viewersCount": 4
                        }
                    },
                    {
                        "__typename": "DirectoryEdge",
                        "cursor": "ODc4",
                        "node": {
                            "__typename": "Game",
                            "activeDropCampaigns": [],
                            "avatarURL": "https://static-cdn.jtvnw.net/ttv-boxart/Initial%20D%20Arcade%20Stage%207%20AAX-285x380.jpg",
                            "directoryType": "GAME",
                            "displayName": "Initial D Arcade Stage 7 AAX",
                            "id": "500167",
                            "name": "Initial D Arcade Stage 7 AAX",
                            "viewersCount": 4
                        }
                    },
                    {
                        "__typename": "DirectoryEdge",
                        "cursor": "ODc5",
                        "node": {
                            "__typename": "Game",
                            "activeDropCampaigns": [],
                            "avatarURL": "https://static-cdn.jtvnw.net/ttv-boxart/Super%20Mario%20Bros.-285x380.jpg",
                            "directoryType": "GAME",
                            "displayName": "Super Mario Bros.",
                            "id": "14262",
                            "name": "Super Mario Bros.",
                            "viewersCount": 4
                        }
                    },
                    {
                        "__typename": "DirectoryEdge",
                        "cursor": "ODgw",
                        "node": {
                            "__typename": "Game",
                            "activeDropCampaigns": [],
                            "avatarURL": "https://static-cdn.jtvnw.net/ttv-boxart/Thief%20II:%20The%20Metal%20Age-285x380.jpg",
                            "directoryType": "GAME",
                            "displayName": "Thief II: The Metal Age",
                            "id": "7135",
                            "name": "Thief II: The Metal Age",
                            "viewersCount": 4
                        }
                    },
                    {
                        "__typename": "DirectoryEdge",
                        "cursor": "ODgx",
                        "node": {
                            "__typename": "Game",
                            "activeDropCampaigns": [],
                            "avatarURL": "https://static-cdn.jtvnw.net/ttv-boxart/Sonic%20Heroes-285x380.jpg",
                            "directoryType": "GAME",
                            "displayName": "Sonic Heroes",
                            "id": "8734",
                            "name": "Sonic Heroes",
                            "viewersCount": 4
                        }
                    },
                    {
                        "__typename": "DirectoryEdge",
                        "cursor": "ODgy",
                        "node": {
                            "__typename": "Game",
                            "activeDropCampaigns": [],
                            "avatarURL": "https://static-cdn.jtvnw.net/ttv-boxart/Omega%20Strike-285x380.jpg",
                            "directoryType": "GAME",
                            "displayName": "Omega Strike",
                            "id": "498797",
                            "name": "Omega Strike",
                            "viewersCount": 4
                        }
                    },
                    {
                        "__typename": "DirectoryEdge",
                        "cursor": "ODgz",
                        "node": {
                            "__typename": "Game",
                            "activeDropCampaigns": [],
                            "avatarURL": "https://static-cdn.jtvnw.net/ttv-boxart/Umineko%20When%20They%20Cry:%20Question%20Arcs-285x380.jpg",
                            "directoryType": "GAME",
                            "displayName": "Umineko When They Cry: Question Arcs",
                            "id": "492832",
                            "name": "Umineko When They Cry: Question Arcs",
                            "viewersCount": 4
                        }
                    },
                    {
                        "__typename": "DirectoryEdge",
                        "cursor": "ODg0",
                        "node": {
                            "__typename": "Game",
                            "activeDropCampaigns": [],
                            "avatarURL": "https://static-cdn.jtvnw.net/ttv-boxart/Digital%20Combat%20Simulator:%20Black%20Shark-285x380.jpg",
                            "directoryType": "GAME",
                            "displayName": "Digital Combat Simulator: Black Shark",
                            "id": "20897",
                            "name": "Digital Combat Simulator: Black Shark",
                            "viewersCount": 4
                        }
                    },
                    {
                        "__typename": "DirectoryEdge",
                        "cursor": "ODg1",
                        "node": {
                            "__typename": "Game",
                            "activeDropCampaigns": [],
                            "avatarURL": "https://static-cdn.jtvnw.net/ttv-boxart/Railway%20Empire-285x380.jpg",
                            "directoryType": "GAME",
                            "displayName": "Railway Empire",
                            "id": "497469",
                            "name": "Railway Empire",
                            "viewersCount": 4
                        }
                    },
                    {
                        "__typename": "DirectoryEdge",
                        "cursor": "ODg2",
                        "node": {
                            "__typename": "Game",
                            "activeDropCampaigns": [],
                            "avatarURL": "https://static-cdn.jtvnw.net/ttv-boxart/Star%20Wars:%20Jedi%20Knight%20-%20Jedi%20Academy-285x380.jpg",
                            "directoryType": "GAME",
                            "displayName": "Star Wars: Jedi Knight - Jedi Academy",
                            "id": "15512",
                            "name": "Star Wars: Jedi Knight - Jedi Academy",
                            "viewersCount": 4
                        }
                    },
                    {
                        "__typename": "DirectoryEdge",
                        "cursor": "ODg3",
                        "node": {
                            "__typename": "Game",
                            "activeDropCampaigns": [],
                            "avatarURL": "https://static-cdn.jtvnw.net/ttv-boxart/Dishonored-285x380.jpg",
                            "directoryType": "GAME",
                            "displayName": "Dishonored",
                            "id": "32156",
                            "name": "Dishonored",
                            "viewersCount": 4
                        }
                    },
                    {
                        "__typename": "DirectoryEdge",
                        "cursor": "ODg4",
                        "node": {
                            "__typename": "Game",
                            "activeDropCampaigns": [],
                            "avatarURL": "https://static-cdn.jtvnw.net/ttv-boxart/Mushihime-sama%20Futari-285x380.jpg",
                            "directoryType": "GAME",
                            "displayName": "Mushihime-sama Futari",
                            "id": "26409",
                            "name": "Mushihime-sama Futari",
                            "viewersCount": 4
                        }
                    },
                    {
                        "__typename": "DirectoryEdge",
                        "cursor": "ODg5",
                        "node": {
                            "__typename": "Game",
                            "activeDropCampaigns": [],
                            "avatarURL": "https://static-cdn.jtvnw.net/ttv-boxart/Yu-Gi-Oh%21%20Online-285x380.jpg",
                            "directoryType": "GAME",
                            "displayName": "Yu-Gi-Oh! Online",
                            "id": "21355",
                            "name": "Yu-Gi-Oh! Online",
                            "viewersCount": 4
                        }
                    },
                    {
                        "__typename": "DirectoryEdge",
                        "cursor": "ODkw",
                        "node": {
                            "__typename": "Game",
                            "activeDropCampaigns": [],
                            "avatarURL": "https://static-cdn.jtvnw.net/ttv-boxart/Gang%20Beasts-285x380.jpg",
                            "directoryType": "GAME",
                            "displayName": "Gang Beasts",
                            "id": "459527",
                            "name": "Gang Beasts",
                            "viewersCount": 4
                        }
                    },
                    {
                        "__typename": "DirectoryEdge",
                        "cursor": "ODkx",
                        "node": {
                            "__typename": "Game",
                            "activeDropCampaigns": [],
                            "avatarURL": "https://static-cdn.jtvnw.net/ttv-boxart/Five%20Nights%20at%20Freddy%27s-285x380.jpg",
                            "directoryType": "GAME",
                            "displayName": "Five Nights at Freddy's",
                            "id": "418063",
                            "name": "Five Nights at Freddy's",
                            "viewersCount": 4
                        }
                    },
                    {
                        "__typename": "DirectoryEdge",
                        "cursor": "ODky",
                        "node": {
                            "__typename": "Game",
                            "activeDropCampaigns": [],
                            "avatarURL": "https://static-cdn.jtvnw.net/ttv-boxart/Kirby:%20Star%20Allies-285x380.jpg",
                            "directoryType": "GAME",
                            "displayName": "Kirby: Star Allies",
                            "id": "497452",
                            "name": "Kirby: Star Allies",
                            "viewersCount": 4
                        }
                    },
                    {
                        "__typename": "DirectoryEdge",
                        "cursor": "ODkz",
                        "node": {
                            "__typename": "Game",
                            "activeDropCampaigns": [],
                            "avatarURL": "https://static-cdn.jtvnw.net/ttv-boxart/Middle-earth:%20Shadow%20of%20Mordor-285x380.jpg",
                            "directoryType": "GAME",
                            "displayName": "Middle-earth: Shadow of Mordor",
                            "id": "458619",
                            "name": "Middle-earth: Shadow of Mordor",
                            "viewersCount": 4
                        }
                    },
                    {
                        "__typename": "DirectoryEdge",
                        "cursor": "ODk0",
                        "node": {
                            "__typename": "Game",
                            "activeDropCampaigns": [],
                            "avatarURL": "https://static-cdn.jtvnw.net/ttv-boxart/Dragon%20Ball%20XenoVerse-285x380.jpg",
                            "directoryType": "GAME",
                            "displayName": "Dragon Ball XenoVerse",
                            "id": "460393",
                            "name": "Dragon Ball XenoVerse",
                            "viewersCount": 4
                        }
                    },
                    {
                        "__typename": "DirectoryEdge",
                        "cursor": "ODk1",
                        "node": {
                            "__typename": "Game",
                            "activeDropCampaigns": [],
                            "avatarURL": "https://static-cdn.jtvnw.net/ttv-boxart/Kirby%20Super%20Star-285x380.jpg",
                            "directoryType": "GAME",
                            "displayName": "Kirby Super Star",
                            "id": "8466",
                            "name": "Kirby Super Star",
                            "viewersCount": 4
                        }
                    },
                    {
                        "__typename": "DirectoryEdge",
                        "cursor": "ODk2",
                        "node": {
                            "__typename": "Game",
                            "activeDropCampaigns": [],
                            "avatarURL": "https://static-cdn.jtvnw.net/ttv-boxart/Mega%20Man%208:%20Anniversary%20Edition-285x380.jpg",
                            "directoryType": "GAME",
                            "displayName": "Mega Man 8: Anniversary Edition",
                            "id": "17757",
                            "name": "Mega Man 8: Anniversary Edition",
                            "viewersCount": 4
                        }
                    },
                    {
                        "__typename": "DirectoryEdge",
                        "cursor": "ODk3",
                        "node": {
                            "__typename": "Game",
                            "activeDropCampaigns": [],
                            "avatarURL": "https://static-cdn.jtvnw.net/ttv-boxart/Pac-Man-285x380.jpg",
                            "directoryType": "GAME",
                            "displayName": "Pac-Man",
                            "id": "6981",
                            "name": "Pac-Man",
                            "viewersCount": 4
                        }
                    },
                    {
                        "__typename": "DirectoryEdge",
                        "cursor": "ODk4",
                        "node": {
                            "__typename": "Game",
                            "activeDropCampaigns": [],
                            "avatarURL": "https://static-cdn.jtvnw.net/ttv-boxart/Dead%20Island-285x380.jpg",
                            "directoryType": "GAME",
                            "displayName": "Dead Island",
                            "id": "19622",
                            "name": "Dead Island",
                            "viewersCount": 4
                        }
                    },
                    {
                        "__typename": "DirectoryEdge",
                        "cursor": "ODk5",
                        "node": {
                            "__typename": "Game",
                            "activeDropCampaigns": [],
                            "avatarURL": "https://static-cdn.jtvnw.net/ttv-boxart/Open%20Transport%20Tycoon%20Deluxe-285x380.jpg",
                            "directoryType": "GAME",
                            "displayName": "Open Transport Tycoon Deluxe",
                            "id": "489467",
                            "name": "Open Transport Tycoon Deluxe",
                            "viewersCount": 3
                        }
                    },
                    {
                        "__typename": "DirectoryEdge",
                        "cursor": "OTAw",
                        "node": {
                            "__typename": "Game",
                            "activeDropCampaigns": [],
                            "avatarURL": "https://static-cdn.jtvnw.net/ttv-boxart/Batman:%20The%20Enemy%20Within%20-%20The%20Telltale%20Series-285x380.jpg",
                            "directoryType": "GAME",
                            "displayName": "Batman: The Enemy Within - The Telltale Series",
                            "id": "497915",
                            "name": "Batman: The Enemy Within - The Telltale Series",
                            "viewersCount": 3
                        }
                    }
                ],
                "pageInfo": {
                    "__typename": "PageInfo",
                    "hasNextPage": true
                }
            }
        },
        "extensions": {
            "durationMilliseconds": 61,
            "operationName": "BrowsePage_AllDirectories"
        }
    }
]