[
    {
        "data": {
            "directories": {
                "__typename": "DirectoryConnection",
                "edges": [
                    {
                        "__typename": "DirectoryEdge",
                        "cursor": "OTAw",
                        "node": {
                            "__typename": "Game",
                            "activeDropCampaigns": [],
                            "avatarURL": "https://static-cdn.jtvnw.net/ttv-boxart/Batman:%20The%20Enemy%20Within%20-%20The%20Telltale%20Series-285x380.jpg",
                            "directoryType": "GAME",
                            "displayName": "Batman: The Enemy Within - The Telltale Series",
                            "id": "497915",
                            "name": "Batman: The Enemy Within - The Telltale Series",
                            "viewersCount": 3
                        }
                    },
                    {
                        "__typename": "DirectoryEdge",
                        "cursor": "OTAx",
                        "node": {
                            "__typename": "Game",
                            "activeDropCampaigns": [],
                            "avatarURL": "https://static-cdn.jtvnw.net/ttv-boxart/Limbo-285x380.jpg",
                            "directoryType": "GAME",
                            "displayName": "Limbo",
                            "id": "27377",
                            "name": "Limbo",
                            "viewersCount": 3
                        }
                    },
                    {
                        "__typename": "DirectoryEdge",
                        "cursor": "OTAy",
                        "node": {
                            "__typename": "Game",
                            "activeDropCampaigns": [],
                            "avatarURL": "https://static-cdn.jtvnw.net/ttv-boxart/Super%20Seducer-285x380.jpg",
                            "directoryType": "GAME",
                            "displayName": "Super Seducer",
                            "id": "503762",
                            "name": "Super Seducer",
                            "viewersCount": 3
                        }
                    },
                    {
                        "__typename": "DirectoryEdge",
                        "cursor": "OTAz",
                        "node": {
                            "__typename": "Game",
                            "activeDropCampaigns": [],
                            "avatarURL": "https://static-cdn.jtvnw.net/ttv-boxart/Destiny%20Child-285x380.jpg",
                            "directoryType": "GAME",
                            "displayName": "Destiny Child",
                            "id": "493615",
                            "name": "Destiny Child",
                            "viewersCount": 3
                        }
                    },
                    {
                        "__typename": "DirectoryEdge",
                        "cursor": "OTA0",
                        "node": {
                            "__typename": "Game",
                            "activeDropCampaigns": [],
                            "avatarURL": "https://static-cdn.jtvnw.net/ttv-boxart/Foxhole-285x380.jpg",
                            "directoryType": "GAME",
                            "displayName": "Foxhole",
                            "id": "493388",
                            "name": "Foxhole",
                            "viewersCount": 3
                        }
                    },
                    {
                        "__typename": "DirectoryEdge",
                        "cursor": "OTA1",
                        "node": {
                            "__typename": "Game",
                            "activeDropCampaigns": [],
                            "avatarURL": "https://static-cdn.jtvnw.net/ttv-boxart/Deus%20Ex:%20Human%20Revolution%20Director%27s%20Cut-285x380.jpg",
                            "directoryType": "GAME",
                            "displayName": "Deus Ex: Human Revolution Director's Cut",
                            "id": "138573",
                            "name": "Deus Ex: Human Revolution Director's Cut",
                            "viewersCount": 3
                        }
                    },
                    {
                        "__typename": "DirectoryEdge",
                        "cursor": "OTA2",
                        "node": {
                            "__typename": "Game",
                            "activeDropCampaigns": [],
                            "avatarURL": "https://static-cdn.jtvnw.net/ttv-boxart/Dishonored%202-285x380.jpg",
                            "directoryType": "GAME",
                            "displayName": "Dishonored 2",
                            "id": "490348",
                            "name": "Dishonored 2",
                            "viewersCount": 3
                        }
                    },
                    {
                        "__typename": "DirectoryEdge",
                        "cursor": "OTA3",
                        "node": {
                            "__typename": "Game",
                            "activeDropCampaigns": [],
                            "avatarURL": "https://static-cdn.jtvnw.net/ttv-boxart/Mushihime-sama%20Cave%20Matsuri%20Ver%201.5-285x380.jpg",
                            "directoryType": "GAME",
                            "displayName": "Mushihime-sama Cave Matsuri Ver 1.5",
                            "id": "33193",
                            "name": "Mushihime-sama Cave Matsuri Ver 1.5",
                            "viewersCount": 3
                        }
                    },
                    {
                        "__typename": "DirectoryEdge",
                        "cursor": "OTA4",
                        "node": {
                            "__typename": "Game",
                            "activeDropCampaigns": [],
                            "avatarURL": "https://static-cdn.jtvnw.net/ttv-boxart/Castlevania:%20Symphony%20of%20the%20Night-285x380.jpg",
                            "directoryType": "GAME",
                            "displayName": "Castlevania: Symphony of the Night",
                            "id": "13050",
                            "name": "Castlevania: Symphony of the Night",
                            "viewersCount": 3
                        }
                    },
                    {
                        "__typename": "DirectoryEdge",
                        "cursor": "OTA5",
                        "node": {
                            "__typename": "Game",
                            "activeDropCampaigns": [],
                            "avatarURL": "https://static-cdn.jtvnw.net/ttv-boxart/Lunatic%20Rave%202-285x380.jpg",
                            "directoryType": "GAME",
                            "displayName": "Lunatic Rave 2",
                            "id": "313645",
                            "name": "Lunatic Rave 2",
                            "viewersCount": 3
                        }
                    },
                    {
                        "__typename": "DirectoryEdge",
                        "cursor": "OTEw",
                        "node": {
                            "__typename": "Game",
                            "activeDropCampaigns": [],
                            "avatarURL": "https://static-cdn.jtvnw.net/ttv-boxart/Perfect%20Dark%20Zero-285x380.jpg",
                            "directoryType": "GAME",
                            "displayName": "Perfect Dark Zero",
                            "id": "13361",
                            "name": "Perfect Dark Zero",
                            "viewersCount": 3
                        }
                    },
                    {
                        "__typename": "DirectoryEdge",
                        "cursor": "OTEx",
                        "node": {
                            "__typename": "Game",
                            "activeDropCampaigns": [],
                            "avatarURL": "https://static-cdn.jtvnw.net/ttv-boxart/Harry%20Potter%20and%20the%20Philosopher%27s%20Stone-285x380.jpg",
                            "directoryType": "GAME",
                            "displayName": "Harry Potter and the Philosopher's Stone",
                            "id": "539",
                            "name": "Harry Potter and the Philosopher's Stone",
                            "viewersCount": 3
                        }
                    },
                    {
                        "__typename": "DirectoryEdge",
                        "cursor": "OTEy",
                        "node": {
                            "__typename": "Game",
                            "activeDropCampaigns": [],
                            "avatarURL": "https://static-cdn.jtvnw.net/ttv-boxart/Kingdoms%20of%20Amalur:%20Reckoning-285x380.jpg",
                            "directoryType": "GAME",
                            "displayName": "Kingdoms of Amalur: Reckoning",
                            "id": "27340",
                            "name": "Kingdoms of Amalur: Reckoning",
                            "viewersCount": 3
                        }
                    },
                    {
                        "__typename": "DirectoryEdge",
                        "cursor": "OTEz",
                        "node": {
                            "__typename": "Game",
                            "activeDropCampaigns": [],
                            "avatarURL": "https://static-cdn.jtvnw.net/ttv-boxart/Game%20Development-285x380.jpg",
                            "directoryType": "GAME",
                            "displayName": "Game Development",
                            "id": "488469",
                            "name": "Game Development",
                            "viewersCount": 3
                        }
                    },
                    {
                        "__typename": "DirectoryEdge",
                        "cursor": "OTE0",
                        "node": {
                            "__typename": "Game",
                            "activeDropCampaigns": [],
                            "avatarURL": "https://static-cdn.jtvnw.net/ttv-boxart/Granny-285x380.jpg",
                            "directoryType": "GAME",
                            "displayName": "Granny",
                            "id": "505473",
                            "name": "Granny",
                            "viewersCount": 3
                        }
                    },
                    {
                        "__typename": "DirectoryEdge",
                        "cursor": "OTE1",
                        "node": {
                            "__typename": "Game",
                            "activeDropCampaigns": [],
                            "avatarURL": "https://static-cdn.jtvnw.net/ttv-boxart/Tales%20of%20Zestiria-285x380.jpg",
                            "directoryType": "GAME",
                            "displayName": "Tales of Zestiria",
                            "id": "458845",
                            "name": "Tales of Zestiria",
                            "viewersCount": 3
                        }
                    },
                    {
                        "__typename": "DirectoryEdge",
                        "cursor": "OTE2",
                        "node": {
                            "__typename": "Game",
                            "activeDropCampaigns": [],
                            "avatarURL": "https://static-cdn.jtvnw.net/ttv-boxart/Diablo-285x380.jpg",
                            "directoryType": "GAME",
                            "displayName": "Diablo",
                            "id": "5492",
                            "name": "Diablo",
                            "viewersCount": 3
                        }
                    },
                    {
                        "__typename": "DirectoryEdge",
                        "cursor": "OTE3",
                        "node": {
                            "__typename": "Game",
                            "activeDropCampaigns": [],
                            "avatarURL": "https://static-cdn.jtvnw.net/ttv-boxart/Steep-285x380.jpg",
                            "directoryType": "GAME",
                            "displayName": "Steep",
                            "id": "494249",
                            "name": "Steep",
                            "viewersCount": 3
                        }
                    },
                    {
                        "__typename": "DirectoryEdge",
                        "cursor": "OTE4",
                        "node": {
                            "__typename": "Game",
                            "activeDropCampaigns": [],
                            "avatarURL": "https://static-cdn.jtvnw.net/ttv-boxart/Age%20of%20Wonders%20III-285x380.jpg",
                            "directoryType": "GAME",
                            "displayName": "Age of Wonders III",
                            "id": "116820",
                            "name": "Age of Wonders III",
                            "viewersCount": 3
                        }
                    },
                    {
                        "__typename": "DirectoryEdge",
                        "cursor": "OTE5",
                        "node": {
                            "__typename": "Game",
                            "activeDropCampaigns": [],
                            "avatarURL": "https://static-cdn.jtvnw.net/ttv-boxart/Euro%20Fishing-285x380.jpg",
                            "directoryType": "GAME",
                            "displayName": "Euro Fishing",
                            "id": "491081",
                            "name": "Euro Fishing",
                            "viewersCount": 3
                        }
                    },
                    {
                        "__typename": "DirectoryEdge",
                        "cursor": "OTIw",
                        "node": {
                            "__typename": "Game",
                            "activeDropCampaigns": [],
                            "avatarURL": "https://static-cdn.jtvnw.net/ttv-boxart/The%20Four%20Kings%20Casino%20&%20Slots-285x380.jpg",
                            "directoryType": "GAME",
                            "displayName": "The Four Kings Casino & Slots",
                            "id": "489413",
                            "name": "The Four Kings Casino & Slots",
                            "viewersCount": 3
                        }
                    },
                    {
                        "__typename": "DirectoryEdge",
                        "cursor": "OTIx",
                        "node": {
                            "__typename": "Game",
                            "activeDropCampaigns": [],
                            "avatarURL": "https://static-cdn.jtvnw.net/ttv-boxart/Need%20for%20Speed%20Underground%202-285x380.jpg",
                            "directoryType": "GAME",
                            "displayName": "Need for Speed Underground 2",
                            "id": "8855",
                            "name": "Need for Speed Underground 2",
                            "viewersCount": 3
                        }
                    },
                    {
                        "__typename": "DirectoryEdge",
                        "cursor": "OTIy",
                        "node": {
                            "__typename": "Game",
                            "activeDropCampaigns": [],
                            "avatarURL": "https://static-cdn.jtvnw.net/ttv-boxart/Pok%C3%A9mon%20Sun/Moon-285x380.jpg",
                            "directoryType": "GAME",
                            "displayName": "Pok\u00e9mon Sun/Moon",
                            "id": "491599",
                            "name": "Pok\u00e9mon Sun/Moon",
                            "viewersCount": 3
                        }
                    },
                    {
                        "__typename": "DirectoryEdge",
                        "cursor": "OTIz",
                        "node": {
                            "__typename": "Game",
                            "activeDropCampaigns": [],
                            "avatarURL": "https://static-cdn.jtvnw.net/ttv-boxart/Last%20Man%20Standing-285x380.jpg",
                            "directoryType": "GAME",
                            "displayName": "Last Man Standing",
                            "id": "494741",
                            "name": "Last Man Standing",
                            "viewersCount": 3
                        }
                    },
                    {
                        "__typename": "DirectoryEdge",
                        "cursor": "OTI0",
                        "node": {
                            "__typename": "Game",
                            "activeDropCampaigns": [],
                            "avatarURL": "https://static-cdn.jtvnw.net/ttv-boxart/Trials%20Fusion-285x380.jpg",
                            "directoryType": "GAME",
                            "displayName": "Trials Fusion",
                            "id": "369577",
                            "name": "Trials Fusion",
                            "viewersCount": 3
                        }
                    },
                    {
                        "__typename": "DirectoryEdge",
                        "cursor": "OTI1",
                        "node": {
                            "__typename": "Game",
                            "activeDropCampaigns": [],
                            "avatarURL": "https://static-cdn.jtvnw.net/ttv-boxart/Metro:%20Last%20Light-285x380.jpg",
                            "directoryType": "GAME",
                            "displayName": "Metro: Last Light",
                            "id": "31836",
                            "name": "Metro: Last Light",
                            "viewersCount": 3
                        }
                    },
                    {
                        "__typename": "DirectoryEdge",
                        "cursor": "OTI2",
                        "node": {
                            "__typename": "Game",
                            "activeDropCampaigns": [],
                            "avatarURL": "https://static-cdn.jtvnw.net/ttv-boxart/The%20Legend%20of%20Zelda:%20Twilight%20Princess%20HD-285x380.jpg",
                            "directoryType": "GAME",
                            "displayName": "The Legend of Zelda: Twilight Princess HD",
                            "id": "491327",
                            "name": "The Legend of Zelda: Twilight Princess HD",
                            "viewersCount": 3
                        }
                    },
                    {
                        "__typename": "DirectoryEdge",
                        "cursor": "OTI3",
                        "node": {
                            "__typename": "Game",
                            "activeDropCampaigns": [],
                            "avatarURL": "https://static-cdn.jtvnw.net/ttv-boxart/Age%20of%20Empires%20Online-285x380.jpg",
                            "directoryType": "GAME",
                            "displayName": "Age of Empires Online",
                            "id": "29131",
                            "name": "Age of Empires Online",
                            "viewersCount": 3
                        }
                    },
                    {
                        "__typename": "DirectoryEdge",
                        "cursor": "OTI4",
                        "node": {
                            "__typename": "Game",
                            "activeDropCampaigns": [],
                            "avatarURL": "https://static-cdn.jtvnw.net/ttv-boxart/Obscure-285x380.jpg",
                            "directoryType": "GAME",
                            "displayName": "Obscure",
                            "id": "3408",
                            "name": "Obscure",
                            "viewersCount": 3
                        }
                    },
                    {
                        "__typename": "DirectoryEdge",
                        "cursor": "OTI5",
                        "node": {
                            "__typename": "Game",
                            "activeDropCampaigns": [],
                            "avatarURL": "https://static-cdn.jtvnw.net/ttv-boxart/Child%20of%20Light-285x380.jpg",
                            "directoryType": "GAME",
                            "displayName": "Child of Light",
                            "id": "313517",
                            "name": "Child of Light",
                            "viewersCount": 3
                        }
                    }
                ],
                "pageInfo": {
                    "__typename": "PageInfo",
                    "hasNextPage": true
                }
            }
        },
        "extensions": {
            "durationMilliseconds": 85,
            "operationName": "BrowsePage_AllDirectories"
        }
    }
]