[
    {
        "data": {
            "directories": {
                "__typename": "DirectoryConnection",
                "edges": [
                    {
                        "__typename": "DirectoryEdge",
                        "cursor": "OTI5",
                        "node": {
                            "__typename": "Game",
                            "activeDropCampaigns": [],
                            "avatarURL": "https://static-cdn.jtvnw.net/ttv-boxart/Child%20of%20Light-285x380.jpg",
                            "directoryType": "GAME",
                            "displayName": "Child of Light",
                            "id": "313517",
                            "name": "Child of Light",
                            "viewersCount": 3
                        }
                    },
                    {
                        "__typename": "DirectoryEdge",
                        "cursor": "OTMw",
                        "node": {
                            "__typename": "Game",
                            "activeDropCampaigns": [],
                            "avatarURL": "https://static-cdn.jtvnw.net/ttv-boxart/The%20Wolf%20Among%20Us-285x380.jpg",
                            "directoryType": "GAME",
                            "displayName": "The Wolf Among Us",
                            "id": "30720",
                            "name": "The Wolf Among Us",
                            "viewersCount": 3
                        }
                    },
                    {
                        "__typename": "DirectoryEdge",
                        "cursor": "OTMx",
                        "node": {
                            "__typename": "Game",
                            "activeDropCampaigns": [],
                            "avatarURL": "https://static-cdn.jtvnw.net/ttv-boxart/Grand%20Summoners-285x380.jpg",
                            "directoryType": "GAME",
                            "displayName": "Grand Summoners",
                            "id": "503971",
                            "name": "Grand Summoners",
                            "viewersCount": 3
                        }
                    },
                    {
                        "__typename": "DirectoryEdge",
                        "cursor": "OTMy",
                        "node": {
                            "__typename": "Game",
                            "activeDropCampaigns": [],
                            "avatarURL": "https://static-cdn.jtvnw.net/ttv-boxart/Animal%20Crossing:%20New%20Leaf-285x380.jpg",
                            "directoryType": "GAME",
                            "displayName": "Animal Crossing: New Leaf",
                            "id": "28587",
                            "name": "Animal Crossing: New Leaf",
                            "viewersCount": 3
                        }
                    },
                    {
                        "__typename": "DirectoryEdge",
                        "cursor": "OTMz",
                        "node": {
                            "__typename": "Game",
                            "activeDropCampaigns": [],
                            "avatarURL": "https://static-cdn.jtvnw.net/ttv-boxart/Disgaea%20D2:%20A%20Brighter%20Darkness-285x380.jpg",
                            "directoryType": "GAME",
                            "displayName": "Disgaea D2: A Brighter Darkness",
                            "id": "75431",
                            "name": "Disgaea D2: A Brighter Darkness",
                            "viewersCount": 3
                        }
                    },
                    {
                        "__typename": "DirectoryEdge",
                        "cursor": "OTM0",
                        "node": {
                            "__typename": "Game",
                            "activeDropCampaigns": [],
                            "avatarURL": "https://static-cdn.jtvnw.net/ttv-boxart/Borderlands:%20The%20Pre-Sequel%21-285x380.jpg",
                            "directoryType": "GAME",
                            "displayName": "Borderlands: The Pre-Sequel!",
                            "id": "460041",
                            "name": "Borderlands: The Pre-Sequel!",
                            "viewersCount": 3
                        }
                    },
                    {
                        "__typename": "DirectoryEdge",
                        "cursor": "OTM1",
                        "node": {
                            "__typename": "Game",
                            "activeDropCampaigns": [],
                            "avatarURL": "https://static-cdn.jtvnw.net/ttv-boxart/Mario%20Party%203-285x380.jpg",
                            "directoryType": "GAME",
                            "displayName": "Mario Party 3",
                            "id": "11432",
                            "name": "Mario Party 3",
                            "viewersCount": 3
                        }
                    },
                    {
                        "__typename": "DirectoryEdge",
                        "cursor": "OTM2",
                        "node": {
                            "__typename": "Game",
                            "activeDropCampaigns": [],
                            "avatarURL": "https://static-cdn.jtvnw.net/ttv-boxart/Oblivion-285x380.jpg",
                            "directoryType": "GAME",
                            "displayName": "Oblivion",
                            "id": "488904",
                            "name": "Oblivion",
                            "viewersCount": 3
                        }
                    },
                    {
                        "__typename": "DirectoryEdge",
                        "cursor": "OTM3",
                        "node": {
                            "__typename": "Game",
                            "activeDropCampaigns": [],
                            "avatarURL": "https://static-cdn.jtvnw.net/ttv-boxart/de%20Blob-285x380.jpg",
                            "directoryType": "GAME",
                            "displayName": "de Blob",
                            "id": "18869",
                            "name": "de Blob",
                            "viewersCount": 3
                        }
                    },
                    {
                        "__typename": "DirectoryEdge",
                        "cursor": "OTM4",
                        "node": {
                            "__typename": "Game",
                            "activeDropCampaigns": [],
                            "avatarURL": "https://static-cdn.jtvnw.net/ttv-boxart/Back%20to%20the%20Future:%20The%20Game%20-%20Episode%201:%20It%27s%20About%20Time-285x380.jpg",
                            "directoryType": "GAME",
                            "displayName": "Back to the Future: The Game - Episode 1: It's About Time",
                            "id": "29336",
                            "name": "Back to the Future: The Game - Episode 1: It's About Time",
                            "viewersCount": 3
                        }
                    },
                    {
                        "__typename": "DirectoryEdge",
                        "cursor": "OTM5",
                        "node": {
                            "__typename": "Game",
                            "activeDropCampaigns": [],
                            "avatarURL": "https://static-cdn.jtvnw.net/ttv-boxart/Total%20War:%20Rome%20II-285x380.jpg",
                            "directoryType": "GAME",
                            "displayName": "Total War: Rome II",
                            "id": "66246",
                            "name": "Total War: Rome II",
                            "viewersCount": 3
                        }
                    },
                    {
                        "__typename": "DirectoryEdge",
                        "cursor": "OTQw",
                        "node": {
                            "__typename": "Game",
                            "activeDropCampaigns": [],
                            "avatarURL": "https://static-cdn.jtvnw.net/ttv-boxart/Mario%20Kart%2064-285x380.jpg",
                            "directoryType": "GAME",
                            "displayName": "Mario Kart 64",
                            "id": "9250",
                            "name": "Mario Kart 64",
                            "viewersCount": 3
                        }
                    },
                    {
                        "__typename": "DirectoryEdge",
                        "cursor": "OTQx",
                        "node": {
                            "__typename": "Game",
                            "activeDropCampaigns": [],
                            "avatarURL": "https://static-cdn.jtvnw.net/ttv-boxart/Dekaron-285x380.jpg",
                            "directoryType": "GAME",
                            "displayName": "Dekaron",
                            "id": "489670",
                            "name": "Dekaron",
                            "viewersCount": 3
                        }
                    },
                    {
                        "__typename": "DirectoryEdge",
                        "cursor": "OTQy",
                        "node": {
                            "__typename": "Game",
                            "activeDropCampaigns": [],
                            "avatarURL": "https://static-cdn.jtvnw.net/ttv-boxart/Meadow-285x380.jpg",
                            "directoryType": "GAME",
                            "displayName": "Meadow",
                            "id": "494119",
                            "name": "Meadow",
                            "viewersCount": 3
                        }
                    },
                    {
                        "__typename": "DirectoryEdge",
                        "cursor": "OTQz",
                        "node": {
                            "__typename": "Game",
                            "activeDropCampaigns": [],
                            "avatarURL": "https://static-cdn.jtvnw.net/ttv-boxart/Dawn%20of%20Discovery:%20Venice-285x380.jpg",
                            "directoryType": "GAME",
                            "displayName": "Dawn of Discovery: Venice",
                            "id": "28073",
                            "name": "Dawn of Discovery: Venice",
                            "viewersCount": 3
                        }
                    },
                    {
                        "__typename": "DirectoryEdge",
                        "cursor": "OTQ0",
                        "node": {
                            "__typename": "Game",
                            "activeDropCampaigns": [],
                            "avatarURL": "https://static-cdn.jtvnw.net/ttv-boxart/SteamWorld%20Dig%202-285x380.jpg",
                            "directoryType": "GAME",
                            "displayName": "SteamWorld Dig 2",
                            "id": "496043",
                            "name": "SteamWorld Dig 2",
                            "viewersCount": 3
                        }
                    },
                    {
                        "__typename": "DirectoryEdge",
                        "cursor": "OTQ1",
                        "node": {
                            "__typename": "Game",
                            "activeDropCampaigns": [],
                            "avatarURL": "https://static-cdn.jtvnw.net/ttv-boxart/Guns%20of%20Icarus:%20Alliance-285x380.jpg",
                            "directoryType": "GAME",
                            "displayName": "Guns of Icarus: Alliance",
                            "id": "490981",
                            "name": "Guns of Icarus: Alliance",
                            "viewersCount": 3
                        }
                    },
                    {
                        "__typename": "DirectoryEdge",
                        "cursor": "OTQ2",
                        "node": {
                            "__typename": "Game",
                            "activeDropCampaigns": [],
                            "avatarURL": "https://static-cdn.jtvnw.net/ttv-boxart/Zula-285x380.jpg",
                            "directoryType": "GAME",
                            "displayName": "Zula",
                            "id": "488627",
                            "name": "Zula",
                            "viewersCount": 3
                        }
                    },
                    {
                        "__typename": "DirectoryEdge",
                        "cursor": "OTQ3",
                        "node": {
                            "__typename": "Game",
                            "activeDropCampaigns": [],
                            "avatarURL": "https://static-cdn.jtvnw.net/ttv-boxart/Batman:%20Arkham%20City-285x380.jpg",
                            "directoryType": "GAME",
                            "displayName": "Batman: Arkham City",
                            "id": "26559",
                            "name": "Batman: Arkham City",
                            "viewersCount": 3
                        }
                    },
                    {
                        "__typename": "DirectoryEdge",
                        "cursor": "OTQ4",
                        "node": {
                            "__typename": "Game",
                            "activeDropCampaigns": [],
                            "avatarURL": "https://static-cdn.jtvnw.net/ttv-boxart/Subterrain-285x380.jpg",
                            "directoryType": "GAME",
                            "displayName": "Subterrain",
                            "id": "490708",
                            "name": "Subterrain",
                            "viewersCount": 3
                        }
                    },
                    {
                        "__typename": "DirectoryEdge",
                        "cursor": "OTQ5",
                        "node": {
                            "__typename": "Game",
                            "activeDropCampaigns": [],
                            "avatarURL": "https://static-cdn.jtvnw.net/ttv-boxart/Space%20Pirate%20Trainer-285x380.jpg",
                            "directoryType": "GAME",
                            "displayName": "Space Pirate Trainer",
                            "id": "491892",
                            "name": "Space Pirate Trainer",
                            "viewersCount": 3
                        }
                    },
                    {
                        "__typename": "DirectoryEdge",
                        "cursor": "OTUw",
                        "node": {
                            "__typename": "Game",
                            "activeDropCampaigns": [],
                            "avatarURL": "https://static-cdn.jtvnw.net/ttv-boxart/Populous:%20The%20Beginning-285x380.jpg",
                            "directoryType": "GAME",
                            "displayName": "Populous: The Beginning",
                            "id": "15583",
                            "name": "Populous: The Beginning",
                            "viewersCount": 3
                        }
                    },
                    {
                        "__typename": "DirectoryEdge",
                        "cursor": "OTUx",
                        "node": {
                            "__typename": "Game",
                            "activeDropCampaigns": [],
                            "avatarURL": "https://static-cdn.jtvnw.net/ttv-boxart/Ultimate%20Fishing%20Simulator-285x380.jpg",
                            "directoryType": "GAME",
                            "displayName": "Ultimate Fishing Simulator",
                            "id": "500518",
                            "name": "Ultimate Fishing Simulator",
                            "viewersCount": 3
                        }
                    },
                    {
                        "__typename": "DirectoryEdge",
                        "cursor": "OTUy",
                        "node": {
                            "__typename": "Game",
                            "activeDropCampaigns": [],
                            "avatarURL": "https://static-cdn.jtvnw.net/ttv-boxart/Pok%C3%A9mon%20Colosseum-285x380.jpg",
                            "directoryType": "GAME",
                            "displayName": "Pok\u00e9mon Colosseum",
                            "id": "11879",
                            "name": "Pok\u00e9mon Colosseum",
                            "viewersCount": 3
                        }
                    },
                    {
                        "__typename": "DirectoryEdge",
                        "cursor": "OTUz",
                        "node": {
                            "__typename": "Game",
                            "activeDropCampaigns": [],
                            "avatarURL": "https://static-cdn.jtvnw.net/ttv-boxart/Board%20Games%20Live-285x380.jpg",
                            "directoryType": "GAME",
                            "displayName": "Board Games Live",
                            "id": "490839",
                            "name": "Board Games Live",
                            "viewersCount": 3
                        }
                    },
                    {
                        "__typename": "DirectoryEdge",
                        "cursor": "OTU0",
                        "node": {
                            "__typename": "Game",
                            "activeDropCampaigns": [],
                            "avatarURL": "https://static-cdn.jtvnw.net/ttv-boxart/Red%20Dead%20Redemption-285x380.jpg",
                            "directoryType": "GAME",
                            "displayName": "Red Dead Redemption",
                            "id": "22848",
                            "name": "Red Dead Redemption",
                            "viewersCount": 3
                        }
                    },
                    {
                        "__typename": "DirectoryEdge",
                        "cursor": "OTU1",
                        "node": {
                            "__typename": "Game",
                            "activeDropCampaigns": [],
                            "avatarURL": "https://static-cdn.jtvnw.net/ttv-boxart/Trickster%20Online-285x380.jpg",
                            "directoryType": "GAME",
                            "displayName": "Trickster Online",
                            "id": "22822",
                            "name": "Trickster Online",
                            "viewersCount": 3
                        }
                    },
                    {
                        "__typename": "DirectoryEdge",
                        "cursor": "OTU2",
                        "node": {
                            "__typename": "Game",
                            "activeDropCampaigns": [],
                            "avatarURL": "https://static-cdn.jtvnw.net/ttv-boxart/Illbleed-285x380.jpg",
                            "directoryType": "GAME",
                            "displayName": "Illbleed",
                            "id": "120",
                            "name": "Illbleed",
                            "viewersCount": 3
                        }
                    },
                    {
                        "__typename": "DirectoryEdge",
                        "cursor": "OTU3",
                        "node": {
                            "__typename": "Game",
                            "activeDropCampaigns": [],
                            "avatarURL": "https://static-cdn.jtvnw.net/ttv-boxart/Rabi-Ribi-285x380.jpg",
                            "directoryType": "GAME",
                            "displayName": "Rabi-Ribi",
                            "id": "491266",
                            "name": "Rabi-Ribi",
                            "viewersCount": 3
                        }
                    },
                    {
                        "__typename": "DirectoryEdge",
                        "cursor": "OTU4",
                        "node": {
                            "__typename": "Game",
                            "activeDropCampaigns": [],
                            "avatarURL": "https://static-cdn.jtvnw.net/ttv-boxart/Assassin%27s%20Creed:%20Brotherhood-285x380.jpg",
                            "directoryType": "GAME",
                            "displayName": "Assassin's Creed: Brotherhood",
                            "id": "27924",
                            "name": "Assassin's Creed: Brotherhood",
                            "viewersCount": 3
                        }
                    }
                ],
                "pageInfo": {
                    "__typename": "PageInfo",
                    "hasNextPage": true
                }
            }
        },
        "extensions": {
            "durationMilliseconds": 61,
            "operationName": "BrowsePage_AllDirectories"
        }
    }
]