[
    {
        "data": {
            "directories": {
                "__typename": "DirectoryConnection",
                "edges": [
                    {
                        "__typename": "DirectoryEdge",
                        "cursor": "OTU4",
                        "node": {
                            "__typename": "Game",
                            "activeDropCampaigns": [],
                            "avatarURL": "https://static-cdn.jtvnw.net/ttv-boxart/Assassin%27s%20Creed:%20Brotherhood-285x380.jpg",
                            "directoryType": "GAME",
                            "displayName": "Assassin's Creed: Brotherhood",
                            "id": "27924",
                            "name": "Assassin's Creed: Brotherhood",
                            "viewersCount": 3
                        }
                    },
                    {
                        "__typename": "DirectoryEdge",
                        "cursor": "OTU5",
                        "node": {
                            "__typename": "Game",
                            "activeDropCampaigns": [],
                            "avatarURL": "https://static-cdn.jtvnw.net/ttv-boxart/The%20Witness-285x380.jpg",
                            "directoryType": "GAME",
                            "displayName": "The Witness",
                            "id": "17324",
                            "name": "The Witness",
                            "viewersCount": 3
                        }
                    },
                    {
                        "__typename": "DirectoryEdge",
                        "cursor": "OTYw",
                        "node": {
                            "__typename": "Game",
                            "activeDropCampaigns": [],
                            "avatarURL": "https://static-cdn.jtvnw.net/ttv-boxart/Crysis%203-285x380.jpg",
                            "directoryType": "GAME",
                            "displayName": "Crysis 3",
                            "id": "34058",
                            "name": "Crysis 3",
                            "viewersCount": 3
                        }
                    },
                    {
                        "__typename": "DirectoryEdge",
                        "cursor": "OTYx",
                        "node": {
                            "__typename": "Game",
                            "activeDropCampaigns": [],
                            "avatarURL": "https://static-cdn.jtvnw.net/ttv-boxart/Battle%20Chasers:%20Nightwar-285x380.jpg",
                            "directoryType": "GAME",
                            "displayName": "Battle Chasers: Nightwar",
                            "id": "493951",
                            "name": "Battle Chasers: Nightwar",
                            "viewersCount": 3
                        }
                    },
                    {
                        "__typename": "DirectoryEdge",
                        "cursor": "OTYy",
                        "node": {
                            "__typename": "Game",
                            "activeDropCampaigns": [],
                            "avatarURL": "https://static-cdn.jtvnw.net/ttv-boxart/Omega%20Labyrinth%20Z-285x380.jpg",
                            "directoryType": "GAME",
                            "displayName": "Omega Labyrinth Z",
                            "id": "502041",
                            "name": "Omega Labyrinth Z",
                            "viewersCount": 3
                        }
                    },
                    {
                        "__typename": "DirectoryEdge",
                        "cursor": "OTYz",
                        "node": {
                            "__typename": "Game",
                            "activeDropCampaigns": [],
                            "avatarURL": "https://static-cdn.jtvnw.net/ttv-boxart/ReCore-285x380.jpg",
                            "directoryType": "GAME",
                            "displayName": "ReCore",
                            "id": "493063",
                            "name": "ReCore",
                            "viewersCount": 3
                        }
                    },
                    {
                        "__typename": "DirectoryEdge",
                        "cursor": "OTY0",
                        "node": {
                            "__typename": "Game",
                            "activeDropCampaigns": [],
                            "avatarURL": "https://static-cdn.jtvnw.net/ttv-boxart/Next%20Hero-285x380.jpg",
                            "directoryType": "GAME",
                            "displayName": "Next Hero",
                            "id": "505644",
                            "name": "Next Hero",
                            "viewersCount": 3
                        }
                    },
                    {
                        "__typename": "DirectoryEdge",
                        "cursor": "OTY1",
                        "node": {
                            "__typename": "Game",
                            "activeDropCampaigns": [],
                            "avatarURL": "https://static-cdn.jtvnw.net/ttv-boxart/Comedy%20Night-285x380.jpg",
                            "directoryType": "GAME",
                            "displayName": "Comedy Night",
                            "id": "83755",
                            "name": "Comedy Night",
                            "viewersCount": 3
                        }
                    },
                    {
                        "__typename": "DirectoryEdge",
                        "cursor": "OTY2",
                        "node": {
                            "__typename": "Game",
                            "activeDropCampaigns": [],
                            "avatarURL": "https://static-cdn.jtvnw.net/ttv-boxart/BioShock-285x380.jpg",
                            "directoryType": "GAME",
                            "displayName": "BioShock",
                            "id": "15866",
                            "name": "BioShock",
                            "viewersCount": 3
                        }
                    },
                    {
                        "__typename": "DirectoryEdge",
                        "cursor": "OTY3",
                        "node": {
                            "__typename": "Game",
                            "activeDropCampaigns": [],
                            "avatarURL": "https://static-cdn.jtvnw.net/ttv-boxart/Sonic%20Adventure-285x380.jpg",
                            "directoryType": "GAME",
                            "displayName": "Sonic Adventure",
                            "id": "7195",
                            "name": "Sonic Adventure",
                            "viewersCount": 3
                        }
                    },
                    {
                        "__typename": "DirectoryEdge",
                        "cursor": "OTY4",
                        "node": {
                            "__typename": "Game",
                            "activeDropCampaigns": [],
                            "avatarURL": "https://static-cdn.jtvnw.net/ttv-boxart/Streets%20of%20Rage%20Remake-285x380.jpg",
                            "directoryType": "GAME",
                            "displayName": "Streets of Rage Remake",
                            "id": "112089",
                            "name": "Streets of Rage Remake",
                            "viewersCount": 3
                        }
                    },
                    {
                        "__typename": "DirectoryEdge",
                        "cursor": "OTY5",
                        "node": {
                            "__typename": "Game",
                            "activeDropCampaigns": [],
                            "avatarURL": "https://static-cdn.jtvnw.net/ttv-boxart/Saints%20Row%20IV-285x380.jpg",
                            "directoryType": "GAME",
                            "displayName": "Saints Row IV",
                            "id": "33086",
                            "name": "Saints Row IV",
                            "viewersCount": 3
                        }
                    },
                    {
                        "__typename": "DirectoryEdge",
                        "cursor": "OTcw",
                        "node": {
                            "__typename": "Game",
                            "activeDropCampaigns": [],
                            "avatarURL": "https://static-cdn.jtvnw.net/ttv-boxart/Worms-285x380.jpg",
                            "directoryType": "GAME",
                            "displayName": "Worms",
                            "id": "1841",
                            "name": "Worms",
                            "viewersCount": 3
                        }
                    },
                    {
                        "__typename": "DirectoryEdge",
                        "cursor": "OTcx",
                        "node": {
                            "__typename": "Game",
                            "activeDropCampaigns": [],
                            "avatarURL": "https://static-cdn.jtvnw.net/ttv-boxart/Vanquish-285x380.jpg",
                            "directoryType": "GAME",
                            "displayName": "Vanquish",
                            "id": "26960",
                            "name": "Vanquish",
                            "viewersCount": 3
                        }
                    },
                    {
                        "__typename": "DirectoryEdge",
                        "cursor": "OTcy",
                        "node": {
                            "__typename": "Game",
                            "activeDropCampaigns": [],
                            "avatarURL": "https://static-cdn.jtvnw.net/ttv-boxart/Patapon-285x380.jpg",
                            "directoryType": "GAME",
                            "displayName": "Patapon",
                            "id": "12988",
                            "name": "Patapon",
                            "viewersCount": 3
                        }
                    },
                    {
                        "__typename": "DirectoryEdge",
                        "cursor": "OTcz",
                        "node": {
                            "__typename": "Game",
                            "activeDropCampaigns": [],
                            "avatarURL": "https://static-cdn.jtvnw.net/ttv-boxart/War%20Robots-285x380.jpg",
                            "directoryType": "GAME",
                            "displayName": "War Robots",
                            "id": "490843",
                            "name": "War Robots",
                            "viewersCount": 3
                        }
                    },
                    {
                        "__typename": "DirectoryEdge",
                        "cursor": "OTc0",
                        "node": {
                            "__typename": "Game",
                            "activeDropCampaigns": [],
                            "avatarURL": "https://static-cdn.jtvnw.net/ttv-boxart/Dead%20Space%202-285x380.jpg",
                            "directoryType": "GAME",
                            "displayName": "Dead Space 2",
                            "id": "23017",
                            "name": "Dead Space 2",
                            "viewersCount": 3
                        }
                    },
                    {
                        "__typename": "DirectoryEdge",
                        "cursor": "OTc1",
                        "node": {
                            "__typename": "Game",
                            "activeDropCampaigns": [],
                            "avatarURL": "https://static-cdn.jtvnw.net/ttv-boxart/State%20of%20Decay:%20Year-One%20Survival%20Edition-285x380.jpg",
                            "directoryType": "GAME",
                            "displayName": "State of Decay: Year-One Survival Edition",
                            "id": "489209",
                            "name": "State of Decay: Year-One Survival Edition",
                            "viewersCount": 3
                        }
                    },
                    {
                        "__typename": "DirectoryEdge",
                        "cursor": "OTc2",
                        "node": {
                            "__typename": "Game",
                            "activeDropCampaigns": [],
                            "avatarURL": "https://static-cdn.jtvnw.net/ttv-boxart/Harry%20Potter%20and%20the%20Prisoner%20of%20Azkaban-285x380.jpg",
                            "directoryType": "GAME",
                            "displayName": "Harry Potter and the Prisoner of Azkaban",
                            "id": "3470",
                            "name": "Harry Potter and the Prisoner of Azkaban",
                            "viewersCount": 3
                        }
                    },
                    {
                        "__typename": "DirectoryEdge",
                        "cursor": "OTc3",
                        "node": {
                            "__typename": "Game",
                            "activeDropCampaigns": [],
                            "avatarURL": "https://static-cdn.jtvnw.net/ttv-boxart/Final%20Fantasy%20XIII-285x380.jpg",
                            "directoryType": "GAME",
                            "displayName": "Final Fantasy XIII",
                            "id": "18889",
                            "name": "Final Fantasy XIII",
                            "viewersCount": 3
                        }
                    },
                    {
                        "__typename": "DirectoryEdge",
                        "cursor": "OTc4",
                        "node": {
                            "__typename": "Game",
                            "activeDropCampaigns": [],
                            "avatarURL": "https://static-cdn.jtvnw.net/ttv-boxart/Serious%20Sam-285x380.jpg",
                            "directoryType": "GAME",
                            "displayName": "Serious Sam",
                            "id": "63",
                            "name": "Serious Sam",
                            "viewersCount": 3
                        }
                    },
                    {
                        "__typename": "DirectoryEdge",
                        "cursor": "OTc5",
                        "node": {
                            "__typename": "Game",
                            "activeDropCampaigns": [],
                            "avatarURL": "https://static-cdn.jtvnw.net/ttv-boxart/Persona%204%20Golden-285x380.jpg",
                            "directoryType": "GAME",
                            "displayName": "Persona 4 Golden",
                            "id": "32542",
                            "name": "Persona 4 Golden",
                            "viewersCount": 3
                        }
                    },
                    {
                        "__typename": "DirectoryEdge",
                        "cursor": "OTgw",
                        "node": {
                            "__typename": "Game",
                            "activeDropCampaigns": [],
                            "avatarURL": "https://static-cdn.jtvnw.net/ttv-boxart/The%20Hobbit-285x380.jpg",
                            "directoryType": "GAME",
                            "displayName": "The Hobbit",
                            "id": "9113",
                            "name": "The Hobbit",
                            "viewersCount": 3
                        }
                    },
                    {
                        "__typename": "DirectoryEdge",
                        "cursor": "OTgx",
                        "node": {
                            "__typename": "Game",
                            "activeDropCampaigns": [],
                            "avatarURL": "https://static-cdn.jtvnw.net/ttv-boxart/S4%20League-285x380.jpg",
                            "directoryType": "GAME",
                            "displayName": "S4 League",
                            "id": "21563",
                            "name": "S4 League",
                            "viewersCount": 2
                        }
                    },
                    {
                        "__typename": "DirectoryEdge",
                        "cursor": "OTgy",
                        "node": {
                            "__typename": "Game",
                            "activeDropCampaigns": [],
                            "avatarURL": "https://static-cdn.jtvnw.net/ttv-boxart/Mirror%27s%20Edge%20Catalyst-285x380.jpg",
                            "directoryType": "GAME",
                            "displayName": "Mirror's Edge Catalyst",
                            "id": "24399",
                            "name": "Mirror's Edge Catalyst",
                            "viewersCount": 2
                        }
                    },
                    {
                        "__typename": "DirectoryEdge",
                        "cursor": "OTgz",
                        "node": {
                            "__typename": "Game",
                            "activeDropCampaigns": [],
                            "avatarURL": "https://static-cdn.jtvnw.net/ttv-boxart/Black%20Mesa-285x380.jpg",
                            "directoryType": "GAME",
                            "displayName": "Black Mesa",
                            "id": "68016",
                            "name": "Black Mesa",
                            "viewersCount": 2
                        }
                    },
                    {
                        "__typename": "DirectoryEdge",
                        "cursor": "OTg0",
                        "node": {
                            "__typename": "Game",
                            "activeDropCampaigns": [],
                            "avatarURL": "https://static-cdn.jtvnw.net/ttv-boxart/Shadowrun:%20Dragonfall%20-%20Director%27s%20Cut-285x380.jpg",
                            "directoryType": "GAME",
                            "displayName": "Shadowrun: Dragonfall - Director's Cut",
                            "id": "461458",
                            "name": "Shadowrun: Dragonfall - Director's Cut",
                            "viewersCount": 2
                        }
                    },
                    {
                        "__typename": "DirectoryEdge",
                        "cursor": "OTg1",
                        "node": {
                            "__typename": "Game",
                            "activeDropCampaigns": [],
                            "avatarURL": "https://static-cdn.jtvnw.net/ttv-boxart/Hacknet-285x380.jpg",
                            "directoryType": "GAME",
                            "displayName": "Hacknet",
                            "id": "369314",
                            "name": "Hacknet",
                            "viewersCount": 2
                        }
                    },
                    {
                        "__typename": "DirectoryEdge",
                        "cursor": "OTg2",
                        "node": {
                            "__typename": "Game",
                            "activeDropCampaigns": [],
                            "avatarURL": "https://static-cdn.jtvnw.net/ttv-boxart/Fishing:%20Barents%20Sea-285x380.jpg",
                            "directoryType": "GAME",
                            "displayName": "Fishing: Barents Sea",
                            "id": "502503",
                            "name": "Fishing: Barents Sea",
                            "viewersCount": 2
                        }
                    },
                    {
                        "__typename": "DirectoryEdge",
                        "cursor": "OTg3",
                        "node": {
                            "__typename": "Game",
                            "activeDropCampaigns": [],
                            "avatarURL": "https://static-cdn.jtvnw.net/ttv-boxart/Starsector-285x380.jpg",
                            "directoryType": "GAME",
                            "displayName": "Starsector",
                            "id": "33416",
                            "name": "Starsector",
                            "viewersCount": 2
                        }
                    }
                ],
                "pageInfo": {
                    "__typename": "PageInfo",
                    "hasNextPage": true
                }
            }
        },
        "extensions": {
            "durationMilliseconds": 74,
            "operationName": "BrowsePage_AllDirectories"
        }
    }
]