[
    {
        "data": {
            "directories": {
                "__typename": "DirectoryConnection",
                "edges": [
                    {
                        "__typename": "DirectoryEdge",
                        "cursor": "OTg3",
                        "node": {
                            "__typename": "Game",
                            "activeDropCampaigns": [],
                            "avatarURL": "https://static-cdn.jtvnw.net/ttv-boxart/Starsector-285x380.jpg",
                            "directoryType": "GAME",
                            "displayName": "Starsector",
                            "id": "33416",
                            "name": "Starsector",
                            "viewersCount": 2
                        }
                    },
                    {
                        "__typename": "DirectoryEdge",
                        "cursor": "OTg4",
                        "node": {
                            "__typename": "Game",
                            "activeDropCampaigns": [],
                            "avatarURL": "https://static-cdn.jtvnw.net/ttv-boxart/OMSI:%20The%20Bus%20Simulator-285x380.jpg",
                            "directoryType": "GAME",
                            "displayName": "OMSI: The Bus Simulator",
                            "id": "30677",
                            "name": "OMSI: The Bus Simulator",
                            "viewersCount": 2
                        }
                    },
                    {
                        "__typename": "DirectoryEdge",
                        "cursor": "OTg5",
                        "node": {
                            "__typename": "Game",
                            "activeDropCampaigns": [],
                            "avatarURL": "https://static-cdn.jtvnw.net/ttv-boxart/Titan%20Quest:%20Anniversary%20Edition-285x380.jpg",
                            "directoryType": "GAME",
                            "displayName": "Titan Quest: Anniversary Edition",
                            "id": "500585",
                            "name": "Titan Quest: Anniversary Edition",
                            "viewersCount": 2
                        }
                    },
                    {
                        "__typename": "DirectoryEdge",
                        "cursor": "OTkw",
                        "node": {
                            "__typename": "Game",
                            "activeDropCampaigns": [],
                            "avatarURL": "https://static-cdn.jtvnw.net/ttv-boxart/Anachronox-285x380.jpg",
                            "directoryType": "GAME",
                            "displayName": "Anachronox",
                            "id": "3153",
                            "name": "Anachronox",
                            "viewersCount": 2
                        }
                    },
                    {
                        "__typename": "DirectoryEdge",
                        "cursor": "OTkx",
                        "node": {
                            "__typename": "Game",
                            "activeDropCampaigns": [],
                            "avatarURL": "https://static-cdn.jtvnw.net/ttv-boxart/GunZ%20The%20Duel-285x380.jpg",
                            "directoryType": "GAME",
                            "displayName": "GunZ The Duel",
                            "id": "2134",
                            "name": "GunZ The Duel",
                            "viewersCount": 2
                        }
                    },
                    {
                        "__typename": "DirectoryEdge",
                        "cursor": "OTky",
                        "node": {
                            "__typename": "Game",
                            "activeDropCampaigns": [],
                            "avatarURL": "https://static-cdn.jtvnw.net/ttv-boxart/Revelation%20Online-285x380.jpg",
                            "directoryType": "GAME",
                            "displayName": "Revelation Online",
                            "id": "494165",
                            "name": "Revelation Online",
                            "viewersCount": 2
                        }
                    },
                    {
                        "__typename": "DirectoryEdge",
                        "cursor": "OTkz",
                        "node": {
                            "__typename": "Game",
                            "activeDropCampaigns": [],
                            "avatarURL": "https://static-cdn.jtvnw.net/ttv-boxart/Cossacks%203-285x380.jpg",
                            "directoryType": "GAME",
                            "displayName": "Cossacks 3",
                            "id": "489671",
                            "name": "Cossacks 3",
                            "viewersCount": 2
                        }
                    },
                    {
                        "__typename": "DirectoryEdge",
                        "cursor": "OTk0",
                        "node": {
                            "__typename": "Game",
                            "activeDropCampaigns": [],
                            "avatarURL": "https://static-cdn.jtvnw.net/ttv-boxart/Poly%20Bridge-285x380.jpg",
                            "directoryType": "GAME",
                            "displayName": "Poly Bridge",
                            "id": "490402",
                            "name": "Poly Bridge",
                            "viewersCount": 2
                        }
                    },
                    {
                        "__typename": "DirectoryEdge",
                        "cursor": "OTk1",
                        "node": {
                            "__typename": "Game",
                            "activeDropCampaigns": [],
                            "avatarURL": "https://static-cdn.jtvnw.net/ttv-boxart/X-Plane%2011-285x380.jpg",
                            "directoryType": "GAME",
                            "displayName": "X-Plane 11",
                            "id": "495819",
                            "name": "X-Plane 11",
                            "viewersCount": 2
                        }
                    },
                    {
                        "__typename": "DirectoryEdge",
                        "cursor": "OTk2",
                        "node": {
                            "__typename": "Game",
                            "activeDropCampaigns": [],
                            "avatarURL": "https://static-cdn.jtvnw.net/ttv-boxart/Out%20of%20the%20Park%20Baseball%2019-285x380.jpg",
                            "directoryType": "GAME",
                            "displayName": "Out of the Park Baseball 19",
                            "id": "503407",
                            "name": "Out of the Park Baseball 19",
                            "viewersCount": 2
                        }
                    },
                    {
                        "__typename": "DirectoryEdge",
                        "cursor": "OTk3",
                        "node": {
                            "__typename": "Game",
                            "activeDropCampaigns": [],
                            "avatarURL": "https://static-cdn.jtvnw.net/ttv-boxart/Rising%20Storm%202:%20Vietnam-285x380.jpg",
                            "directoryType": "GAME",
                            "displayName": "Rising Storm 2: Vietnam",
                            "id": "492763",
                            "name": "Rising Storm 2: Vietnam",
                            "viewersCount": 2
                        }
                    },
                    {
                        "__typename": "DirectoryEdge",
                        "cursor": "OTk4",
                        "node": {
                            "__typename": "Game",
                            "activeDropCampaigns": [],
                            "avatarURL": "https://static-cdn.jtvnw.net/ttv-boxart/Final%20Fantasy%20III-285x380.jpg",
                            "directoryType": "GAME",
                            "displayName": "Final Fantasy III",
                            "id": "19549",
                            "name": "Final Fantasy III",
                            "viewersCount": 2
                        }
                    },
                    {
                        "__typename": "DirectoryEdge",
                        "cursor": "OTk5",
                        "node": {
                            "__typename": "Game",
                            "activeDropCampaigns": [],
                            "avatarURL": "https://static-cdn.jtvnw.net/ttv-boxart/The%20Escapists%202-285x380.jpg",
                            "directoryType": "GAME",
                            "displayName": "The Escapists 2",
                            "id": "496044",
                            "name": "The Escapists 2",
                            "viewersCount": 2
                        }
                    },
                    {
                        "__typename": "DirectoryEdge",
                        "cursor": "MTAwMA==",
                        "node": {
                            "__typename": "Game",
                            "activeDropCampaigns": [],
                            "avatarURL": "https://static-cdn.jtvnw.net/ttv-boxart/Crysis-285x380.jpg",
                            "directoryType": "GAME",
                            "displayName": "Crysis",
                            "id": "10818",
                            "name": "Crysis",
                            "viewersCount": 2
                        }
                    },
                    {
                        "__typename": "DirectoryEdge",
                        "cursor": "MTAwMQ==",
                        "node": {
                            "__typename": "Game",
                            "activeDropCampaigns": [],
                            "avatarURL": "https://static-cdn.jtvnw.net/ttv-boxart/My%20Time%20at%20Portia-285x380.jpg",
                            "directoryType": "GAME",
                            "displayName": "My Time at Portia",
                            "id": "497883",
                            "name": "My Time at Portia",
                            "viewersCount": 2
                        }
                    },
                    {
                        "__typename": "DirectoryEdge",
                        "cursor": "MTAwMg==",
                        "node": {
                            "__typename": "Game",
                            "activeDropCampaigns": [],
                            "avatarURL": "https://static-cdn.jtvnw.net/ttv-boxart/Need%20for%20Speed:%20Hot%20Pursuit-285x380.jpg",
                            "directoryType": "GAME",
                            "displayName": "Need for Speed: Hot Pursuit",
                            "id": "28548",
                            "name": "Need for Speed: Hot Pursuit",
                            "viewersCount": 2
                        }
                    },
                    {
                        "__typename": "DirectoryEdge",
                        "cursor": "MTAwMw==",
                        "node": {
                            "__typename": "Game",
                            "activeDropCampaigns": [],
                            "avatarURL": "https://static-cdn.jtvnw.net/ttv-boxart/LEGO%20Marvel%20Super%20Heroes-285x380.jpg",
                            "directoryType": "GAME",
                            "displayName": "LEGO Marvel Super Heroes",
                            "id": "103831",
                            "name": "LEGO Marvel Super Heroes",
                            "viewersCount": 2
                        }
                    },
                    {
                        "__typename": "DirectoryEdge",
                        "cursor": "MTAwNA==",
                        "node": {
                            "__typename": "Game",
                            "activeDropCampaigns": [],
                            "avatarURL": "https://static-cdn.jtvnw.net/ttv-boxart/Maldita%20Castilla-285x380.jpg",
                            "directoryType": "GAME",
                            "displayName": "Maldita Castilla",
                            "id": "33107",
                            "name": "Maldita Castilla",
                            "viewersCount": 2
                        }
                    },
                    {
                        "__typename": "DirectoryEdge",
                        "cursor": "MTAwNQ==",
                        "node": {
                            "__typename": "Game",
                            "activeDropCampaigns": [],
                            "avatarURL": "https://static-cdn.jtvnw.net/ttv-boxart/Pavlov%20VR-285x380.jpg",
                            "directoryType": "GAME",
                            "displayName": "Pavlov VR",
                            "id": "496142",
                            "name": "Pavlov VR",
                            "viewersCount": 2
                        }
                    },
                    {
                        "__typename": "DirectoryEdge",
                        "cursor": "MTAwNg==",
                        "node": {
                            "__typename": "Game",
                            "activeDropCampaigns": [],
                            "avatarURL": "https://static-cdn.jtvnw.net/ttv-boxart/The%20Disappearing%20of%20Gensokyo-285x380.jpg",
                            "directoryType": "GAME",
                            "displayName": "The Disappearing of Gensokyo",
                            "id": "503246",
                            "name": "The Disappearing of Gensokyo",
                            "viewersCount": 2
                        }
                    },
                    {
                        "__typename": "DirectoryEdge",
                        "cursor": "MTAwNw==",
                        "node": {
                            "__typename": "Game",
                            "activeDropCampaigns": [],
                            "avatarURL": "https://static-cdn.jtvnw.net/ttv-boxart/Steam-285x380.jpg",
                            "directoryType": "GAME",
                            "displayName": "Steam",
                            "id": "11530",
                            "name": "Steam",
                            "viewersCount": 2
                        }
                    },
                    {
                        "__typename": "DirectoryEdge",
                        "cursor": "MTAwOA==",
                        "node": {
                            "__typename": "Game",
                            "activeDropCampaigns": [],
                            "avatarURL": "https://static-cdn.jtvnw.net/ttv-boxart/Portal%20Knights-285x380.jpg",
                            "directoryType": "GAME",
                            "displayName": "Portal Knights",
                            "id": "491513",
                            "name": "Portal Knights",
                            "viewersCount": 2
                        }
                    },
                    {
                        "__typename": "DirectoryEdge",
                        "cursor": "MTAwOQ==",
                        "node": {
                            "__typename": "Game",
                            "activeDropCampaigns": [],
                            "avatarURL": "https://static-cdn.jtvnw.net/ttv-boxart/Pizza%20Connection%203-285x380.jpg",
                            "directoryType": "GAME",
                            "displayName": "Pizza Connection 3",
                            "id": "504939",
                            "name": "Pizza Connection 3",
                            "viewersCount": 2
                        }
                    },
                    {
                        "__typename": "DirectoryEdge",
                        "cursor": "MTAxMA==",
                        "node": {
                            "__typename": "Game",
                            "activeDropCampaigns": [],
                            "avatarURL": "https://static-cdn.jtvnw.net/ttv-boxart/Sword%20Art%20Online:%20Hollow%20Fragment-285x380.jpg",
                            "directoryType": "GAME",
                            "displayName": "Sword Art Online: Hollow Fragment",
                            "id": "417869",
                            "name": "Sword Art Online: Hollow Fragment",
                            "viewersCount": 2
                        }
                    },
                    {
                        "__typename": "DirectoryEdge",
                        "cursor": "MTAxMQ==",
                        "node": {
                            "__typename": "Game",
                            "activeDropCampaigns": [],
                            "avatarURL": "https://static-cdn.jtvnw.net/ttv-boxart/Survive%20the%20Nights-285x380.jpg",
                            "directoryType": "GAME",
                            "displayName": "Survive the Nights",
                            "id": "492286",
                            "name": "Survive the Nights",
                            "viewersCount": 2
                        }
                    },
                    {
                        "__typename": "DirectoryEdge",
                        "cursor": "MTAxMg==",
                        "node": {
                            "__typename": "Game",
                            "activeDropCampaigns": [],
                            "avatarURL": "https://static-cdn.jtvnw.net/ttv-boxart/Pok%C3%A9mon%20XD:%20Gale%20of%20Darkness-285x380.jpg",
                            "directoryType": "GAME",
                            "displayName": "Pok\u00e9mon XD: Gale of Darkness",
                            "id": "11912",
                            "name": "Pok\u00e9mon XD: Gale of Darkness",
                            "viewersCount": 2
                        }
                    },
                    {
                        "__typename": "DirectoryEdge",
                        "cursor": "MTAxMw==",
                        "node": {
                            "__typename": "Game",
                            "activeDropCampaigns": [],
                            "avatarURL": "https://static-cdn.jtvnw.net/ttv-boxart/The%20Sims%20Medieval-285x380.jpg",
                            "directoryType": "GAME",
                            "displayName": "The Sims Medieval",
                            "id": "29036",
                            "name": "The Sims Medieval",
                            "viewersCount": 2
                        }
                    },
                    {
                        "__typename": "DirectoryEdge",
                        "cursor": "MTAxNA==",
                        "node": {
                            "__typename": "Game",
                            "activeDropCampaigns": [],
                            "avatarURL": "https://static-cdn.jtvnw.net/ttv-boxart/New%20Super%20Mario%20Bros.%20U-285x380.jpg",
                            "directoryType": "GAME",
                            "displayName": "New Super Mario Bros. U",
                            "id": "31905",
                            "name": "New Super Mario Bros. U",
                            "viewersCount": 2
                        }
                    },
                    {
                        "__typename": "DirectoryEdge",
                        "cursor": "MTAxNQ==",
                        "node": {
                            "__typename": "Game",
                            "activeDropCampaigns": [],
                            "avatarURL": "https://static-cdn.jtvnw.net/ttv-boxart/Pikmin-285x380.jpg",
                            "directoryType": "GAME",
                            "displayName": "Pikmin",
                            "id": "2209",
                            "name": "Pikmin",
                            "viewersCount": 2
                        }
                    },
                    {
                        "__typename": "DirectoryEdge",
                        "cursor": "MTAxNg==",
                        "node": {
                            "__typename": "Game",
                            "activeDropCampaigns": [],
                            "avatarURL": "https://static-cdn.jtvnw.net/ttv-boxart/Pure%20Farming%202018-285x380.jpg",
                            "directoryType": "GAME",
                            "displayName": "Pure Farming 2018",
                            "id": "497640",
                            "name": "Pure Farming 2018",
                            "viewersCount": 2
                        }
                    }
                ],
                "pageInfo": {
                    "__typename": "PageInfo",
                    "hasNextPage": true
                }
            }
        },
        "extensions": {
            "durationMilliseconds": 54,
            "operationName": "BrowsePage_AllDirectories"
        }
    }
]