[
    {
        "data": {
            "directories": {
                "__typename": "DirectoryConnection",
                "edges": [
                    {
                        "__typename": "DirectoryEdge",
                        "cursor": "MTAxNg==",
                        "node": {
                            "__typename": "Game",
                            "activeDropCampaigns": [],
                            "avatarURL": "https://static-cdn.jtvnw.net/ttv-boxart/Pure%20Farming%202018-285x380.jpg",
                            "directoryType": "GAME",
                            "displayName": "Pure Farming 2018",
                            "id": "497640",
                            "name": "Pure Farming 2018",
                            "viewersCount": 2
                        }
                    },
                    {
                        "__typename": "DirectoryEdge",
                        "cursor": "MTAxNw==",
                        "node": {
                            "__typename": "Game",
                            "activeDropCampaigns": [],
                            "avatarURL": "https://static-cdn.jtvnw.net/ttv-boxart/Nikita:%20The%20Mystery%20of%20the%20Hidden%20Treasure-285x380.jpg",
                            "directoryType": "GAME",
                            "displayName": "Nikita: The Mystery of the Hidden Treasure",
                            "id": "499839",
                            "name": "Nikita: The Mystery of the Hidden Treasure",
                            "viewersCount": 2
                        }
                    },
                    {
                        "__typename": "DirectoryEdge",
                        "cursor": "MTAxOA==",
                        "node": {
                            "__typename": "Game",
                            "activeDropCampaigns": [],
                            "avatarURL": "https://static-cdn.jtvnw.net/ttv-boxart/FlatOut%202-285x380.jpg",
                            "directoryType": "GAME",
                            "displayName": "FlatOut 2",
                            "id": "791",
                            "name": "FlatOut 2",
                            "viewersCount": 2
                        }
                    },
                    {
                        "__typename": "DirectoryEdge",
                        "cursor": "MTAxOQ==",
                        "node": {
                            "__typename": "Game",
                            "activeDropCampaigns": [],
                            "avatarURL": "https://static-cdn.jtvnw.net/ttv-boxart/Final%20Fantasy%20X-285x380.jpg",
                            "directoryType": "GAME",
                            "displayName": "Final Fantasy X",
                            "id": "10322",
                            "name": "Final Fantasy X",
                            "viewersCount": 2
                        }
                    },
                    {
                        "__typename": "DirectoryEdge",
                        "cursor": "MTAyMA==",
                        "node": {
                            "__typename": "Game",
                            "activeDropCampaigns": [],
                            "avatarURL": "https://static-cdn.jtvnw.net/ttv-boxart/Shadowrun%20Returns-285x380.jpg",
                            "directoryType": "GAME",
                            "displayName": "Shadowrun Returns",
                            "id": "33998",
                            "name": "Shadowrun Returns",
                            "viewersCount": 2
                        }
                    },
                    {
                        "__typename": "DirectoryEdge",
                        "cursor": "MTAyMQ==",
                        "node": {
                            "__typename": "Game",
                            "activeDropCampaigns": [],
                            "avatarURL": "https://static-cdn.jtvnw.net/ttv-boxart/Mobius%20Final%20Fantasy-285x380.jpg",
                            "directoryType": "GAME",
                            "displayName": "Mobius Final Fantasy",
                            "id": "493031",
                            "name": "Mobius Final Fantasy",
                            "viewersCount": 2
                        }
                    },
                    {
                        "__typename": "DirectoryEdge",
                        "cursor": "MTAyMg==",
                        "node": {
                            "__typename": "Game",
                            "activeDropCampaigns": [],
                            "avatarURL": "https://static-cdn.jtvnw.net/ttv-boxart/Donkey%20Kong%20Country-285x380.jpg",
                            "directoryType": "GAME",
                            "displayName": "Donkey Kong Country",
                            "id": "14432",
                            "name": "Donkey Kong Country",
                            "viewersCount": 2
                        }
                    },
                    {
                        "__typename": "DirectoryEdge",
                        "cursor": "MTAyMw==",
                        "node": {
                            "__typename": "Game",
                            "activeDropCampaigns": [],
                            "avatarURL": "https://static-cdn.jtvnw.net/ttv-boxart/The%20Evil%20Within%202-285x380.jpg",
                            "directoryType": "GAME",
                            "displayName": "The Evil Within 2",
                            "id": "497437",
                            "name": "The Evil Within 2",
                            "viewersCount": 2
                        }
                    },
                    {
                        "__typename": "DirectoryEdge",
                        "cursor": "MTAyNA==",
                        "node": {
                            "__typename": "Game",
                            "activeDropCampaigns": [],
                            "avatarURL": "https://static-cdn.jtvnw.net/ttv-boxart/Portal-285x380.jpg",
                            "directoryType": "GAME",
                            "displayName": "Portal",
                            "id": "6187",
                            "name": "Portal",
                            "viewersCount": 2
                        }
                    },
                    {
                        "__typename": "DirectoryEdge",
                        "cursor": "MTAyNQ==",
                        "node": {
                            "__typename": "Game",
                            "activeDropCampaigns": [],
                            "avatarURL": "https://static-cdn.jtvnw.net/ttv-boxart/Action-285x380.jpg",
                            "directoryType": "GAME",
                            "displayName": "Action",
                            "id": "25749",
                            "name": "Action",
                            "viewersCount": 2
                        }
                    },
                    {
                        "__typename": "DirectoryEdge",
                        "cursor": "MTAyNg==",
                        "node": {
                            "__typename": "Game",
                            "activeDropCampaigns": [],
                            "avatarURL": "https://static-cdn.jtvnw.net/ttv-boxart/The%20Order:%201886-285x380.jpg",
                            "directoryType": "GAME",
                            "displayName": "The Order: 1886",
                            "id": "369583",
                            "name": "The Order: 1886",
                            "viewersCount": 2
                        }
                    },
                    {
                        "__typename": "DirectoryEdge",
                        "cursor": "MTAyNw==",
                        "node": {
                            "__typename": "Game",
                            "activeDropCampaigns": [],
                            "avatarURL": "https://static-cdn.jtvnw.net/ttv-boxart/Empires%20Apart-285x380.jpg",
                            "directoryType": "GAME",
                            "displayName": "Empires Apart",
                            "id": "498168",
                            "name": "Empires Apart",
                            "viewersCount": 2
                        }
                    },
                    {
                        "__typename": "DirectoryEdge",
                        "cursor": "MTAyOA==",
                        "node": {
                            "__typename": "Game",
                            "activeDropCampaigns": [],
                            "avatarURL": "https://static-cdn.jtvnw.net/ttv-boxart/Tennis-285x380.jpg",
                            "directoryType": "GAME",
                            "displayName": "Tennis",
                            "id": "2963",
                            "name": "Tennis",
                            "viewersCount": 2
                        }
                    },
                    {
                        "__typename": "DirectoryEdge",
                        "cursor": "MTAyOQ==",
                        "node": {
                            "__typename": "Game",
                            "activeDropCampaigns": [],
                            "avatarURL": "https://static-cdn.jtvnw.net/ttv-boxart/Black%20Desert%20Mobile-285x380.jpg",
                            "directoryType": "GAME",
                            "displayName": "Black Desert Mobile",
                            "id": "504766",
                            "name": "Black Desert Mobile",
                            "viewersCount": 2
                        }
                    },
                    {
                        "__typename": "DirectoryEdge",
                        "cursor": "MTAzMA==",
                        "node": {
                            "__typename": "Game",
                            "activeDropCampaigns": [],
                            "avatarURL": "https://static-cdn.jtvnw.net/ttv-boxart/EarthBound-285x380.jpg",
                            "directoryType": "GAME",
                            "displayName": "EarthBound",
                            "id": "30367",
                            "name": "EarthBound",
                            "viewersCount": 2
                        }
                    },
                    {
                        "__typename": "DirectoryEdge",
                        "cursor": "MTAzMQ==",
                        "node": {
                            "__typename": "Game",
                            "activeDropCampaigns": [],
                            "avatarURL": "https://static-cdn.jtvnw.net/ttv-boxart/Cook,%20Serve,%20Delicious%21-285x380.jpg",
                            "directoryType": "GAME",
                            "displayName": "Cook, Serve, Delicious!",
                            "id": "73588",
                            "name": "Cook, Serve, Delicious!",
                            "viewersCount": 2
                        }
                    },
                    {
                        "__typename": "DirectoryEdge",
                        "cursor": "MTAzMg==",
                        "node": {
                            "__typename": "Game",
                            "activeDropCampaigns": [],
                            "avatarURL": "https://static-cdn.jtvnw.net/ttv-boxart/Roll20%20Virtual%20Tabletop-285x380.jpg",
                            "directoryType": "GAME",
                            "displayName": "Roll20 Virtual Tabletop",
                            "id": "417796",
                            "name": "Roll20 Virtual Tabletop",
                            "viewersCount": 2
                        }
                    },
                    {
                        "__typename": "DirectoryEdge",
                        "cursor": "MTAzMw==",
                        "node": {
                            "__typename": "Game",
                            "activeDropCampaigns": [],
                            "avatarURL": "https://static-cdn.jtvnw.net/ttv-boxart/America%27s%20Army:%20Proving%20Grounds-285x380.jpg",
                            "directoryType": "GAME",
                            "displayName": "America's Army: Proving Grounds",
                            "id": "349609",
                            "name": "America's Army: Proving Grounds",
                            "viewersCount": 2
                        }
                    },
                    {
                        "__typename": "DirectoryEdge",
                        "cursor": "MTAzNA==",
                        "node": {
                            "__typename": "Game",
                            "activeDropCampaigns": [],
                            "avatarURL": "https://static-cdn.jtvnw.net/ttv-boxart/Dustforce-285x380.jpg",
                            "directoryType": "GAME",
                            "displayName": "Dustforce",
                            "id": "29093",
                            "name": "Dustforce",
                            "viewersCount": 2
                        }
                    },
                    {
                        "__typename": "DirectoryEdge",
                        "cursor": "MTAzNQ==",
                        "node": {
                            "__typename": "Game",
                            "activeDropCampaigns": [],
                            "avatarURL": "https://static-cdn.jtvnw.net/ttv-boxart/Star%20Wars:%20Republic%20Commando-285x380.jpg",
                            "directoryType": "GAME",
                            "displayName": "Star Wars: Republic Commando",
                            "id": "1232",
                            "name": "Star Wars: Republic Commando",
                            "viewersCount": 2
                        }
                    },
                    {
                        "__typename": "DirectoryEdge",
                        "cursor": "MTAzNg==",
                        "node": {
                            "__typename": "Game",
                            "activeDropCampaigns": [],
                            "avatarURL": "https://static-cdn.jtvnw.net/ttv-boxart/Sonic%20the%20Hedgehog%202-285x380.jpg",
                            "directoryType": "GAME",
                            "displayName": "Sonic the Hedgehog 2",
                            "id": "1524",
                            "name": "Sonic the Hedgehog 2",
                            "viewersCount": 2
                        }
                    },
                    {
                        "__typename": "DirectoryEdge",
                        "cursor": "MTAzNw==",
                        "node": {
                            "__typename": "Game",
                            "activeDropCampaigns": [],
                            "avatarURL": "https://static-cdn.jtvnw.net/ttv-boxart/Dead%20Rising%204-285x380.jpg",
                            "directoryType": "GAME",
                            "displayName": "Dead Rising 4",
                            "id": "493389",
                            "name": "Dead Rising 4",
                            "viewersCount": 2
                        }
                    },
                    {
                        "__typename": "DirectoryEdge",
                        "cursor": "MTAzOA==",
                        "node": {
                            "__typename": "Game",
                            "activeDropCampaigns": [],
                            "avatarURL": "https://static-cdn.jtvnw.net/ttv-boxart/Quake%20Live-285x380.jpg",
                            "directoryType": "GAME",
                            "displayName": "Quake Live",
                            "id": "19490",
                            "name": "Quake Live",
                            "viewersCount": 2
                        }
                    },
                    {
                        "__typename": "DirectoryEdge",
                        "cursor": "MTAzOQ==",
                        "node": {
                            "__typename": "Game",
                            "activeDropCampaigns": [],
                            "avatarURL": "https://static-cdn.jtvnw.net/ttv-boxart/Hitman:%20Blood%20Money-285x380.jpg",
                            "directoryType": "GAME",
                            "displayName": "Hitman: Blood Money",
                            "id": "10119",
                            "name": "Hitman: Blood Money",
                            "viewersCount": 2
                        }
                    },
                    {
                        "__typename": "DirectoryEdge",
                        "cursor": "MTA0MA==",
                        "node": {
                            "__typename": "Game",
                            "activeDropCampaigns": [],
                            "avatarURL": "https://static-cdn.jtvnw.net/ttv-boxart/Tom%20Clancy%27s%20Splinter%20Cell:%20Conviction-285x380.jpg",
                            "directoryType": "GAME",
                            "displayName": "Tom Clancy's Splinter Cell: Conviction",
                            "id": "18711",
                            "name": "Tom Clancy's Splinter Cell: Conviction",
                            "viewersCount": 2
                        }
                    },
                    {
                        "__typename": "DirectoryEdge",
                        "cursor": "MTA0MQ==",
                        "node": {
                            "__typename": "Game",
                            "activeDropCampaigns": [],
                            "avatarURL": "https://static-cdn.jtvnw.net/ttv-boxart/Nuclear%20Throne-285x380.jpg",
                            "directoryType": "GAME",
                            "displayName": "Nuclear Throne",
                            "id": "129117",
                            "name": "Nuclear Throne",
                            "viewersCount": 2
                        }
                    },
                    {
                        "__typename": "DirectoryEdge",
                        "cursor": "MTA0Mg==",
                        "node": {
                            "__typename": "Game",
                            "activeDropCampaigns": [],
                            "avatarURL": "https://static-cdn.jtvnw.net/ttv-boxart/Resogun-285x380.jpg",
                            "directoryType": "GAME",
                            "displayName": "Resogun",
                            "id": "313536",
                            "name": "Resogun",
                            "viewersCount": 2
                        }
                    },
                    {
                        "__typename": "DirectoryEdge",
                        "cursor": "MTA0Mw==",
                        "node": {
                            "__typename": "Game",
                            "activeDropCampaigns": [],
                            "avatarURL": "https://static-cdn.jtvnw.net/ttv-boxart/Tales%20from%20the%20Borderlands-285x380.jpg",
                            "directoryType": "GAME",
                            "displayName": "Tales from the Borderlands",
                            "id": "458778",
                            "name": "Tales from the Borderlands",
                            "viewersCount": 2
                        }
                    },
                    {
                        "__typename": "DirectoryEdge",
                        "cursor": "MTA0NA==",
                        "node": {
                            "__typename": "Game",
                            "activeDropCampaigns": [],
                            "avatarURL": "https://static-cdn.jtvnw.net/ttv-boxart/Battle%20Brothers-285x380.jpg",
                            "directoryType": "GAME",
                            "displayName": "Battle Brothers",
                            "id": "490771",
                            "name": "Battle Brothers",
                            "viewersCount": 2
                        }
                    },
                    {
                        "__typename": "DirectoryEdge",
                        "cursor": "MTA0NQ==",
                        "node": {
                            "__typename": "Game",
                            "activeDropCampaigns": [],
                            "avatarURL": "https://static-cdn.jtvnw.net/ttv-boxart/Crunchyroll%20Anime%20Awards-285x380.jpg",
                            "directoryType": "GAME",
                            "displayName": "Crunchyroll Anime Awards",
                            "id": "504113",
                            "name": "Crunchyroll Anime Awards",
                            "viewersCount": 2
                        }
                    }
                ],
                "pageInfo": {
                    "__typename": "PageInfo",
                    "hasNextPage": true
                }
            }
        },
        "extensions": {
            "durationMilliseconds": 91,
            "operationName": "BrowsePage_AllDirectories"
        }
    }
]