[
    {
        "data": {
            "directories": {
                "__typename": "DirectoryConnection",
                "edges": [
                    {
                        "__typename": "DirectoryEdge",
                        "cursor": "MTA0NQ==",
                        "node": {
                            "__typename": "Game",
                            "activeDropCampaigns": [],
                            "avatarURL": "https://static-cdn.jtvnw.net/ttv-boxart/Crunchyroll%20Anime%20Awards-285x380.jpg",
                            "directoryType": "GAME",
                            "displayName": "Crunchyroll Anime Awards",
                            "id": "504113",
                            "name": "Crunchyroll Anime Awards",
                            "viewersCount": 2
                        }
                    },
                    {
                        "__typename": "DirectoryEdge",
                        "cursor": "MTA0Ng==",
                        "node": {
                            "__typename": "Game",
                            "activeDropCampaigns": [],
                            "avatarURL": "https://static-cdn.jtvnw.net/ttv-boxart/Lineage%20M-285x380.jpg",
                            "directoryType": "GAME",
                            "displayName": "Lineage M",
                            "id": "497985",
                            "name": "Lineage M",
                            "viewersCount": 2
                        }
                    },
                    {
                        "__typename": "DirectoryEdge",
                        "cursor": "MTA0Nw==",
                        "node": {
                            "__typename": "Game",
                            "activeDropCampaigns": [],
                            "avatarURL": "https://static-cdn.jtvnw.net/ttv-boxart/Chivalry:%20Medieval%20Warfare-285x380.jpg",
                            "directoryType": "GAME",
                            "displayName": "Chivalry: Medieval Warfare",
                            "id": "34100",
                            "name": "Chivalry: Medieval Warfare",
                            "viewersCount": 2
                        }
                    },
                    {
                        "__typename": "DirectoryEdge",
                        "cursor": "MTA0OA==",
                        "node": {
                            "__typename": "Game",
                            "activeDropCampaigns": [],
                            "avatarURL": "https://static-cdn.jtvnw.net/ttv-boxart/The%20Sly%20Collection-285x380.jpg",
                            "directoryType": "GAME",
                            "displayName": "The Sly Collection",
                            "id": "28619",
                            "name": "The Sly Collection",
                            "viewersCount": 2
                        }
                    },
                    {
                        "__typename": "DirectoryEdge",
                        "cursor": "MTA0OQ==",
                        "node": {
                            "__typename": "Game",
                            "activeDropCampaigns": [],
                            "avatarURL": "https://static-cdn.jtvnw.net/ttv-boxart/Mount%20and%20Blade:%20With%20Fire%20&%20Sword-285x380.jpg",
                            "directoryType": "GAME",
                            "displayName": "Mount and Blade: With Fire & Sword",
                            "id": "31332",
                            "name": "Mount and Blade: With Fire & Sword",
                            "viewersCount": 2
                        }
                    },
                    {
                        "__typename": "DirectoryEdge",
                        "cursor": "MTA1MA==",
                        "node": {
                            "__typename": "Game",
                            "activeDropCampaigns": [],
                            "avatarURL": "https://static-cdn.jtvnw.net/ttv-boxart/Lords%20of%20the%20Fallen-285x380.jpg",
                            "directoryType": "GAME",
                            "displayName": "Lords of the Fallen",
                            "id": "369345",
                            "name": "Lords of the Fallen",
                            "viewersCount": 2
                        }
                    },
                    {
                        "__typename": "DirectoryEdge",
                        "cursor": "MTA1MQ==",
                        "node": {
                            "__typename": "Game",
                            "activeDropCampaigns": [],
                            "avatarURL": "https://static-cdn.jtvnw.net/ttv-boxart/Snakebird-285x380.jpg",
                            "directoryType": "GAME",
                            "displayName": "Snakebird",
                            "id": "489560",
                            "name": "Snakebird",
                            "viewersCount": 2
                        }
                    },
                    {
                        "__typename": "DirectoryEdge",
                        "cursor": "MTA1Mg==",
                        "node": {
                            "__typename": "Game",
                            "activeDropCampaigns": [],
                            "avatarURL": "https://static-cdn.jtvnw.net/ttv-boxart/Star%20Wars:%20X-Wing%20-%20Imperial%20Pursuit-285x380.jpg",
                            "directoryType": "GAME",
                            "displayName": "Star Wars: X-Wing - Imperial Pursuit",
                            "id": "16853",
                            "name": "Star Wars: X-Wing - Imperial Pursuit",
                            "viewersCount": 2
                        }
                    },
                    {
                        "__typename": "DirectoryEdge",
                        "cursor": "MTA1Mw==",
                        "node": {
                            "__typename": "Game",
                            "activeDropCampaigns": [],
                            "avatarURL": "https://static-cdn.jtvnw.net/ttv-boxart/Yu-Gi-Oh%21%205D%27s%20Tag%20Force%205-285x380.jpg",
                            "directoryType": "GAME",
                            "displayName": "Yu-Gi-Oh! 5D's Tag Force 5",
                            "id": "29770",
                            "name": "Yu-Gi-Oh! 5D's Tag Force 5",
                            "viewersCount": 2
                        }
                    },
                    {
                        "__typename": "DirectoryEdge",
                        "cursor": "MTA1NA==",
                        "node": {
                            "__typename": "Game",
                            "activeDropCampaigns": [],
                            "avatarURL": "https://static-cdn.jtvnw.net/ttv-boxart/Sport%20Games-285x380.jpg",
                            "directoryType": "GAME",
                            "displayName": "Sport Games",
                            "id": "495518",
                            "name": "Sport Games",
                            "viewersCount": 2
                        }
                    },
                    {
                        "__typename": "DirectoryEdge",
                        "cursor": "MTA1NQ==",
                        "node": {
                            "__typename": "Game",
                            "activeDropCampaigns": [],
                            "avatarURL": "https://static-cdn.jtvnw.net/ttv-boxart/Halo:%20Reach-285x380.jpg",
                            "directoryType": "GAME",
                            "displayName": "Halo: Reach",
                            "id": "24203",
                            "name": "Halo: Reach",
                            "viewersCount": 2
                        }
                    },
                    {
                        "__typename": "DirectoryEdge",
                        "cursor": "MTA1Ng==",
                        "node": {
                            "__typename": "Game",
                            "activeDropCampaigns": [],
                            "avatarURL": "https://static-cdn.jtvnw.net/ttv-boxart/Valkyria%20Chronicles%204-285x380.jpg",
                            "directoryType": "GAME",
                            "displayName": "Valkyria Chronicles 4",
                            "id": "500231",
                            "name": "Valkyria Chronicles 4",
                            "viewersCount": 2
                        }
                    },
                    {
                        "__typename": "DirectoryEdge",
                        "cursor": "MTA1Nw==",
                        "node": {
                            "__typename": "Game",
                            "activeDropCampaigns": [],
                            "avatarURL": "https://static-cdn.jtvnw.net/ttv-boxart/Digimon%20World:%20Next%20Order-285x380.jpg",
                            "directoryType": "GAME",
                            "displayName": "Digimon World: Next Order",
                            "id": "491370",
                            "name": "Digimon World: Next Order",
                            "viewersCount": 2
                        }
                    },
                    {
                        "__typename": "DirectoryEdge",
                        "cursor": "MTA1OA==",
                        "node": {
                            "__typename": "Game",
                            "activeDropCampaigns": [],
                            "avatarURL": "https://static-cdn.jtvnw.net/ttv-boxart/Rec%20Room-285x380.jpg",
                            "directoryType": "GAME",
                            "displayName": "Rec Room",
                            "id": "493280",
                            "name": "Rec Room",
                            "viewersCount": 2
                        }
                    },
                    {
                        "__typename": "DirectoryEdge",
                        "cursor": "MTA1OQ==",
                        "node": {
                            "__typename": "Game",
                            "activeDropCampaigns": [],
                            "avatarURL": "https://static-cdn.jtvnw.net/ttv-boxart/Allods%20Online-285x380.jpg",
                            "directoryType": "GAME",
                            "displayName": "Allods Online",
                            "id": "26367",
                            "name": "Allods Online",
                            "viewersCount": 2
                        }
                    },
                    {
                        "__typename": "DirectoryEdge",
                        "cursor": "MTA2MA==",
                        "node": {
                            "__typename": "Game",
                            "activeDropCampaigns": [],
                            "avatarURL": "https://static-cdn.jtvnw.net/ttv-boxart/Silent%20Hill%203-285x380.jpg",
                            "directoryType": "GAME",
                            "displayName": "Silent Hill 3",
                            "id": "9522",
                            "name": "Silent Hill 3",
                            "viewersCount": 2
                        }
                    },
                    {
                        "__typename": "DirectoryEdge",
                        "cursor": "MTA2MQ==",
                        "node": {
                            "__typename": "Game",
                            "activeDropCampaigns": [],
                            "avatarURL": "https://static-cdn.jtvnw.net/ttv-boxart/Pok%C3%A9mon%20Omega%20Ruby/Alpha%20Sapphire-285x380.jpg",
                            "directoryType": "GAME",
                            "displayName": "Pok\u00e9mon Omega Ruby/Alpha Sapphire",
                            "id": "460327",
                            "name": "Pok\u00e9mon Omega Ruby/Alpha Sapphire",
                            "viewersCount": 2
                        }
                    },
                    {
                        "__typename": "DirectoryEdge",
                        "cursor": "MTA2Mg==",
                        "node": {
                            "__typename": "Game",
                            "activeDropCampaigns": [],
                            "avatarURL": "https://static-cdn.jtvnw.net/ttv-boxart/Myth-285x380.jpg",
                            "directoryType": "GAME",
                            "displayName": "Myth",
                            "id": "13068",
                            "name": "Myth",
                            "viewersCount": 2
                        }
                    },
                    {
                        "__typename": "DirectoryEdge",
                        "cursor": "MTA2Mw==",
                        "node": {
                            "__typename": "Game",
                            "activeDropCampaigns": [],
                            "avatarURL": "https://static-cdn.jtvnw.net/ttv-boxart/Bulletstorm-285x380.jpg",
                            "directoryType": "GAME",
                            "displayName": "Bulletstorm",
                            "id": "27126",
                            "name": "Bulletstorm",
                            "viewersCount": 2
                        }
                    },
                    {
                        "__typename": "DirectoryEdge",
                        "cursor": "MTA2NA==",
                        "node": {
                            "__typename": "Game",
                            "activeDropCampaigns": [],
                            "avatarURL": "https://static-cdn.jtvnw.net/ttv-boxart/Steins;Gate-285x380.jpg",
                            "directoryType": "GAME",
                            "displayName": "Steins;Gate",
                            "id": "25458",
                            "name": "Steins;Gate",
                            "viewersCount": 2
                        }
                    },
                    {
                        "__typename": "DirectoryEdge",
                        "cursor": "MTA2NQ==",
                        "node": {
                            "__typename": "Game",
                            "activeDropCampaigns": [],
                            "avatarURL": "https://static-cdn.jtvnw.net/ttv-boxart/The%20Walking%20Dead:%20Season%20Two-285x380.jpg",
                            "directoryType": "GAME",
                            "displayName": "The Walking Dead: Season Two",
                            "id": "66410",
                            "name": "The Walking Dead: Season Two",
                            "viewersCount": 2
                        }
                    },
                    {
                        "__typename": "DirectoryEdge",
                        "cursor": "MTA2Ng==",
                        "node": {
                            "__typename": "Game",
                            "activeDropCampaigns": [],
                            "avatarURL": "https://static-cdn.jtvnw.net/ttv-boxart/Dying%20Reborn-285x380.jpg",
                            "directoryType": "GAME",
                            "displayName": "Dying Reborn",
                            "id": "496258",
                            "name": "Dying Reborn",
                            "viewersCount": 2
                        }
                    },
                    {
                        "__typename": "DirectoryEdge",
                        "cursor": "MTA2Nw==",
                        "node": {
                            "__typename": "Game",
                            "activeDropCampaigns": [],
                            "avatarURL": "https://static-cdn.jtvnw.net/ttv-boxart/X3:%20Terran%20Conflict-285x380.jpg",
                            "directoryType": "GAME",
                            "displayName": "X3: Terran Conflict",
                            "id": "20650",
                            "name": "X3: Terran Conflict",
                            "viewersCount": 2
                        }
                    },
                    {
                        "__typename": "DirectoryEdge",
                        "cursor": "MTA2OA==",
                        "node": {
                            "__typename": "Game",
                            "activeDropCampaigns": [],
                            "avatarURL": "https://static-cdn.jtvnw.net/ttv-boxart/RWBY:%20Grimm%20Eclipse-285x380.jpg",
                            "directoryType": "GAME",
                            "displayName": "RWBY: Grimm Eclipse",
                            "id": "461173",
                            "name": "RWBY: Grimm Eclipse",
                            "viewersCount": 2
                        }
                    },
                    {
                        "__typename": "DirectoryEdge",
                        "cursor": "MTA2OQ==",
                        "node": {
                            "__typename": "Game",
                            "activeDropCampaigns": [],
                            "avatarURL": "https://static-cdn.jtvnw.net/ttv-boxart/CrossCode-285x380.jpg",
                            "directoryType": "GAME",
                            "displayName": "CrossCode",
                            "id": "491243",
                            "name": "CrossCode",
                            "viewersCount": 2
                        }
                    },
                    {
                        "__typename": "DirectoryEdge",
                        "cursor": "MTA3MA==",
                        "node": {
                            "__typename": "Game",
                            "activeDropCampaigns": [],
                            "avatarURL": "https://static-cdn.jtvnw.net/ttv-boxart/Mighty%20Party-285x380.jpg",
                            "directoryType": "GAME",
                            "displayName": "Mighty Party",
                            "id": "496550",
                            "name": "Mighty Party",
                            "viewersCount": 2
                        }
                    },
                    {
                        "__typename": "DirectoryEdge",
                        "cursor": "MTA3MQ==",
                        "node": {
                            "__typename": "Game",
                            "activeDropCampaigns": [],
                            "avatarURL": "https://static-cdn.jtvnw.net/ttv-boxart/SpeedRunners-285x380.jpg",
                            "directoryType": "GAME",
                            "displayName": "SpeedRunners",
                            "id": "370345",
                            "name": "SpeedRunners",
                            "viewersCount": 2
                        }
                    },
                    {
                        "__typename": "DirectoryEdge",
                        "cursor": "MTA3Mg==",
                        "node": {
                            "__typename": "Game",
                            "activeDropCampaigns": [],
                            "avatarURL": "https://static-cdn.jtvnw.net/ttv-boxart/Garou:%20Mark%20of%20the%20Wolves-285x380.jpg",
                            "directoryType": "GAME",
                            "displayName": "Garou: Mark of the Wolves",
                            "id": "9796",
                            "name": "Garou: Mark of the Wolves",
                            "viewersCount": 2
                        }
                    },
                    {
                        "__typename": "DirectoryEdge",
                        "cursor": "MTA3Mw==",
                        "node": {
                            "__typename": "Game",
                            "activeDropCampaigns": [],
                            "avatarURL": "https://static-cdn.jtvnw.net/ttv-boxart/Fairy%20Fencer%20F-285x380.jpg",
                            "directoryType": "GAME",
                            "displayName": "Fairy Fencer F",
                            "id": "369522",
                            "name": "Fairy Fencer F",
                            "viewersCount": 2
                        }
                    },
                    {
                        "__typename": "DirectoryEdge",
                        "cursor": "MTA3NA==",
                        "node": {
                            "__typename": "Game",
                            "activeDropCampaigns": [],
                            "avatarURL": "https://static-cdn.jtvnw.net/ttv-boxart/Evolve-285x380.jpg",
                            "directoryType": "GAME",
                            "displayName": "Evolve",
                            "id": "110761",
                            "name": "Evolve",
                            "viewersCount": 2
                        }
                    }
                ],
                "pageInfo": {
                    "__typename": "PageInfo",
                    "hasNextPage": true
                }
            }
        },
        "extensions": {
            "durationMilliseconds": 64,
            "operationName": "BrowsePage_AllDirectories"
        }
    }
]