[
    {
        "data": {
            "directories": {
                "__typename": "DirectoryConnection",
                "edges": [
                    {
                        "__typename": "DirectoryEdge",
                        "cursor": "MTA3NA==",
                        "node": {
                            "__typename": "Game",
                            "activeDropCampaigns": [],
                            "avatarURL": "https://static-cdn.jtvnw.net/ttv-boxart/Evolve-285x380.jpg",
                            "directoryType": "GAME",
                            "displayName": "Evolve",
                            "id": "110761",
                            "name": "Evolve",
                            "viewersCount": 2
                        }
                    },
                    {
                        "__typename": "DirectoryEdge",
                        "cursor": "MTA3NQ==",
                        "node": {
                            "__typename": "Game",
                            "activeDropCampaigns": [],
                            "avatarURL": "https://static-cdn.jtvnw.net/ttv-boxart/Blinky%27s%20Scary%20School-285x380.jpg",
                            "directoryType": "GAME",
                            "displayName": "Blinky's Scary School",
                            "id": "6394",
                            "name": "Blinky's Scary School",
                            "viewersCount": 2
                        }
                    },
                    {
                        "__typename": "DirectoryEdge",
                        "cursor": "MTA3Ng==",
                        "node": {
                            "__typename": "Game",
                            "activeDropCampaigns": [],
                            "avatarURL": "https://static-cdn.jtvnw.net/ttv-boxart/Command%20&%20Conquer%203:%20Kane%27s%20Wrath-285x380.jpg",
                            "directoryType": "GAME",
                            "displayName": "Command & Conquer 3: Kane's Wrath",
                            "id": "18733",
                            "name": "Command & Conquer 3: Kane's Wrath",
                            "viewersCount": 2
                        }
                    },
                    {
                        "__typename": "DirectoryEdge",
                        "cursor": "MTA3Nw==",
                        "node": {
                            "__typename": "Game",
                            "activeDropCampaigns": [],
                            "avatarURL": "https://static-cdn.jtvnw.net/ttv-boxart/Fernbus%20Coach%20Simulator-285x380.jpg",
                            "directoryType": "GAME",
                            "displayName": "Fernbus Coach Simulator",
                            "id": "493058",
                            "name": "Fernbus Coach Simulator",
                            "viewersCount": 2
                        }
                    },
                    {
                        "__typename": "DirectoryEdge",
                        "cursor": "MTA3OA==",
                        "node": {
                            "__typename": "Game",
                            "activeDropCampaigns": [],
                            "avatarURL": "https://static-cdn.jtvnw.net/ttv-boxart/RUINER-285x380.jpg",
                            "directoryType": "GAME",
                            "displayName": "RUINER",
                            "id": "492289",
                            "name": "RUINER",
                            "viewersCount": 2
                        }
                    },
                    {
                        "__typename": "DirectoryEdge",
                        "cursor": "MTA3OQ==",
                        "node": {
                            "__typename": "Game",
                            "activeDropCampaigns": [],
                            "avatarURL": "https://static-cdn.jtvnw.net/ttv-boxart/Super%20Mario%20Land-285x380.jpg",
                            "directoryType": "GAME",
                            "displayName": "Super Mario Land",
                            "id": "18146",
                            "name": "Super Mario Land",
                            "viewersCount": 2
                        }
                    },
                    {
                        "__typename": "DirectoryEdge",
                        "cursor": "MTA4MA==",
                        "node": {
                            "__typename": "Game",
                            "activeDropCampaigns": [],
                            "avatarURL": "https://static-cdn.jtvnw.net/ttv-boxart/Danganronpa%202:%20Goodbye%20Despair-285x380.jpg",
                            "directoryType": "GAME",
                            "displayName": "Danganronpa 2: Goodbye Despair",
                            "id": "89297",
                            "name": "Danganronpa 2: Goodbye Despair",
                            "viewersCount": 2
                        }
                    },
                    {
                        "__typename": "DirectoryEdge",
                        "cursor": "MTA4MQ==",
                        "node": {
                            "__typename": "Game",
                            "activeDropCampaigns": [],
                            "avatarURL": "https://static-cdn.jtvnw.net/ttv-boxart/Puchiguru%20Love%20Live%21-285x380.jpg",
                            "directoryType": "GAME",
                            "displayName": "Puchiguru Love Live!",
                            "id": "505732",
                            "name": "Puchiguru Love Live!",
                            "viewersCount": 2
                        }
                    },
                    {
                        "__typename": "DirectoryEdge",
                        "cursor": "MTA4Mg==",
                        "node": {
                            "__typename": "Game",
                            "activeDropCampaigns": [],
                            "avatarURL": "https://static-cdn.jtvnw.net/ttv-boxart/Minecraft:%20Story%20Mode-285x380.jpg",
                            "directoryType": "GAME",
                            "displayName": "Minecraft: Story Mode",
                            "id": "490130",
                            "name": "Minecraft: Story Mode",
                            "viewersCount": 2
                        }
                    },
                    {
                        "__typename": "DirectoryEdge",
                        "cursor": "MTA4Mw==",
                        "node": {
                            "__typename": "Game",
                            "activeDropCampaigns": [],
                            "avatarURL": "https://static-cdn.jtvnw.net/ttv-boxart/AdventureQuest%20Worlds-285x380.jpg",
                            "directoryType": "GAME",
                            "displayName": "AdventureQuest Worlds",
                            "id": "31434",
                            "name": "AdventureQuest Worlds",
                            "viewersCount": 2
                        }
                    },
                    {
                        "__typename": "DirectoryEdge",
                        "cursor": "MTA4NA==",
                        "node": {
                            "__typename": "Game",
                            "activeDropCampaigns": [],
                            "avatarURL": "https://static-cdn.jtvnw.net/ttv-boxart/Stronghold%20Crusader%20II-285x380.jpg",
                            "directoryType": "GAME",
                            "displayName": "Stronghold Crusader II",
                            "id": "459974",
                            "name": "Stronghold Crusader II",
                            "viewersCount": 2
                        }
                    },
                    {
                        "__typename": "DirectoryEdge",
                        "cursor": "MTA4NQ==",
                        "node": {
                            "__typename": "Game",
                            "activeDropCampaigns": [],
                            "avatarURL": "https://static-cdn.jtvnw.net/ttv-boxart/Growtopia-285x380.jpg",
                            "directoryType": "GAME",
                            "displayName": "Growtopia",
                            "id": "489648",
                            "name": "Growtopia",
                            "viewersCount": 2
                        }
                    },
                    {
                        "__typename": "DirectoryEdge",
                        "cursor": "MTA4Ng==",
                        "node": {
                            "__typename": "Game",
                            "activeDropCampaigns": [],
                            "avatarURL": "https://static-cdn.jtvnw.net/ttv-boxart/Gauntlet-285x380.jpg",
                            "directoryType": "GAME",
                            "displayName": "Gauntlet",
                            "id": "7873",
                            "name": "Gauntlet",
                            "viewersCount": 2
                        }
                    },
                    {
                        "__typename": "DirectoryEdge",
                        "cursor": "MTA4Nw==",
                        "node": {
                            "__typename": "Game",
                            "activeDropCampaigns": [],
                            "avatarURL": "https://static-cdn.jtvnw.net/ttv-boxart/In%20Celebration%20of%20Violence-285x380.jpg",
                            "directoryType": "GAME",
                            "displayName": "In Celebration of Violence",
                            "id": "493889",
                            "name": "In Celebration of Violence",
                            "viewersCount": 2
                        }
                    },
                    {
                        "__typename": "DirectoryEdge",
                        "cursor": "MTA4OA==",
                        "node": {
                            "__typename": "Game",
                            "activeDropCampaigns": [],
                            "avatarURL": "https://static-cdn.jtvnw.net/ttv-boxart/Devil%20May%20Cry%204:%20Special%20Edition-285x380.jpg",
                            "directoryType": "GAME",
                            "displayName": "Devil May Cry 4: Special Edition",
                            "id": "488974",
                            "name": "Devil May Cry 4: Special Edition",
                            "viewersCount": 2
                        }
                    },
                    {
                        "__typename": "DirectoryEdge",
                        "cursor": "MTA4OQ==",
                        "node": {
                            "__typename": "Game",
                            "activeDropCampaigns": [],
                            "avatarURL": "https://static-cdn.jtvnw.net/ttv-boxart/Transformice-285x380.jpg",
                            "directoryType": "GAME",
                            "displayName": "Transformice",
                            "id": "92923",
                            "name": "Transformice",
                            "viewersCount": 2
                        }
                    },
                    {
                        "__typename": "DirectoryEdge",
                        "cursor": "MTA5MA==",
                        "node": {
                            "__typename": "Game",
                            "activeDropCampaigns": [],
                            "avatarURL": "https://static-cdn.jtvnw.net/ttv-boxart/Digimon%20Adventure-285x380.jpg",
                            "directoryType": "GAME",
                            "displayName": "Digimon Adventure",
                            "id": "67735",
                            "name": "Digimon Adventure",
                            "viewersCount": 2
                        }
                    },
                    {
                        "__typename": "DirectoryEdge",
                        "cursor": "MTA5MQ==",
                        "node": {
                            "__typename": "Game",
                            "activeDropCampaigns": [],
                            "avatarURL": "https://static-cdn.jtvnw.net/ttv-boxart/Watch%20Dogs-285x380.jpg",
                            "directoryType": "GAME",
                            "displayName": "Watch Dogs",
                            "id": "65953",
                            "name": "Watch Dogs",
                            "viewersCount": 2
                        }
                    },
                    {
                        "__typename": "DirectoryEdge",
                        "cursor": "MTA5Mg==",
                        "node": {
                            "__typename": "Game",
                            "activeDropCampaigns": [],
                            "avatarURL": "https://static-cdn.jtvnw.net/ttv-boxart/Guilty%20Gear%20Xrd%20-Revelator--285x380.jpg",
                            "directoryType": "GAME",
                            "displayName": "Guilty Gear Xrd -Revelator-",
                            "id": "490709",
                            "name": "Guilty Gear Xrd -Revelator-",
                            "viewersCount": 2
                        }
                    },
                    {
                        "__typename": "DirectoryEdge",
                        "cursor": "MTA5Mw==",
                        "node": {
                            "__typename": "Game",
                            "activeDropCampaigns": [],
                            "avatarURL": "https://static-cdn.jtvnw.net/ttv-boxart/Clone%20Drone%20in%20the%20Danger%20Zone-285x380.jpg",
                            "directoryType": "GAME",
                            "displayName": "Clone Drone in the Danger Zone",
                            "id": "493570",
                            "name": "Clone Drone in the Danger Zone",
                            "viewersCount": 2
                        }
                    },
                    {
                        "__typename": "DirectoryEdge",
                        "cursor": "MTA5NA==",
                        "node": {
                            "__typename": "Game",
                            "activeDropCampaigns": [],
                            "avatarURL": "https://static-cdn.jtvnw.net/ttv-boxart/Hellion-285x380.jpg",
                            "directoryType": "GAME",
                            "displayName": "Hellion",
                            "id": "495918",
                            "name": "Hellion",
                            "viewersCount": 2
                        }
                    },
                    {
                        "__typename": "DirectoryEdge",
                        "cursor": "MTA5NQ==",
                        "node": {
                            "__typename": "Game",
                            "activeDropCampaigns": [],
                            "avatarURL": "https://static-cdn.jtvnw.net/ttv-boxart/Toram%20Online-285x380.jpg",
                            "directoryType": "GAME",
                            "displayName": "Toram Online",
                            "id": "501632",
                            "name": "Toram Online",
                            "viewersCount": 2
                        }
                    },
                    {
                        "__typename": "DirectoryEdge",
                        "cursor": "MTA5Ng==",
                        "node": {
                            "__typename": "Game",
                            "activeDropCampaigns": [],
                            "avatarURL": "https://static-cdn.jtvnw.net/ttv-boxart/inFamous:%20Second%20Son-285x380.jpg",
                            "directoryType": "GAME",
                            "displayName": "inFamous: Second Son",
                            "id": "126292",
                            "name": "inFamous: Second Son",
                            "viewersCount": 2
                        }
                    },
                    {
                        "__typename": "DirectoryEdge",
                        "cursor": "MTA5Nw==",
                        "node": {
                            "__typename": "Game",
                            "activeDropCampaigns": [],
                            "avatarURL": "https://static-cdn.jtvnw.net/ttv-boxart/Star%20Trek%20Online-285x380.jpg",
                            "directoryType": "GAME",
                            "displayName": "Star Trek Online",
                            "id": "19858",
                            "name": "Star Trek Online",
                            "viewersCount": 2
                        }
                    },
                    {
                        "__typename": "DirectoryEdge",
                        "cursor": "MTA5OA==",
                        "node": {
                            "__typename": "Game",
                            "activeDropCampaigns": [],
                            "avatarURL": "https://static-cdn.jtvnw.net/ttv-boxart/The%20Day-285x380.jpg",
                            "directoryType": "GAME",
                            "displayName": "The Day",
                            "id": "499980",
                            "name": "The Day",
                            "viewersCount": 2
                        }
                    },
                    {
                        "__typename": "DirectoryEdge",
                        "cursor": "MTA5OQ==",
                        "node": {
                            "__typename": "Game",
                            "activeDropCampaigns": [],
                            "avatarURL": "https://static-cdn.jtvnw.net/ttv-boxart/Eternal%20Senia-285x380.jpg",
                            "directoryType": "GAME",
                            "displayName": "Eternal Senia",
                            "id": "490404",
                            "name": "Eternal Senia",
                            "viewersCount": 2
                        }
                    },
                    {
                        "__typename": "DirectoryEdge",
                        "cursor": "MTEwMA==",
                        "node": {
                            "__typename": "Game",
                            "activeDropCampaigns": [],
                            "avatarURL": "https://static-cdn.jtvnw.net/ttv-boxart/The%20Last%20Remnant-285x380.jpg",
                            "directoryType": "GAME",
                            "displayName": "The Last Remnant",
                            "id": "19260",
                            "name": "The Last Remnant",
                            "viewersCount": 2
                        }
                    },
                    {
                        "__typename": "DirectoryEdge",
                        "cursor": "MTEwMQ==",
                        "node": {
                            "__typename": "Game",
                            "activeDropCampaigns": [],
                            "avatarURL": "https://static-cdn.jtvnw.net/ttv-boxart/Pump%20It%20Up%20Prime%202-285x380.jpg",
                            "directoryType": "GAME",
                            "displayName": "Pump It Up Prime 2",
                            "id": "505330",
                            "name": "Pump It Up Prime 2",
                            "viewersCount": 2
                        }
                    },
                    {
                        "__typename": "DirectoryEdge",
                        "cursor": "MTEwMg==",
                        "node": {
                            "__typename": "Game",
                            "activeDropCampaigns": [],
                            "avatarURL": "https://static-cdn.jtvnw.net/ttv-boxart/Battletoads-285x380.jpg",
                            "directoryType": "GAME",
                            "displayName": "Battletoads",
                            "id": "19358",
                            "name": "Battletoads",
                            "viewersCount": 2
                        }
                    },
                    {
                        "__typename": "DirectoryEdge",
                        "cursor": "MTEwMw==",
                        "node": {
                            "__typename": "Game",
                            "activeDropCampaigns": [],
                            "avatarURL": "https://static-cdn.jtvnw.net/ttv-boxart/Broken%20Ground-285x380.jpg",
                            "directoryType": "GAME",
                            "displayName": "Broken Ground",
                            "id": "505545",
                            "name": "Broken Ground",
                            "viewersCount": 2
                        }
                    }
                ],
                "pageInfo": {
                    "__typename": "PageInfo",
                    "hasNextPage": true
                }
            }
        },
        "extensions": {
            "durationMilliseconds": 52,
            "operationName": "BrowsePage_AllDirectories"
        }
    }
]