[
    {
        "data": {
            "directories": {
                "__typename": "DirectoryConnection",
                "edges": [
                    {
                        "__typename": "DirectoryEdge",
                        "cursor": "MTEwMw==",
                        "node": {
                            "__typename": "Game",
                            "activeDropCampaigns": [],
                            "avatarURL": "https://static-cdn.jtvnw.net/ttv-boxart/Broken%20Ground-285x380.jpg",
                            "directoryType": "GAME",
                            "displayName": "Broken Ground",
                            "id": "505545",
                            "name": "Broken Ground",
                            "viewersCount": 2
                        }
                    },
                    {
                        "__typename": "DirectoryEdge",
                        "cursor": "MTEwNA==",
                        "node": {
                            "__typename": "Game",
                            "activeDropCampaigns": [],
                            "avatarURL": "https://static-cdn.jtvnw.net/ttv-boxart/Trine%202-285x380.jpg",
                            "directoryType": "GAME",
                            "displayName": "Trine 2",
                            "id": "28513",
                            "name": "Trine 2",
                            "viewersCount": 2
                        }
                    },
                    {
                        "__typename": "DirectoryEdge",
                        "cursor": "MTEwNQ==",
                        "node": {
                            "__typename": "Game",
                            "activeDropCampaigns": [],
                            "avatarURL": "https://static-cdn.jtvnw.net/ttv-boxart/Kingdom%20Under%20Fire%20II-285x380.jpg",
                            "directoryType": "GAME",
                            "displayName": "Kingdom Under Fire II",
                            "id": "22154",
                            "name": "Kingdom Under Fire II",
                            "viewersCount": 2
                        }
                    },
                    {
                        "__typename": "DirectoryEdge",
                        "cursor": "MTEwNg==",
                        "node": {
                            "__typename": "Game",
                            "activeDropCampaigns": [],
                            "avatarURL": "https://static-cdn.jtvnw.net/ttv-boxart/Mario%20Party%204-285x380.jpg",
                            "directoryType": "GAME",
                            "displayName": "Mario Party 4",
                            "id": "4267",
                            "name": "Mario Party 4",
                            "viewersCount": 2
                        }
                    },
                    {
                        "__typename": "DirectoryEdge",
                        "cursor": "MTEwNw==",
                        "node": {
                            "__typename": "Game",
                            "activeDropCampaigns": [],
                            "avatarURL": "https://static-cdn.jtvnw.net/ttv-boxart/LittleBigPlanet%203-285x380.jpg",
                            "directoryType": "GAME",
                            "displayName": "LittleBigPlanet 3",
                            "id": "460634",
                            "name": "LittleBigPlanet 3",
                            "viewersCount": 2
                        }
                    },
                    {
                        "__typename": "DirectoryEdge",
                        "cursor": "MTEwOA==",
                        "node": {
                            "__typename": "Game",
                            "activeDropCampaigns": [],
                            "avatarURL": "https://static-cdn.jtvnw.net/ttv-boxart/Horizon%20Source-285x380.jpg",
                            "directoryType": "GAME",
                            "displayName": "Horizon Source",
                            "id": "504976",
                            "name": "Horizon Source",
                            "viewersCount": 2
                        }
                    },
                    {
                        "__typename": "DirectoryEdge",
                        "cursor": "MTEwOQ==",
                        "node": {
                            "__typename": "Game",
                            "activeDropCampaigns": [],
                            "avatarURL": "https://static-cdn.jtvnw.net/ttv-boxart/Domina-285x380.jpg",
                            "directoryType": "GAME",
                            "displayName": "Domina",
                            "id": "494295",
                            "name": "Domina",
                            "viewersCount": 2
                        }
                    },
                    {
                        "__typename": "DirectoryEdge",
                        "cursor": "MTExMA==",
                        "node": {
                            "__typename": "Game",
                            "activeDropCampaigns": [],
                            "avatarURL": "https://static-cdn.jtvnw.net/ttv-boxart/Yakuza%20Kiwami-285x380.jpg",
                            "directoryType": "GAME",
                            "displayName": "Yakuza Kiwami",
                            "id": "490702",
                            "name": "Yakuza Kiwami",
                            "viewersCount": 2
                        }
                    },
                    {
                        "__typename": "DirectoryEdge",
                        "cursor": "MTExMQ==",
                        "node": {
                            "__typename": "Game",
                            "activeDropCampaigns": [],
                            "avatarURL": "https://static-cdn.jtvnw.net/ttv-boxart/Dark%20Messiah%20of%20Might%20&%20Magic-285x380.jpg",
                            "directoryType": "GAME",
                            "displayName": "Dark Messiah of Might & Magic",
                            "id": "13826",
                            "name": "Dark Messiah of Might & Magic",
                            "viewersCount": 1
                        }
                    },
                    {
                        "__typename": "DirectoryEdge",
                        "cursor": "MTExMg==",
                        "node": {
                            "__typename": "Game",
                            "activeDropCampaigns": [],
                            "avatarURL": "https://static-cdn.jtvnw.net/ttv-boxart/Tom%20Clancy%27s%20Rainbow%206:%20Patriots-285x380.jpg",
                            "directoryType": "GAME",
                            "displayName": "Tom Clancy's Rainbow 6: Patriots",
                            "id": "33030",
                            "name": "Tom Clancy's Rainbow 6: Patriots",
                            "viewersCount": 1
                        }
                    },
                    {
                        "__typename": "DirectoryEdge",
                        "cursor": "MTExMw==",
                        "node": {
                            "__typename": "Game",
                            "activeDropCampaigns": [],
                            "avatarURL": "https://static-cdn.jtvnw.net/ttv-boxart/Space%20Rangers%20HD:%20A%20War%20Apart-285x380.jpg",
                            "directoryType": "GAME",
                            "displayName": "Space Rangers HD: A War Apart",
                            "id": "66406",
                            "name": "Space Rangers HD: A War Apart",
                            "viewersCount": 1
                        }
                    },
                    {
                        "__typename": "DirectoryEdge",
                        "cursor": "MTExNA==",
                        "node": {
                            "__typename": "Game",
                            "activeDropCampaigns": [],
                            "avatarURL": "https://static-cdn.jtvnw.net/ttv-boxart/Yu-Gi-Oh%21%20Legacy%20of%20the%20Duelist-285x380.jpg",
                            "directoryType": "GAME",
                            "displayName": "Yu-Gi-Oh! Legacy of the Duelist",
                            "id": "489794",
                            "name": "Yu-Gi-Oh! Legacy of the Duelist",
                            "viewersCount": 1
                        }
                    },
                    {
                        "__typename": "DirectoryEdge",
                        "cursor": "MTExNQ==",
                        "node": {
                            "__typename": "Game",
                            "activeDropCampaigns": [],
                            "avatarURL": "https://static-cdn.jtvnw.net/ttv-boxart/Secret%20World%20Legends-285x380.jpg",
                            "directoryType": "GAME",
                            "displayName": "Secret World Legends",
                            "id": "497590",
                            "name": "Secret World Legends",
                            "viewersCount": 1
                        }
                    },
                    {
                        "__typename": "DirectoryEdge",
                        "cursor": "MTExNg==",
                        "node": {
                            "__typename": "Game",
                            "activeDropCampaigns": [],
                            "avatarURL": "https://static-cdn.jtvnw.net/ttv-boxart/StepMania-285x380.jpg",
                            "directoryType": "GAME",
                            "displayName": "StepMania",
                            "id": "6415",
                            "name": "StepMania",
                            "viewersCount": 1
                        }
                    },
                    {
                        "__typename": "DirectoryEdge",
                        "cursor": "MTExNw==",
                        "node": {
                            "__typename": "Game",
                            "activeDropCampaigns": [],
                            "avatarURL": "https://static-cdn.jtvnw.net/ttv-boxart/Uncanny%20Valley-285x380.jpg",
                            "directoryType": "GAME",
                            "displayName": "Uncanny Valley",
                            "id": "489554",
                            "name": "Uncanny Valley",
                            "viewersCount": 1
                        }
                    },
                    {
                        "__typename": "DirectoryEdge",
                        "cursor": "MTExOA==",
                        "node": {
                            "__typename": "Game",
                            "activeDropCampaigns": [],
                            "avatarURL": "https://static-cdn.jtvnw.net/ttv-boxart/Forced-285x380.jpg",
                            "directoryType": "GAME",
                            "displayName": "Forced",
                            "id": "134408",
                            "name": "Forced",
                            "viewersCount": 1
                        }
                    },
                    {
                        "__typename": "DirectoryEdge",
                        "cursor": "MTExOQ==",
                        "node": {
                            "__typename": "Game",
                            "activeDropCampaigns": [],
                            "avatarURL": "https://static-cdn.jtvnw.net/ttv-boxart/Shin%20Megami%20Tensei:%20Digital%20Devil%20Saga%202-285x380.jpg",
                            "directoryType": "GAME",
                            "displayName": "Shin Megami Tensei: Digital Devil Saga 2",
                            "id": "1758",
                            "name": "Shin Megami Tensei: Digital Devil Saga 2",
                            "viewersCount": 1
                        }
                    },
                    {
                        "__typename": "DirectoryEdge",
                        "cursor": "MTEyMA==",
                        "node": {
                            "__typename": "Game",
                            "activeDropCampaigns": [],
                            "avatarURL": "https://static-cdn.jtvnw.net/ttv-boxart/Atelier%20Rorona:%20Alchemist%20of%20Arland-285x380.jpg",
                            "directoryType": "GAME",
                            "displayName": "Atelier Rorona: Alchemist of Arland",
                            "id": "28265",
                            "name": "Atelier Rorona: Alchemist of Arland",
                            "viewersCount": 1
                        }
                    },
                    {
                        "__typename": "DirectoryEdge",
                        "cursor": "MTEyMQ==",
                        "node": {
                            "__typename": "Game",
                            "activeDropCampaigns": [],
                            "avatarURL": "https://static-cdn.jtvnw.net/ttv-boxart/Smashing%20the%20Battle-285x380.jpg",
                            "directoryType": "GAME",
                            "displayName": "Smashing the Battle",
                            "id": "492084",
                            "name": "Smashing the Battle",
                            "viewersCount": 1
                        }
                    },
                    {
                        "__typename": "DirectoryEdge",
                        "cursor": "MTEyMg==",
                        "node": {
                            "__typename": "Game",
                            "activeDropCampaigns": [],
                            "avatarURL": "https://static-cdn.jtvnw.net/ttv-boxart/Lineage%20II:%20Salvation-285x380.jpg",
                            "directoryType": "GAME",
                            "displayName": "Lineage II: Salvation",
                            "id": "502781",
                            "name": "Lineage II: Salvation",
                            "viewersCount": 1
                        }
                    },
                    {
                        "__typename": "DirectoryEdge",
                        "cursor": "MTEyMw==",
                        "node": {
                            "__typename": "Game",
                            "activeDropCampaigns": [],
                            "avatarURL": "https://static-cdn.jtvnw.net/ttv-boxart/Deadpool-285x380.jpg",
                            "directoryType": "GAME",
                            "displayName": "Deadpool",
                            "id": "66381",
                            "name": "Deadpool",
                            "viewersCount": 1
                        }
                    },
                    {
                        "__typename": "DirectoryEdge",
                        "cursor": "MTEyNA==",
                        "node": {
                            "__typename": "Game",
                            "activeDropCampaigns": [],
                            "avatarURL": "https://static-cdn.jtvnw.net/ttv-boxart/Resident%20Evil%20Zero%20HD-285x380.jpg",
                            "directoryType": "GAME",
                            "displayName": "Resident Evil Zero HD",
                            "id": "489721",
                            "name": "Resident Evil Zero HD",
                            "viewersCount": 1
                        }
                    },
                    {
                        "__typename": "DirectoryEdge",
                        "cursor": "MTEyNQ==",
                        "node": {
                            "__typename": "Game",
                            "activeDropCampaigns": [],
                            "avatarURL": "https://static-cdn.jtvnw.net/ttv-boxart/The%20Secret%20of%20Monkey%20Island-285x380.jpg",
                            "directoryType": "GAME",
                            "displayName": "The Secret of Monkey Island",
                            "id": "2769",
                            "name": "The Secret of Monkey Island",
                            "viewersCount": 1
                        }
                    },
                    {
                        "__typename": "DirectoryEdge",
                        "cursor": "MTEyNg==",
                        "node": {
                            "__typename": "Game",
                            "activeDropCampaigns": [],
                            "avatarURL": "https://static-cdn.jtvnw.net/ttv-boxart/Tropico%205-285x380.jpg",
                            "directoryType": "GAME",
                            "displayName": "Tropico 5",
                            "id": "313445",
                            "name": "Tropico 5",
                            "viewersCount": 1
                        }
                    },
                    {
                        "__typename": "DirectoryEdge",
                        "cursor": "MTEyNw==",
                        "node": {
                            "__typename": "Game",
                            "activeDropCampaigns": [],
                            "avatarURL": "https://static-cdn.jtvnw.net/ttv-boxart/Prison%20Architect-285x380.jpg",
                            "directoryType": "GAME",
                            "displayName": "Prison Architect",
                            "id": "32979",
                            "name": "Prison Architect",
                            "viewersCount": 1
                        }
                    },
                    {
                        "__typename": "DirectoryEdge",
                        "cursor": "MTEyOA==",
                        "node": {
                            "__typename": "Game",
                            "activeDropCampaigns": [],
                            "avatarURL": "https://static-cdn.jtvnw.net/ttv-boxart/The%20Legend%20of%20Zelda:%20Spirit%20Tracks-285x380.jpg",
                            "directoryType": "GAME",
                            "displayName": "The Legend of Zelda: Spirit Tracks",
                            "id": "23195",
                            "name": "The Legend of Zelda: Spirit Tracks",
                            "viewersCount": 1
                        }
                    },
                    {
                        "__typename": "DirectoryEdge",
                        "cursor": "MTEyOQ==",
                        "node": {
                            "__typename": "Game",
                            "activeDropCampaigns": [],
                            "avatarURL": "https://static-cdn.jtvnw.net/ttv-boxart/Ants-285x380.jpg",
                            "directoryType": "GAME",
                            "displayName": "Ants",
                            "id": "14192",
                            "name": "Ants",
                            "viewersCount": 1
                        }
                    },
                    {
                        "__typename": "DirectoryEdge",
                        "cursor": "MTEzMA==",
                        "node": {
                            "__typename": "Game",
                            "activeDropCampaigns": [],
                            "avatarURL": "https://static-cdn.jtvnw.net/ttv-boxart/Kathy%20Rain-285x380.jpg",
                            "directoryType": "GAME",
                            "displayName": "Kathy Rain",
                            "id": "490444",
                            "name": "Kathy Rain",
                            "viewersCount": 1
                        }
                    },
                    {
                        "__typename": "DirectoryEdge",
                        "cursor": "MTEzMQ==",
                        "node": {
                            "__typename": "Game",
                            "activeDropCampaigns": [],
                            "avatarURL": "https://static-cdn.jtvnw.net/ttv-boxart/World%20of%20Diving-285x380.jpg",
                            "directoryType": "GAME",
                            "displayName": "World of Diving",
                            "id": "461211",
                            "name": "World of Diving",
                            "viewersCount": 1
                        }
                    },
                    {
                        "__typename": "DirectoryEdge",
                        "cursor": "MTEzMg==",
                        "node": {
                            "__typename": "Game",
                            "activeDropCampaigns": [],
                            "avatarURL": "https://static-cdn.jtvnw.net/ttv-boxart/Bloons%20TD%20Battles-285x380.jpg",
                            "directoryType": "GAME",
                            "displayName": "Bloons TD Battles",
                            "id": "492429",
                            "name": "Bloons TD Battles",
                            "viewersCount": 1
                        }
                    }
                ],
                "pageInfo": {
                    "__typename": "PageInfo",
                    "hasNextPage": true
                }
            }
        },
        "extensions": {
            "durationMilliseconds": 86,
            "operationName": "BrowsePage_AllDirectories"
        }
    }
]