[
    {
        "data": {
            "directories": {
                "__typename": "DirectoryConnection",
                "edges": [
                    {
                        "__typename": "DirectoryEdge",
                        "cursor": "ODg=",
                        "node": {
                            "__typename": "Game",
                            "activeDropCampaigns": [],
                            "avatarURL": "https://static-cdn.jtvnw.net/ttv-boxart/SOMA-285x380.jpg",
                            "directoryType": "GAME",
                            "displayName": "SOMA",
                            "id": "458224",
                            "name": "SOMA",
                            "viewersCount": 614
                        }
                    },
                    {
                        "__typename": "DirectoryEdge",
                        "cursor": "ODk=",
                        "node": {
                            "__typename": "Game",
                            "activeDropCampaigns": [],
                            "avatarURL": "https://static-cdn.jtvnw.net/ttv-boxart/H1Z1-285x380.jpg",
                            "directoryType": "GAME",
                            "displayName": "H1Z1",
                            "id": "417892",
                            "name": "H1Z1",
                            "viewersCount": 611
                        }
                    },
                    {
                        "__typename": "DirectoryEdge",
                        "cursor": "OTA=",
                        "node": {
                            "__typename": "Game",
                            "activeDropCampaigns": [],
                            "avatarURL": "https://static-cdn.jtvnw.net/ttv-boxart/Diablo%20III:%20Reaper%20of%20Souls-285x380.jpg",
                            "directoryType": "GAME",
                            "displayName": "Diablo III: Reaper of Souls",
                            "id": "313558",
                            "name": "Diablo III: Reaper of Souls",
                            "viewersCount": 589
                        }
                    },
                    {
                        "__typename": "DirectoryEdge",
                        "cursor": "OTE=",
                        "node": {
                            "__typename": "Game",
                            "activeDropCampaigns": [],
                            "avatarURL": "https://static-cdn.jtvnw.net/ttv-boxart/DayZ-285x380.jpg",
                            "directoryType": "GAME",
                            "displayName": "DayZ",
                            "id": "65632",
                            "name": "DayZ",
                            "viewersCount": 589
                        }
                    },
                    {
                        "__typename": "DirectoryEdge",
                        "cursor": "OTI=",
                        "node": {
                            "__typename": "Game",
                            "activeDropCampaigns": [],
                            "avatarURL": "https://static-cdn.jtvnw.net/ttv-boxart/Beholder-285x380.jpg",
                            "directoryType": "GAME",
                            "displayName": "Beholder",
                            "id": "493890",
                            "name": "Beholder",
                            "viewersCount": 588
                        }
                    },
                    {
                        "__typename": "DirectoryEdge",
                        "cursor": "OTM=",
                        "node": {
                            "__typename": "Game",
                            "activeDropCampaigns": [],
                            "avatarURL": "https://static-cdn.jtvnw.net/ttv-boxart/Chess-285x380.jpg",
                            "directoryType": "GAME",
                            "displayName": "Chess",
                            "id": "743",
                            "name": "Chess",
                            "viewersCount": 584
                        }
                    },
                    {
                        "__typename": "DirectoryEdge",
                        "cursor": "OTQ=",
                        "node": {
                            "__typename": "Game",
                            "activeDropCampaigns": [],
                            "avatarURL": "https://static-cdn.jtvnw.net/ttv-boxart/Arma%203-285x380.jpg",
                            "directoryType": "GAME",
                            "displayName": "Arma 3",
                            "id": "31750",
                            "name": "Arma 3",
                            "viewersCount": 580
                        }
                    },
                    {
                        "__typename": "DirectoryEdge",
                        "cursor": "OTU=",
                        "node": {
                            "__typename": "Game",
                            "activeDropCampaigns": [],
                            "avatarURL": "https://static-cdn.jtvnw.net/ttv-boxart/The%20Legend%20of%20Zelda:%20Breath%20of%20the%20Wild-285x380.jpg",
                            "directoryType": "GAME",
                            "displayName": "The Legend of Zelda: Breath of the Wild",
                            "id": "110758",
                            "name": "The Legend of Zelda: Breath of the Wild",
                            "viewersCount": 577
                        }
                    },
                    {
                        "__typename": "DirectoryEdge",
                        "cursor": "OTY=",
                        "node": {
                            "__typename": "Game",
                            "activeDropCampaigns": [],
                            "avatarURL": "https://static-cdn.jtvnw.net/ttv-boxart/Business%20Tour-285x380.jpg",
                            "directoryType": "GAME",
                            "displayName": "Business Tour",
                            "id": "497852",
                            "name": "Business Tour",
                            "viewersCount": 574
                        }
                    },
                    {
                        "__typename": "DirectoryEdge",
                        "cursor": "OTc=",
                        "node": {
                            "__typename": "Game",
                            "activeDropCampaigns": [],
                            "avatarURL": "https://static-cdn.jtvnw.net/ttv-boxart/MapleStory-285x380.jpg",
                            "directoryType": "GAME",
                            "displayName": "MapleStory",
                            "id": "19976",
                            "name": "MapleStory",
                            "viewersCount": 571
                        }
                    },
                    {
                        "__typename": "DirectoryEdge",
                        "cursor": "OTg=",
                        "node": {
                            "__typename": "Game",
                            "activeDropCampaigns": [],
                            "avatarURL": "https://static-cdn.jtvnw.net/ttv-boxart/Point%20Blank-285x380.jpg",
                            "directoryType": "GAME",
                            "displayName": "Point Blank",
                            "id": "8510",
                            "name": "Point Blank",
                            "viewersCount": 542
                        }
                    },
                    {
                        "__typename": "DirectoryEdge",
                        "cursor": "OTk=",
                        "node": {
                            "__typename": "Game",
                            "activeDropCampaigns": [],
                            "avatarURL": "https://static-cdn.jtvnw.net/ttv-boxart/7%20Days%20to%20Die-285x380.jpg",
                            "directoryType": "GAME",
                            "displayName": "7 Days to Die",
                            "id": "271304",
                            "name": "7 Days to Die",
                            "viewersCount": 508
                        }
                    },
                    {
                        "__typename": "DirectoryEdge",
                        "cursor": "MTAw",
                        "node": {
                            "__typename": "Game",
                            "activeDropCampaigns": [],
                            "avatarURL": "https://static-cdn.jtvnw.net/ttv-boxart/Clash%20Royale-285x380.jpg",
                            "directoryType": "GAME",
                            "displayName": "Clash Royale",
                            "id": "491168",
                            "name": "Clash Royale",
                            "viewersCount": 506
                        }
                    },
                    {
                        "__typename": "DirectoryEdge",
                        "cursor": "MTAx",
                        "node": {
                            "__typename": "Game",
                            "activeDropCampaigns": [],
                            "avatarURL": "https://static-cdn.jtvnw.net/ttv-boxart/Super%20Mario%20Maker-285x380.jpg",
                            "directoryType": "GAME",
                            "displayName": "Super Mario Maker",
                            "id": "490608",
                            "name": "Super Mario Maker",
                            "viewersCount": 506
                        }
                    },
                    {
                        "__typename": "DirectoryEdge",
                        "cursor": "MTAy",
                        "node": {
                            "__typename": "Game",
                            "activeDropCampaigns": [],
                            "avatarURL": "https://static-cdn.jtvnw.net/ttv-boxart/Girls%20Frontline-285x380.jpg",
                            "directoryType": "GAME",
                            "displayName": "Girls Frontline",
                            "id": "494030",
                            "name": "Girls Frontline",
                            "viewersCount": 490
                        }
                    },
                    {
                        "__typename": "DirectoryEdge",
                        "cursor": "MTAz",
                        "node": {
                            "__typename": "Game",
                            "activeDropCampaigns": [],
                            "avatarURL": "https://static-cdn.jtvnw.net/ttv-boxart/Silent%20Hill-285x380.jpg",
                            "directoryType": "GAME",
                            "displayName": "Silent Hill",
                            "id": "3947",
                            "name": "Silent Hill",
                            "viewersCount": 468
                        }
                    },
                    {
                        "__typename": "DirectoryEdge",
                        "cursor": "MTA0",
                        "node": {
                            "__typename": "Game",
                            "activeDropCampaigns": [],
                            "avatarURL": "https://static-cdn.jtvnw.net/ttv-boxart/Divinity:%20Original%20Sin%20II-285x380.jpg",
                            "directoryType": "GAME",
                            "displayName": "Divinity: Original Sin II",
                            "id": "490644",
                            "name": "Divinity: Original Sin II",
                            "viewersCount": 463
                        }
                    },
                    {
                        "__typename": "DirectoryEdge",
                        "cursor": "MTA1",
                        "node": {
                            "__typename": "Game",
                            "activeDropCampaigns": [],
                            "avatarURL": "https://static-cdn.jtvnw.net/ttv-boxart/Risk%20of%20Rain-285x380.jpg",
                            "directoryType": "GAME",
                            "displayName": "Risk of Rain",
                            "id": "263489",
                            "name": "Risk of Rain",
                            "viewersCount": 446
                        }
                    },
                    {
                        "__typename": "DirectoryEdge",
                        "cursor": "MTA2",
                        "node": {
                            "__typename": "Game",
                            "activeDropCampaigns": [],
                            "avatarURL": "https://static-cdn.jtvnw.net/ttv-boxart/The%20Elder%20Scrolls%20Online-285x380.jpg",
                            "directoryType": "GAME",
                            "displayName": "The Elder Scrolls Online",
                            "id": "65654",
                            "name": "The Elder Scrolls Online",
                            "viewersCount": 439
                        }
                    },
                    {
                        "__typename": "DirectoryEdge",
                        "cursor": "MTA3",
                        "node": {
                            "__typename": "Game",
                            "activeDropCampaigns": [],
                            "avatarURL": "https://static-cdn.jtvnw.net/ttv-boxart/Battlerite-285x380.jpg",
                            "directoryType": "GAME",
                            "displayName": "Battlerite",
                            "id": "493277",
                            "name": "Battlerite",
                            "viewersCount": 438
                        }
                    },
                    {
                        "__typename": "DirectoryEdge",
                        "cursor": "MTA4",
                        "node": {
                            "__typename": "Game",
                            "activeDropCampaigns": [],
                            "avatarURL": "https://static-cdn.jtvnw.net/ttv-boxart/Guild%20Wars%202-285x380.jpg",
                            "directoryType": "GAME",
                            "displayName": "Guild Wars 2",
                            "id": "19357",
                            "name": "Guild Wars 2",
                            "viewersCount": 430
                        }
                    },
                    {
                        "__typename": "DirectoryEdge",
                        "cursor": "MTA5",
                        "node": {
                            "__typename": "Game",
                            "activeDropCampaigns": [],
                            "avatarURL": "https://static-cdn.jtvnw.net/ttv-boxart/Blade%20and%20Soul-285x380.jpg",
                            "directoryType": "GAME",
                            "displayName": "Blade and Soul",
                            "id": "20423",
                            "name": "Blade and Soul",
                            "viewersCount": 428
                        }
                    },
                    {
                        "__typename": "DirectoryEdge",
                        "cursor": "MTEw",
                        "node": {
                            "__typename": "Game",
                            "activeDropCampaigns": [],
                            "avatarURL": "https://static-cdn.jtvnw.net/ttv-boxart/The%20Elder%20Scrolls%20V:%20Skyrim-285x380.jpg",
                            "directoryType": "GAME",
                            "displayName": "The Elder Scrolls V: Skyrim",
                            "id": "30028",
                            "name": "The Elder Scrolls V: Skyrim",
                            "viewersCount": 420
                        }
                    },
                    {
                        "__typename": "DirectoryEdge",
                        "cursor": "MTEx",
                        "node": {
                            "__typename": "Game",
                            "activeDropCampaigns": [],
                            "avatarURL": "https://static-cdn.jtvnw.net/ttv-boxart/Battlefield%201-285x380.jpg",
                            "directoryType": "GAME",
                            "displayName": "Battlefield 1",
                            "id": "488500",
                            "name": "Battlefield 1",
                            "viewersCount": 391
                        }
                    },
                    {
                        "__typename": "DirectoryEdge",
                        "cursor": "MTEy",
                        "node": {
                            "__typename": "Game",
                            "activeDropCampaigns": [],
                            "avatarURL": "https://static-cdn.jtvnw.net/ttv-boxart/Tekken%207-285x380.jpg",
                            "directoryType": "GAME",
                            "displayName": "Tekken 7",
                            "id": "461067",
                            "name": "Tekken 7",
                            "viewersCount": 391
                        }
                    },
                    {
                        "__typename": "DirectoryEdge",
                        "cursor": "MTEz",
                        "node": {
                            "__typename": "Game",
                            "activeDropCampaigns": [],
                            "avatarURL": "https://static-cdn.jtvnw.net/ttv-boxart/Heroes%20of%20Might%20and%20Magic%20III:%20The%20Shadow%20of%20Death-285x380.jpg",
                            "directoryType": "GAME",
                            "displayName": "Heroes of Might and Magic III: The Shadow of Death",
                            "id": "2798",
                            "name": "Heroes of Might and Magic III: The Shadow of Death",
                            "viewersCount": 378
                        }
                    },
                    {
                        "__typename": "DirectoryEdge",
                        "cursor": "MTE0",
                        "node": {
                            "__typename": "Game",
                            "activeDropCampaigns": [],
                            "avatarURL": "https://static-cdn.jtvnw.net/ttv-boxart/Mount%20&%20Blade:%20Warband-285x380.jpg",
                            "directoryType": "GAME",
                            "displayName": "Mount & Blade: Warband",
                            "id": "23166",
                            "name": "Mount & Blade: Warband",
                            "viewersCount": 370
                        }
                    },
                    {
                        "__typename": "DirectoryEdge",
                        "cursor": "MTE1",
                        "node": {
                            "__typename": "Game",
                            "activeDropCampaigns": [],
                            "avatarURL": "https://static-cdn.jtvnw.net/ttv-boxart/Muffled%20Warfare-285x380.jpg",
                            "directoryType": "GAME",
                            "displayName": "Muffled Warfare",
                            "id": "505536",
                            "name": "Muffled Warfare",
                            "viewersCount": 370
                        }
                    },
                    {
                        "__typename": "DirectoryEdge",
                        "cursor": "MTE2",
                        "node": {
                            "__typename": "Game",
                            "activeDropCampaigns": [],
                            "avatarURL": "https://static-cdn.jtvnw.net/ttv-boxart/The%20Walking%20Dead:%20A%20New%20Frontier-285x380.jpg",
                            "directoryType": "GAME",
                            "displayName": "The Walking Dead: A New Frontier",
                            "id": "461246",
                            "name": "The Walking Dead: A New Frontier",
                            "viewersCount": 369
                        }
                    },
                    {
                        "__typename": "DirectoryEdge",
                        "cursor": "MTE3",
                        "node": {
                            "__typename": "Game",
                            "activeDropCampaigns": [],
                            "avatarURL": "https://static-cdn.jtvnw.net/ttv-boxart/Arena%20of%20Valor-285x380.jpg",
                            "directoryType": "GAME",
                            "displayName": "Arena of Valor",
                            "id": "498302",
                            "name": "Arena of Valor",
                            "viewersCount": 369
                        }
                    }
                ],
                "pageInfo": {
                    "__typename": "PageInfo",
                    "hasNextPage": true
                }
            }
        },
        "extensions": {
            "durationMilliseconds": 44,
            "operationName": "BrowsePage_AllDirectories"
        }
    }
]