[
    {
        "data": {
            "directories": {
                "__typename": "DirectoryConnection",
                "edges": [
                    {
                        "__typename": "DirectoryEdge",
                        "cursor": "MTEzMg==",
                        "node": {
                            "__typename": "Game",
                            "activeDropCampaigns": [],
                            "avatarURL": "https://static-cdn.jtvnw.net/ttv-boxart/Bloons%20TD%20Battles-285x380.jpg",
                            "directoryType": "GAME",
                            "displayName": "Bloons TD Battles",
                            "id": "492429",
                            "name": "Bloons TD Battles",
                            "viewersCount": 1
                        }
                    },
                    {
                        "__typename": "DirectoryEdge",
                        "cursor": "MTEzMw==",
                        "node": {
                            "__typename": "Game",
                            "activeDropCampaigns": [],
                            "avatarURL": "https://static-cdn.jtvnw.net/ttv-boxart/Worlds%20Adrift-285x380.jpg",
                            "directoryType": "GAME",
                            "displayName": "Worlds Adrift",
                            "id": "488837",
                            "name": "Worlds Adrift",
                            "viewersCount": 1
                        }
                    },
                    {
                        "__typename": "DirectoryEdge",
                        "cursor": "MTEzNA==",
                        "node": {
                            "__typename": "Game",
                            "activeDropCampaigns": [],
                            "avatarURL": "https://static-cdn.jtvnw.net/ttv-boxart/The%20Bureau:%20XCOM%20Declassified-285x380.jpg",
                            "directoryType": "GAME",
                            "displayName": "The Bureau: XCOM Declassified",
                            "id": "27761",
                            "name": "The Bureau: XCOM Declassified",
                            "viewersCount": 1
                        }
                    },
                    {
                        "__typename": "DirectoryEdge",
                        "cursor": "MTEzNQ==",
                        "node": {
                            "__typename": "Game",
                            "activeDropCampaigns": [],
                            "avatarURL": "https://static-cdn.jtvnw.net/ttv-boxart/Gamescom%202017-285x380.jpg",
                            "directoryType": "GAME",
                            "displayName": "Gamescom 2017",
                            "id": "498460",
                            "name": "Gamescom 2017",
                            "viewersCount": 1
                        }
                    },
                    {
                        "__typename": "DirectoryEdge",
                        "cursor": "MTEzNg==",
                        "node": {
                            "__typename": "Game",
                            "activeDropCampaigns": [],
                            "avatarURL": "https://static-cdn.jtvnw.net/ttv-boxart/Natural%20Selection%20II-285x380.jpg",
                            "directoryType": "GAME",
                            "displayName": "Natural Selection II",
                            "id": "22038",
                            "name": "Natural Selection II",
                            "viewersCount": 1
                        }
                    },
                    {
                        "__typename": "DirectoryEdge",
                        "cursor": "MTEzNw==",
                        "node": {
                            "__typename": "Game",
                            "activeDropCampaigns": [],
                            "avatarURL": "https://static-cdn.jtvnw.net/ttv-boxart/RPG%20Maker-285x380.jpg",
                            "directoryType": "GAME",
                            "displayName": "RPG Maker",
                            "id": "2464",
                            "name": "RPG Maker",
                            "viewersCount": 1
                        }
                    },
                    {
                        "__typename": "DirectoryEdge",
                        "cursor": "MTEzOA==",
                        "node": {
                            "__typename": "Game",
                            "activeDropCampaigns": [],
                            "avatarURL": "https://static-cdn.jtvnw.net/ttv-boxart/Beetlejuice-285x380.jpg",
                            "directoryType": "GAME",
                            "displayName": "Beetlejuice",
                            "id": "13207",
                            "name": "Beetlejuice",
                            "viewersCount": 1
                        }
                    },
                    {
                        "__typename": "DirectoryEdge",
                        "cursor": "MTEzOQ==",
                        "node": {
                            "__typename": "Game",
                            "activeDropCampaigns": [],
                            "avatarURL": "https://static-cdn.jtvnw.net/ttv-boxart/Silent%20Hill%204:%20The%20Room-285x380.jpg",
                            "directoryType": "GAME",
                            "displayName": "Silent Hill 4: The Room",
                            "id": "5804",
                            "name": "Silent Hill 4: The Room",
                            "viewersCount": 1
                        }
                    },
                    {
                        "__typename": "DirectoryEdge",
                        "cursor": "MTE0MA==",
                        "node": {
                            "__typename": "Game",
                            "activeDropCampaigns": [],
                            "avatarURL": "https://static-cdn.jtvnw.net/ttv-boxart/Aquarium-285x380.jpg",
                            "directoryType": "GAME",
                            "displayName": "Aquarium",
                            "id": "19401",
                            "name": "Aquarium",
                            "viewersCount": 1
                        }
                    },
                    {
                        "__typename": "DirectoryEdge",
                        "cursor": "MTE0MQ==",
                        "node": {
                            "__typename": "Game",
                            "activeDropCampaigns": [],
                            "avatarURL": "https://static-cdn.jtvnw.net/ttv-boxart/Factory%20Panic-285x380.jpg",
                            "directoryType": "GAME",
                            "displayName": "Factory Panic",
                            "id": "21774",
                            "name": "Factory Panic",
                            "viewersCount": 1
                        }
                    },
                    {
                        "__typename": "DirectoryEdge",
                        "cursor": "MTE0Mg==",
                        "node": {
                            "__typename": "Game",
                            "activeDropCampaigns": [],
                            "avatarURL": "https://static-cdn.jtvnw.net/ttv-boxart/testinggame-285x380.jpg",
                            "directoryType": "GAME",
                            "displayName": "testinggame",
                            "id": "476481",
                            "name": "testinggame",
                            "viewersCount": 1
                        }
                    },
                    {
                        "__typename": "DirectoryEdge",
                        "cursor": "MTE0Mw==",
                        "node": {
                            "__typename": "Game",
                            "activeDropCampaigns": [],
                            "avatarURL": "https://static-cdn.jtvnw.net/ttv-boxart/Fantasy%20Grounds-285x380.jpg",
                            "directoryType": "GAME",
                            "displayName": "Fantasy Grounds",
                            "id": "495177",
                            "name": "Fantasy Grounds",
                            "viewersCount": 1
                        }
                    },
                    {
                        "__typename": "DirectoryEdge",
                        "cursor": "MTE0NA==",
                        "node": {
                            "__typename": "Game",
                            "activeDropCampaigns": [],
                            "avatarURL": "https://static-cdn.jtvnw.net/ttv-boxart/Hob-285x380.jpg",
                            "directoryType": "GAME",
                            "displayName": "Hob",
                            "id": "492696",
                            "name": "Hob",
                            "viewersCount": 1
                        }
                    },
                    {
                        "__typename": "DirectoryEdge",
                        "cursor": "MTE0NQ==",
                        "node": {
                            "__typename": "Game",
                            "activeDropCampaigns": [],
                            "avatarURL": "https://static-cdn.jtvnw.net/ttv-boxart/Gears%20of%20War%202-285x380.jpg",
                            "directoryType": "GAME",
                            "displayName": "Gears of War 2",
                            "id": "18884",
                            "name": "Gears of War 2",
                            "viewersCount": 1
                        }
                    },
                    {
                        "__typename": "DirectoryEdge",
                        "cursor": "MTE0Ng==",
                        "node": {
                            "__typename": "Game",
                            "activeDropCampaigns": [],
                            "avatarURL": "https://static-cdn.jtvnw.net/ttv-boxart/Monster%20Super%20League-285x380.jpg",
                            "directoryType": "GAME",
                            "displayName": "Monster Super League",
                            "id": "493088",
                            "name": "Monster Super League",
                            "viewersCount": 1
                        }
                    },
                    {
                        "__typename": "DirectoryEdge",
                        "cursor": "MTE0Nw==",
                        "node": {
                            "__typename": "Game",
                            "activeDropCampaigns": [],
                            "avatarURL": "https://static-cdn.jtvnw.net/ttv-boxart/Kirby:%20Nightmare%20in%20Dream%20Land-285x380.jpg",
                            "directoryType": "GAME",
                            "displayName": "Kirby: Nightmare in Dream Land",
                            "id": "19822",
                            "name": "Kirby: Nightmare in Dream Land",
                            "viewersCount": 1
                        }
                    },
                    {
                        "__typename": "DirectoryEdge",
                        "cursor": "MTE0OA==",
                        "node": {
                            "__typename": "Game",
                            "activeDropCampaigns": [],
                            "avatarURL": "https://static-cdn.jtvnw.net/ttv-boxart/NES%20Open%20Tournament%20Golf-285x380.jpg",
                            "directoryType": "GAME",
                            "displayName": "NES Open Tournament Golf",
                            "id": "8143",
                            "name": "NES Open Tournament Golf",
                            "viewersCount": 1
                        }
                    },
                    {
                        "__typename": "DirectoryEdge",
                        "cursor": "MTE0OQ==",
                        "node": {
                            "__typename": "Game",
                            "activeDropCampaigns": [],
                            "avatarURL": "https://static-cdn.jtvnw.net/ttv-boxart/SIMCITY%20%282013%29-285x380.jpg",
                            "directoryType": "GAME",
                            "displayName": "SIMCITY (2013)",
                            "id": "129999",
                            "name": "SIMCITY (2013)",
                            "viewersCount": 1
                        }
                    },
                    {
                        "__typename": "DirectoryEdge",
                        "cursor": "MTE1MA==",
                        "node": {
                            "__typename": "Game",
                            "activeDropCampaigns": [],
                            "avatarURL": "https://static-cdn.jtvnw.net/ttv-boxart/The%20Whispered%20World-285x380.jpg",
                            "directoryType": "GAME",
                            "displayName": "The Whispered World",
                            "id": "20087",
                            "name": "The Whispered World",
                            "viewersCount": 1
                        }
                    },
                    {
                        "__typename": "DirectoryEdge",
                        "cursor": "MTE1MQ==",
                        "node": {
                            "__typename": "Game",
                            "activeDropCampaigns": [],
                            "avatarURL": "https://static-cdn.jtvnw.net/ttv-boxart/Pro%20Cycling%20Manager%202017-285x380.jpg",
                            "directoryType": "GAME",
                            "displayName": "Pro Cycling Manager 2017",
                            "id": "497373",
                            "name": "Pro Cycling Manager 2017",
                            "viewersCount": 1
                        }
                    },
                    {
                        "__typename": "DirectoryEdge",
                        "cursor": "MTE1Mg==",
                        "node": {
                            "__typename": "Game",
                            "activeDropCampaigns": [],
                            "avatarURL": "https://static-cdn.jtvnw.net/ttv-boxart/Romancing%20SaGa%203-285x380.jpg",
                            "directoryType": "GAME",
                            "displayName": "Romancing SaGa 3",
                            "id": "2425",
                            "name": "Romancing SaGa 3",
                            "viewersCount": 1
                        }
                    },
                    {
                        "__typename": "DirectoryEdge",
                        "cursor": "MTE1Mw==",
                        "node": {
                            "__typename": "Game",
                            "activeDropCampaigns": [],
                            "avatarURL": "https://static-cdn.jtvnw.net/ttv-boxart/SteamWorld%20Dig-285x380.jpg",
                            "directoryType": "GAME",
                            "displayName": "SteamWorld Dig",
                            "id": "313327",
                            "name": "SteamWorld Dig",
                            "viewersCount": 1
                        }
                    },
                    {
                        "__typename": "DirectoryEdge",
                        "cursor": "MTE1NA==",
                        "node": {
                            "__typename": "Game",
                            "activeDropCampaigns": [],
                            "avatarURL": "https://static-cdn.jtvnw.net/ttv-boxart/Sakura%20Maid-285x380.jpg",
                            "directoryType": "GAME",
                            "displayName": "Sakura Maid",
                            "id": "493556",
                            "name": "Sakura Maid",
                            "viewersCount": 1
                        }
                    },
                    {
                        "__typename": "DirectoryEdge",
                        "cursor": "MTE1NQ==",
                        "node": {
                            "__typename": "Game",
                            "activeDropCampaigns": [],
                            "avatarURL": "https://static-cdn.jtvnw.net/ttv-boxart/SD%20Gundam%20G%20Generation%20Genesis-285x380.jpg",
                            "directoryType": "GAME",
                            "displayName": "SD Gundam G Generation Genesis",
                            "id": "495072",
                            "name": "SD Gundam G Generation Genesis",
                            "viewersCount": 1
                        }
                    },
                    {
                        "__typename": "DirectoryEdge",
                        "cursor": "MTE1Ng==",
                        "node": {
                            "__typename": "Game",
                            "activeDropCampaigns": [],
                            "avatarURL": "https://static-cdn.jtvnw.net/ttv-boxart/Boom%20Beach-285x380.jpg",
                            "directoryType": "GAME",
                            "displayName": "Boom Beach",
                            "id": "459916",
                            "name": "Boom Beach",
                            "viewersCount": 1
                        }
                    },
                    {
                        "__typename": "DirectoryEdge",
                        "cursor": "MTE1Nw==",
                        "node": {
                            "__typename": "Game",
                            "activeDropCampaigns": [],
                            "avatarURL": "https://static-cdn.jtvnw.net/ttv-boxart/Shadow%20Complex-285x380.jpg",
                            "directoryType": "GAME",
                            "displayName": "Shadow Complex",
                            "id": "24126",
                            "name": "Shadow Complex",
                            "viewersCount": 1
                        }
                    },
                    {
                        "__typename": "DirectoryEdge",
                        "cursor": "MTE1OA==",
                        "node": {
                            "__typename": "Game",
                            "activeDropCampaigns": [],
                            "avatarURL": "https://static-cdn.jtvnw.net/ttv-boxart/The%20Punisher-285x380.jpg",
                            "directoryType": "GAME",
                            "displayName": "The Punisher",
                            "id": "2052",
                            "name": "The Punisher",
                            "viewersCount": 1
                        }
                    },
                    {
                        "__typename": "DirectoryEdge",
                        "cursor": "MTE1OQ==",
                        "node": {
                            "__typename": "Game",
                            "activeDropCampaigns": [],
                            "avatarURL": "https://static-cdn.jtvnw.net/ttv-boxart/Ken%20Follett%27s%20The%20Pillars%20of%20the%20Earth-285x380.jpg",
                            "directoryType": "GAME",
                            "displayName": "Ken Follett's The Pillars of the Earth",
                            "id": "498421",
                            "name": "Ken Follett's The Pillars of the Earth",
                            "viewersCount": 1
                        }
                    },
                    {
                        "__typename": "DirectoryEdge",
                        "cursor": "MTE2MA==",
                        "node": {
                            "__typename": "Game",
                            "activeDropCampaigns": [],
                            "avatarURL": "https://static-cdn.jtvnw.net/ttv-boxart/Day%20of%20Defeat:%20Source-285x380.jpg",
                            "directoryType": "GAME",
                            "displayName": "Day of Defeat: Source",
                            "id": "14780",
                            "name": "Day of Defeat: Source",
                            "viewersCount": 1
                        }
                    },
                    {
                        "__typename": "DirectoryEdge",
                        "cursor": "MTE2MQ==",
                        "node": {
                            "__typename": "Game",
                            "activeDropCampaigns": [],
                            "avatarURL": "https://static-cdn.jtvnw.net/ttv-boxart/XCOM:%20Enemy%20Unknown-285x380.jpg",
                            "directoryType": "GAME",
                            "displayName": "XCOM: Enemy Unknown",
                            "id": "33331",
                            "name": "XCOM: Enemy Unknown",
                            "viewersCount": 1
                        }
                    }
                ],
                "pageInfo": {
                    "__typename": "PageInfo",
                    "hasNextPage": true
                }
            }
        },
        "extensions": {
            "durationMilliseconds": 90,
            "operationName": "BrowsePage_AllDirectories"
        }
    }
]