[
    {
        "data": {
            "directories": {
                "__typename": "DirectoryConnection",
                "edges": [
                    {
                        "__typename": "DirectoryEdge",
                        "cursor": "MTE2MQ==",
                        "node": {
                            "__typename": "Game",
                            "activeDropCampaigns": [],
                            "avatarURL": "https://static-cdn.jtvnw.net/ttv-boxart/XCOM:%20Enemy%20Unknown-285x380.jpg",
                            "directoryType": "GAME",
                            "displayName": "XCOM: Enemy Unknown",
                            "id": "33331",
                            "name": "XCOM: Enemy Unknown",
                            "viewersCount": 1
                        }
                    },
                    {
                        "__typename": "DirectoryEdge",
                        "cursor": "MTE2Mg==",
                        "node": {
                            "__typename": "Game",
                            "activeDropCampaigns": [],
                            "avatarURL": "https://static-cdn.jtvnw.net/ttv-boxart/%C5%8Ckami-285x380.jpg",
                            "directoryType": "GAME",
                            "displayName": "\u014ckami",
                            "id": "18791",
                            "name": "\u014ckami",
                            "viewersCount": 1
                        }
                    },
                    {
                        "__typename": "DirectoryEdge",
                        "cursor": "MTE2Mw==",
                        "node": {
                            "__typename": "Game",
                            "activeDropCampaigns": [],
                            "avatarURL": "https://static-cdn.jtvnw.net/ttv-boxart/Counter-Strike:%20Source-285x380.jpg",
                            "directoryType": "GAME",
                            "displayName": "Counter-Strike: Source",
                            "id": "10407",
                            "name": "Counter-Strike: Source",
                            "viewersCount": 1
                        }
                    },
                    {
                        "__typename": "DirectoryEdge",
                        "cursor": "MTE2NA==",
                        "node": {
                            "__typename": "Game",
                            "activeDropCampaigns": [],
                            "avatarURL": "https://static-cdn.jtvnw.net/ttv-boxart/Zombi-285x380.jpg",
                            "directoryType": "GAME",
                            "displayName": "Zombi",
                            "id": "16910",
                            "name": "Zombi",
                            "viewersCount": 1
                        }
                    },
                    {
                        "__typename": "DirectoryEdge",
                        "cursor": "MTE2NQ==",
                        "node": {
                            "__typename": "Game",
                            "activeDropCampaigns": [],
                            "avatarURL": "https://static-cdn.jtvnw.net/ttv-boxart/Super%20Mario%20Kart-285x380.jpg",
                            "directoryType": "GAME",
                            "displayName": "Super Mario Kart",
                            "id": "17470",
                            "name": "Super Mario Kart",
                            "viewersCount": 1
                        }
                    },
                    {
                        "__typename": "DirectoryEdge",
                        "cursor": "MTE2Ng==",
                        "node": {
                            "__typename": "Game",
                            "activeDropCampaigns": [],
                            "avatarURL": "https://static-cdn.jtvnw.net/ttv-boxart/Metroid:%20Other%20M-285x380.jpg",
                            "directoryType": "GAME",
                            "displayName": "Metroid: Other M",
                            "id": "24240",
                            "name": "Metroid: Other M",
                            "viewersCount": 1
                        }
                    },
                    {
                        "__typename": "DirectoryEdge",
                        "cursor": "MTE2Nw==",
                        "node": {
                            "__typename": "Game",
                            "activeDropCampaigns": [],
                            "avatarURL": "https://static-cdn.jtvnw.net/ttv-boxart/Nostale-285x380.jpg",
                            "directoryType": "GAME",
                            "displayName": "Nostale",
                            "id": "369316",
                            "name": "Nostale",
                            "viewersCount": 1
                        }
                    },
                    {
                        "__typename": "DirectoryEdge",
                        "cursor": "MTE2OA==",
                        "node": {
                            "__typename": "Game",
                            "activeDropCampaigns": [],
                            "avatarURL": "https://static-cdn.jtvnw.net/ttv-boxart/Super%20Meat%20Boy-285x380.jpg",
                            "directoryType": "GAME",
                            "displayName": "Super Meat Boy",
                            "id": "22720",
                            "name": "Super Meat Boy",
                            "viewersCount": 1
                        }
                    },
                    {
                        "__typename": "DirectoryEdge",
                        "cursor": "MTE2OQ==",
                        "node": {
                            "__typename": "Game",
                            "activeDropCampaigns": [],
                            "avatarURL": "https://static-cdn.jtvnw.net/ttv-boxart/Final%20Fantasy%20Tactics-285x380.jpg",
                            "directoryType": "GAME",
                            "displayName": "Final Fantasy Tactics",
                            "id": "18181",
                            "name": "Final Fantasy Tactics",
                            "viewersCount": 1
                        }
                    },
                    {
                        "__typename": "DirectoryEdge",
                        "cursor": "MTE3MA==",
                        "node": {
                            "__typename": "Game",
                            "activeDropCampaigns": [],
                            "avatarURL": "https://static-cdn.jtvnw.net/ttv-boxart/Wasteland%202-285x380.jpg",
                            "directoryType": "GAME",
                            "displayName": "Wasteland 2",
                            "id": "33835",
                            "name": "Wasteland 2",
                            "viewersCount": 1
                        }
                    },
                    {
                        "__typename": "DirectoryEdge",
                        "cursor": "MTE3MQ==",
                        "node": {
                            "__typename": "Game",
                            "activeDropCampaigns": [],
                            "avatarURL": "https://static-cdn.jtvnw.net/ttv-boxart/Cyberdimension%20Neptunia:%204%20Goddesses%20Online-285x380.jpg",
                            "directoryType": "GAME",
                            "displayName": "Cyberdimension Neptunia: 4 Goddesses Online",
                            "id": "499676",
                            "name": "Cyberdimension Neptunia: 4 Goddesses Online",
                            "viewersCount": 1
                        }
                    },
                    {
                        "__typename": "DirectoryEdge",
                        "cursor": "MTE3Mg==",
                        "node": {
                            "__typename": "Game",
                            "activeDropCampaigns": [],
                            "avatarURL": "https://static-cdn.jtvnw.net/ttv-boxart/Monster%20Rancher%202-285x380.jpg",
                            "directoryType": "GAME",
                            "displayName": "Monster Rancher 2",
                            "id": "17500",
                            "name": "Monster Rancher 2",
                            "viewersCount": 1
                        }
                    },
                    {
                        "__typename": "DirectoryEdge",
                        "cursor": "MTE3Mw==",
                        "node": {
                            "__typename": "Game",
                            "activeDropCampaigns": [],
                            "avatarURL": "https://static-cdn.jtvnw.net/ttv-boxart/3on3%20FreeStyle-285x380.jpg",
                            "directoryType": "GAME",
                            "displayName": "3on3 FreeStyle",
                            "id": "494769",
                            "name": "3on3 FreeStyle",
                            "viewersCount": 1
                        }
                    },
                    {
                        "__typename": "DirectoryEdge",
                        "cursor": "MTE3NA==",
                        "node": {
                            "__typename": "Game",
                            "activeDropCampaigns": [],
                            "avatarURL": "https://static-cdn.jtvnw.net/ttv-boxart/Call%20of%20Duty%203-285x380.jpg",
                            "directoryType": "GAME",
                            "displayName": "Call of Duty 3",
                            "id": "6887",
                            "name": "Call of Duty 3",
                            "viewersCount": 1
                        }
                    },
                    {
                        "__typename": "DirectoryEdge",
                        "cursor": "MTE3NQ==",
                        "node": {
                            "__typename": "Game",
                            "activeDropCampaigns": [],
                            "avatarURL": "https://static-cdn.jtvnw.net/ttv-boxart/Peace,%20Death%21-285x380.jpg",
                            "directoryType": "GAME",
                            "displayName": "Peace, Death!",
                            "id": "496546",
                            "name": "Peace, Death!",
                            "viewersCount": 1
                        }
                    },
                    {
                        "__typename": "DirectoryEdge",
                        "cursor": "MTE3Ng==",
                        "node": {
                            "__typename": "Game",
                            "activeDropCampaigns": [],
                            "avatarURL": "https://static-cdn.jtvnw.net/ttv-boxart/ShootMania%20Storm-285x380.jpg",
                            "directoryType": "GAME",
                            "displayName": "ShootMania Storm",
                            "id": "28605",
                            "name": "ShootMania Storm",
                            "viewersCount": 1
                        }
                    },
                    {
                        "__typename": "DirectoryEdge",
                        "cursor": "MTE3Nw==",
                        "node": {
                            "__typename": "Game",
                            "activeDropCampaigns": [],
                            "avatarURL": "https://static-cdn.jtvnw.net/ttv-boxart/Tekken%20Tag%20Tournament%202-285x380.jpg",
                            "directoryType": "GAME",
                            "displayName": "Tekken Tag Tournament 2",
                            "id": "29448",
                            "name": "Tekken Tag Tournament 2",
                            "viewersCount": 1
                        }
                    },
                    {
                        "__typename": "DirectoryEdge",
                        "cursor": "MTE3OA==",
                        "node": {
                            "__typename": "Game",
                            "activeDropCampaigns": [],
                            "avatarURL": "https://static-cdn.jtvnw.net/ttv-boxart/Learn%20to%20Fly%203-285x380.jpg",
                            "directoryType": "GAME",
                            "displayName": "Learn to Fly 3",
                            "id": "497023",
                            "name": "Learn to Fly 3",
                            "viewersCount": 1
                        }
                    },
                    {
                        "__typename": "DirectoryEdge",
                        "cursor": "MTE3OQ==",
                        "node": {
                            "__typename": "Game",
                            "activeDropCampaigns": [],
                            "avatarURL": "https://static-cdn.jtvnw.net/ttv-boxart/pop%27n%20music-285x380.jpg",
                            "directoryType": "GAME",
                            "displayName": "pop'n music",
                            "id": "19722",
                            "name": "pop'n music",
                            "viewersCount": 1
                        }
                    },
                    {
                        "__typename": "DirectoryEdge",
                        "cursor": "MTE4MA==",
                        "node": {
                            "__typename": "Game",
                            "activeDropCampaigns": [],
                            "avatarURL": "https://static-cdn.jtvnw.net/ttv-boxart/Night%20in%20the%20Woods-285x380.jpg",
                            "directoryType": "GAME",
                            "displayName": "Night in the Woods",
                            "id": "459104",
                            "name": "Night in the Woods",
                            "viewersCount": 1
                        }
                    },
                    {
                        "__typename": "DirectoryEdge",
                        "cursor": "MTE4MQ==",
                        "node": {
                            "__typename": "Game",
                            "activeDropCampaigns": [],
                            "avatarURL": "https://static-cdn.jtvnw.net/ttv-boxart/Kingdom%20Hearts:%20Birth%20by%20Sleep-285x380.jpg",
                            "directoryType": "GAME",
                            "displayName": "Kingdom Hearts: Birth by Sleep",
                            "id": "19536",
                            "name": "Kingdom Hearts: Birth by Sleep",
                            "viewersCount": 1
                        }
                    },
                    {
                        "__typename": "DirectoryEdge",
                        "cursor": "MTE4Mg==",
                        "node": {
                            "__typename": "Game",
                            "activeDropCampaigns": [],
                            "avatarURL": "https://static-cdn.jtvnw.net/ttv-boxart/TwitchCon%202017-285x380.jpg",
                            "directoryType": "GAME",
                            "displayName": "TwitchCon 2017",
                            "id": "497185",
                            "name": "TwitchCon 2017",
                            "viewersCount": 1
                        }
                    },
                    {
                        "__typename": "DirectoryEdge",
                        "cursor": "MTE4Mw==",
                        "node": {
                            "__typename": "Game",
                            "activeDropCampaigns": [],
                            "avatarURL": "https://static-cdn.jtvnw.net/ttv-boxart/Fable%20Anniversary-285x380.jpg",
                            "directoryType": "GAME",
                            "displayName": "Fable Anniversary",
                            "id": "369509",
                            "name": "Fable Anniversary",
                            "viewersCount": 1
                        }
                    },
                    {
                        "__typename": "DirectoryEdge",
                        "cursor": "MTE4NA==",
                        "node": {
                            "__typename": "Game",
                            "activeDropCampaigns": [],
                            "avatarURL": "https://static-cdn.jtvnw.net/ttv-boxart/Sniper:%20Ghost%20Warrior%203-285x380.jpg",
                            "directoryType": "GAME",
                            "displayName": "Sniper: Ghost Warrior 3",
                            "id": "491507",
                            "name": "Sniper: Ghost Warrior 3",
                            "viewersCount": 1
                        }
                    },
                    {
                        "__typename": "DirectoryEdge",
                        "cursor": "MTE4NQ==",
                        "node": {
                            "__typename": "Game",
                            "activeDropCampaigns": [],
                            "avatarURL": "https://static-cdn.jtvnw.net/ttv-boxart/Underrail-285x380.jpg",
                            "directoryType": "GAME",
                            "displayName": "Underrail",
                            "id": "133414",
                            "name": "Underrail",
                            "viewersCount": 1
                        }
                    },
                    {
                        "__typename": "DirectoryEdge",
                        "cursor": "MTE4Ng==",
                        "node": {
                            "__typename": "Game",
                            "activeDropCampaigns": [],
                            "avatarURL": "https://static-cdn.jtvnw.net/ttv-boxart/Harry%20Potter:%20Hogwarts%20Mystery-285x380.jpg",
                            "directoryType": "GAME",
                            "displayName": "Harry Potter: Hogwarts Mystery",
                            "id": "503176",
                            "name": "Harry Potter: Hogwarts Mystery",
                            "viewersCount": 1
                        }
                    },
                    {
                        "__typename": "DirectoryEdge",
                        "cursor": "MTE4Nw==",
                        "node": {
                            "__typename": "Game",
                            "activeDropCampaigns": [],
                            "avatarURL": "https://static-cdn.jtvnw.net/ttv-boxart/Chill-285x380.jpg",
                            "directoryType": "GAME",
                            "displayName": "Chill",
                            "id": "28838",
                            "name": "Chill",
                            "viewersCount": 1
                        }
                    },
                    {
                        "__typename": "DirectoryEdge",
                        "cursor": "MTE4OA==",
                        "node": {
                            "__typename": "Game",
                            "activeDropCampaigns": [],
                            "avatarURL": "https://static-cdn.jtvnw.net/ttv-boxart/Phantom%20of%20the%20Kill-285x380.jpg",
                            "directoryType": "GAME",
                            "displayName": "Phantom of the Kill",
                            "id": "492796",
                            "name": "Phantom of the Kill",
                            "viewersCount": 1
                        }
                    },
                    {
                        "__typename": "DirectoryEdge",
                        "cursor": "MTE4OQ==",
                        "node": {
                            "__typename": "Game",
                            "activeDropCampaigns": [],
                            "avatarURL": "https://static-cdn.jtvnw.net/ttv-boxart/Dream%20Daddy:%20A%20Dad%20Dating%20Simulator-285x380.jpg",
                            "directoryType": "GAME",
                            "displayName": "Dream Daddy: A Dad Dating Simulator",
                            "id": "497581",
                            "name": "Dream Daddy: A Dad Dating Simulator",
                            "viewersCount": 1
                        }
                    },
                    {
                        "__typename": "DirectoryEdge",
                        "cursor": "MTE5MA==",
                        "node": {
                            "__typename": "Game",
                            "activeDropCampaigns": [],
                            "avatarURL": "https://static-cdn.jtvnw.net/ttv-boxart/Mount%20&%20Blade%20Warband:%20Viking%20Conquest-285x380.jpg",
                            "directoryType": "GAME",
                            "displayName": "Mount & Blade Warband: Viking Conquest",
                            "id": "488471",
                            "name": "Mount & Blade Warband: Viking Conquest",
                            "viewersCount": 1
                        }
                    }
                ],
                "pageInfo": {
                    "__typename": "PageInfo",
                    "hasNextPage": true
                }
            }
        },
        "extensions": {
            "durationMilliseconds": 75,
            "operationName": "BrowsePage_AllDirectories"
        }
    }
]