[
    {
        "data": {
            "directories": {
                "__typename": "DirectoryConnection",
                "edges": [
                    {
                        "__typename": "DirectoryEdge",
                        "cursor": "MTE5MA==",
                        "node": {
                            "__typename": "Game",
                            "activeDropCampaigns": [],
                            "avatarURL": "https://static-cdn.jtvnw.net/ttv-boxart/Mount%20&%20Blade%20Warband:%20Viking%20Conquest-285x380.jpg",
                            "directoryType": "GAME",
                            "displayName": "Mount & Blade Warband: Viking Conquest",
                            "id": "488471",
                            "name": "Mount & Blade Warband: Viking Conquest",
                            "viewersCount": 1
                        }
                    },
                    {
                        "__typename": "DirectoryEdge",
                        "cursor": "MTE5MQ==",
                        "node": {
                            "__typename": "Game",
                            "activeDropCampaigns": [],
                            "avatarURL": "https://static-cdn.jtvnw.net/ttv-boxart/Tricolour%20Lovestory-285x380.jpg",
                            "directoryType": "GAME",
                            "displayName": "Tricolour Lovestory",
                            "id": "499050",
                            "name": "Tricolour Lovestory",
                            "viewersCount": 1
                        }
                    },
                    {
                        "__typename": "DirectoryEdge",
                        "cursor": "MTE5Mg==",
                        "node": {
                            "__typename": "Game",
                            "activeDropCampaigns": [],
                            "avatarURL": "https://static-cdn.jtvnw.net/ttv-boxart/MapleStory%20M-285x380.jpg",
                            "directoryType": "GAME",
                            "displayName": "MapleStory M",
                            "id": "503829",
                            "name": "MapleStory M",
                            "viewersCount": 1
                        }
                    },
                    {
                        "__typename": "DirectoryEdge",
                        "cursor": "MTE5Mw==",
                        "node": {
                            "__typename": "Game",
                            "activeDropCampaigns": [],
                            "avatarURL": "https://static-cdn.jtvnw.net/ttv-boxart/Far%20Cry%204-285x380.jpg",
                            "directoryType": "GAME",
                            "displayName": "Far Cry 4",
                            "id": "460384",
                            "name": "Far Cry 4",
                            "viewersCount": 1
                        }
                    },
                    {
                        "__typename": "DirectoryEdge",
                        "cursor": "MTE5NA==",
                        "node": {
                            "__typename": "Game",
                            "activeDropCampaigns": [],
                            "avatarURL": "https://static-cdn.jtvnw.net/ttv-boxart/Shantae:%20Risky%27s%20Revenge-285x380.jpg",
                            "directoryType": "GAME",
                            "displayName": "Shantae: Risky's Revenge",
                            "id": "25377",
                            "name": "Shantae: Risky's Revenge",
                            "viewersCount": 1
                        }
                    },
                    {
                        "__typename": "DirectoryEdge",
                        "cursor": "MTE5NQ==",
                        "node": {
                            "__typename": "Game",
                            "activeDropCampaigns": [],
                            "avatarURL": "https://static-cdn.jtvnw.net/ttv-boxart/Paper%20Mario-285x380.jpg",
                            "directoryType": "GAME",
                            "displayName": "Paper Mario",
                            "id": "18231",
                            "name": "Paper Mario",
                            "viewersCount": 1
                        }
                    },
                    {
                        "__typename": "DirectoryEdge",
                        "cursor": "MTE5Ng==",
                        "node": {
                            "__typename": "Game",
                            "activeDropCampaigns": [],
                            "avatarURL": "https://static-cdn.jtvnw.net/ttv-boxart/Batman-285x380.jpg",
                            "directoryType": "GAME",
                            "displayName": "Batman",
                            "id": "15452",
                            "name": "Batman",
                            "viewersCount": 1
                        }
                    },
                    {
                        "__typename": "DirectoryEdge",
                        "cursor": "MTE5Nw==",
                        "node": {
                            "__typename": "Game",
                            "activeDropCampaigns": [],
                            "avatarURL": "https://static-cdn.jtvnw.net/ttv-boxart/Agar.io-285x380.jpg",
                            "directoryType": "GAME",
                            "displayName": "Agar.io",
                            "id": "489594",
                            "name": "Agar.io",
                            "viewersCount": 1
                        }
                    },
                    {
                        "__typename": "DirectoryEdge",
                        "cursor": "MTE5OA==",
                        "node": {
                            "__typename": "Game",
                            "activeDropCampaigns": [],
                            "avatarURL": "https://static-cdn.jtvnw.net/ttv-boxart/Hand%20Simulator-285x380.jpg",
                            "directoryType": "GAME",
                            "displayName": "Hand Simulator",
                            "id": "500196",
                            "name": "Hand Simulator",
                            "viewersCount": 1
                        }
                    },
                    {
                        "__typename": "DirectoryEdge",
                        "cursor": "MTE5OQ==",
                        "node": {
                            "__typename": "Game",
                            "activeDropCampaigns": [],
                            "avatarURL": "https://static-cdn.jtvnw.net/ttv-boxart/Feed%20&%20Grow%20Fish-285x380.jpg",
                            "directoryType": "GAME",
                            "displayName": "Feed & Grow Fish",
                            "id": "492240",
                            "name": "Feed & Grow Fish",
                            "viewersCount": 1
                        }
                    },
                    {
                        "__typename": "DirectoryEdge",
                        "cursor": "MTIwMA==",
                        "node": {
                            "__typename": "Game",
                            "activeDropCampaigns": [],
                            "avatarURL": "https://static-cdn.jtvnw.net/ttv-boxart/Lucius-285x380.jpg",
                            "directoryType": "GAME",
                            "displayName": "Lucius",
                            "id": "32010",
                            "name": "Lucius",
                            "viewersCount": 1
                        }
                    },
                    {
                        "__typename": "DirectoryEdge",
                        "cursor": "MTIwMQ==",
                        "node": {
                            "__typename": "Game",
                            "activeDropCampaigns": [],
                            "avatarURL": "https://static-cdn.jtvnw.net/ttv-boxart/Ultra%20Street%20Fighter%20IV-285x380.jpg",
                            "directoryType": "GAME",
                            "displayName": "Ultra Street Fighter IV",
                            "id": "313164",
                            "name": "Ultra Street Fighter IV",
                            "viewersCount": 1
                        }
                    },
                    {
                        "__typename": "DirectoryEdge",
                        "cursor": "MTIwMg==",
                        "node": {
                            "__typename": "Game",
                            "activeDropCampaigns": [],
                            "avatarURL": "https://static-cdn.jtvnw.net/ttv-boxart/Sword%20Art%20Online:%20Hollow%20Realization-285x380.jpg",
                            "directoryType": "GAME",
                            "displayName": "Sword Art Online: Hollow Realization",
                            "id": "493565",
                            "name": "Sword Art Online: Hollow Realization",
                            "viewersCount": 1
                        }
                    },
                    {
                        "__typename": "DirectoryEdge",
                        "cursor": "MTIwMw==",
                        "node": {
                            "__typename": "Game",
                            "activeDropCampaigns": [],
                            "avatarURL": "https://static-cdn.jtvnw.net/ttv-boxart/Crazy%20Machines%203-285x380.jpg",
                            "directoryType": "GAME",
                            "displayName": "Crazy Machines 3",
                            "id": "491904",
                            "name": "Crazy Machines 3",
                            "viewersCount": 1
                        }
                    },
                    {
                        "__typename": "DirectoryEdge",
                        "cursor": "MTIwNA==",
                        "node": {
                            "__typename": "Game",
                            "activeDropCampaigns": [],
                            "avatarURL": "https://static-cdn.jtvnw.net/ttv-boxart/Kirby%27s%20Adventure-285x380.jpg",
                            "directoryType": "GAME",
                            "displayName": "Kirby's Adventure",
                            "id": "14573",
                            "name": "Kirby's Adventure",
                            "viewersCount": 1
                        }
                    },
                    {
                        "__typename": "DirectoryEdge",
                        "cursor": "MTIwNQ==",
                        "node": {
                            "__typename": "Game",
                            "activeDropCampaigns": [],
                            "avatarURL": "https://static-cdn.jtvnw.net/ttv-boxart/God%20Hand-285x380.jpg",
                            "directoryType": "GAME",
                            "displayName": "God Hand",
                            "id": "5396",
                            "name": "God Hand",
                            "viewersCount": 1
                        }
                    },
                    {
                        "__typename": "DirectoryEdge",
                        "cursor": "MTIwNg==",
                        "node": {
                            "__typename": "Game",
                            "activeDropCampaigns": [],
                            "avatarURL": "https://static-cdn.jtvnw.net/ttv-boxart/Gunbound-285x380.jpg",
                            "directoryType": "GAME",
                            "displayName": "Gunbound",
                            "id": "14395",
                            "name": "Gunbound",
                            "viewersCount": 1
                        }
                    },
                    {
                        "__typename": "DirectoryEdge",
                        "cursor": "MTIwNw==",
                        "node": {
                            "__typename": "Game",
                            "activeDropCampaigns": [],
                            "avatarURL": "https://static-cdn.jtvnw.net/ttv-boxart/Pok%C3%A9mon%20Emerald-285x380.jpg",
                            "directoryType": "GAME",
                            "displayName": "Pok\u00e9mon Emerald",
                            "id": "10609",
                            "name": "Pok\u00e9mon Emerald",
                            "viewersCount": 1
                        }
                    },
                    {
                        "__typename": "DirectoryEdge",
                        "cursor": "MTIwOA==",
                        "node": {
                            "__typename": "Game",
                            "activeDropCampaigns": [],
                            "avatarURL": "https://static-cdn.jtvnw.net/ttv-boxart/Quantum%20Break-285x380.jpg",
                            "directoryType": "GAME",
                            "displayName": "Quantum Break",
                            "id": "369365",
                            "name": "Quantum Break",
                            "viewersCount": 1
                        }
                    },
                    {
                        "__typename": "DirectoryEdge",
                        "cursor": "MTIwOQ==",
                        "node": {
                            "__typename": "Game",
                            "activeDropCampaigns": [],
                            "avatarURL": "https://static-cdn.jtvnw.net/ttv-boxart/The%20Walking%20Dead:%20Survival%20Instinct-285x380.jpg",
                            "directoryType": "GAME",
                            "displayName": "The Walking Dead: Survival Instinct",
                            "id": "66277",
                            "name": "The Walking Dead: Survival Instinct",
                            "viewersCount": 1
                        }
                    },
                    {
                        "__typename": "DirectoryEdge",
                        "cursor": "MTIxMA==",
                        "node": {
                            "__typename": "Game",
                            "activeDropCampaigns": [],
                            "avatarURL": "https://static-cdn.jtvnw.net/ttv-boxart/BeamNG.Drive-285x380.jpg",
                            "directoryType": "GAME",
                            "displayName": "BeamNG.Drive",
                            "id": "491878",
                            "name": "BeamNG.Drive",
                            "viewersCount": 1
                        }
                    },
                    {
                        "__typename": "DirectoryEdge",
                        "cursor": "MTIxMQ==",
                        "node": {
                            "__typename": "Game",
                            "activeDropCampaigns": [],
                            "avatarURL": "https://static-cdn.jtvnw.net/ttv-boxart/Dragon%27s%20Dogma%20Online-285x380.jpg",
                            "directoryType": "GAME",
                            "displayName": "Dragon's Dogma Online",
                            "id": "490063",
                            "name": "Dragon's Dogma Online",
                            "viewersCount": 1
                        }
                    },
                    {
                        "__typename": "DirectoryEdge",
                        "cursor": "MTIxMg==",
                        "node": {
                            "__typename": "Game",
                            "activeDropCampaigns": [],
                            "avatarURL": "https://static-cdn.jtvnw.net/ttv-boxart/Dusk-285x380.jpg",
                            "directoryType": "GAME",
                            "displayName": "Dusk",
                            "id": "493813",
                            "name": "Dusk",
                            "viewersCount": 1
                        }
                    },
                    {
                        "__typename": "DirectoryEdge",
                        "cursor": "MTIxMw==",
                        "node": {
                            "__typename": "Game",
                            "activeDropCampaigns": [],
                            "avatarURL": "https://static-cdn.jtvnw.net/ttv-boxart/Melody%27s%20Escape-285x380.jpg",
                            "directoryType": "GAME",
                            "displayName": "Melody's Escape",
                            "id": "370401",
                            "name": "Melody's Escape",
                            "viewersCount": 1
                        }
                    },
                    {
                        "__typename": "DirectoryEdge",
                        "cursor": "MTIxNA==",
                        "node": {
                            "__typename": "Game",
                            "activeDropCampaigns": [],
                            "avatarURL": "https://static-cdn.jtvnw.net/ttv-boxart/Tecmo%20Super%20Bowl-285x380.jpg",
                            "directoryType": "GAME",
                            "displayName": "Tecmo Super Bowl",
                            "id": "7166",
                            "name": "Tecmo Super Bowl",
                            "viewersCount": 1
                        }
                    },
                    {
                        "__typename": "DirectoryEdge",
                        "cursor": "MTIxNQ==",
                        "node": {
                            "__typename": "Game",
                            "activeDropCampaigns": [],
                            "avatarURL": "https://static-cdn.jtvnw.net/ttv-boxart/World%20of%20Tanks%20Console-285x380.jpg",
                            "directoryType": "GAME",
                            "displayName": "World of Tanks Console",
                            "id": "499551",
                            "name": "World of Tanks Console",
                            "viewersCount": 1
                        }
                    },
                    {
                        "__typename": "DirectoryEdge",
                        "cursor": "MTIxNg==",
                        "node": {
                            "__typename": "Game",
                            "activeDropCampaigns": [],
                            "avatarURL": "https://static-cdn.jtvnw.net/ttv-boxart/Brave%20Fencer%20Musashi-285x380.jpg",
                            "directoryType": "GAME",
                            "displayName": "Brave Fencer Musashi",
                            "id": "8042",
                            "name": "Brave Fencer Musashi",
                            "viewersCount": 1
                        }
                    },
                    {
                        "__typename": "DirectoryEdge",
                        "cursor": "MTIxNw==",
                        "node": {
                            "__typename": "Game",
                            "activeDropCampaigns": [],
                            "avatarURL": "https://static-cdn.jtvnw.net/ttv-boxart/beatmaniaIIDX%20substream-285x380.jpg",
                            "directoryType": "GAME",
                            "displayName": "beatmaniaIIDX substream",
                            "id": "22211",
                            "name": "beatmaniaIIDX substream",
                            "viewersCount": 1
                        }
                    },
                    {
                        "__typename": "DirectoryEdge",
                        "cursor": "MTIxOA==",
                        "node": {
                            "__typename": "Game",
                            "activeDropCampaigns": [],
                            "avatarURL": "https://static-cdn.jtvnw.net/ttv-boxart/Syberia%20III-285x380.jpg",
                            "directoryType": "GAME",
                            "displayName": "Syberia III",
                            "id": "26274",
                            "name": "Syberia III",
                            "viewersCount": 1
                        }
                    },
                    {
                        "__typename": "DirectoryEdge",
                        "cursor": "MTIxOQ==",
                        "node": {
                            "__typename": "Game",
                            "activeDropCampaigns": [],
                            "avatarURL": "https://static-cdn.jtvnw.net/ttv-boxart/NHL%202004-285x380.jpg",
                            "directoryType": "GAME",
                            "displayName": "NHL 2004",
                            "id": "1673",
                            "name": "NHL 2004",
                            "viewersCount": 1
                        }
                    }
                ],
                "pageInfo": {
                    "__typename": "PageInfo",
                    "hasNextPage": true
                }
            }
        },
        "extensions": {
            "durationMilliseconds": 49,
            "operationName": "BrowsePage_AllDirectories"
        }
    }
]