[
    {
        "data": {
            "directories": {
                "__typename": "DirectoryConnection",
                "edges": [
                    {
                        "__typename": "DirectoryEdge",
                        "cursor": "MTIxOQ==",
                        "node": {
                            "__typename": "Game",
                            "activeDropCampaigns": [],
                            "avatarURL": "https://static-cdn.jtvnw.net/ttv-boxart/NHL%202004-285x380.jpg",
                            "directoryType": "GAME",
                            "displayName": "NHL 2004",
                            "id": "1673",
                            "name": "NHL 2004",
                            "viewersCount": 1
                        }
                    },
                    {
                        "__typename": "DirectoryEdge",
                        "cursor": "MTIyMA==",
                        "node": {
                            "__typename": "Game",
                            "activeDropCampaigns": [],
                            "avatarURL": "https://static-cdn.jtvnw.net/ttv-boxart/Final%20Fantasy:%20Record%20Keeper-285x380.jpg",
                            "directoryType": "GAME",
                            "displayName": "Final Fantasy: Record Keeper",
                            "id": "461096",
                            "name": "Final Fantasy: Record Keeper",
                            "viewersCount": 1
                        }
                    },
                    {
                        "__typename": "DirectoryEdge",
                        "cursor": "MTIyMQ==",
                        "node": {
                            "__typename": "Game",
                            "activeDropCampaigns": [],
                            "avatarURL": "https://static-cdn.jtvnw.net/ttv-boxart/Lineage:%20The%20Blood%20Pledge-285x380.jpg",
                            "directoryType": "GAME",
                            "displayName": "Lineage: The Blood Pledge",
                            "id": "14678",
                            "name": "Lineage: The Blood Pledge",
                            "viewersCount": 1
                        }
                    },
                    {
                        "__typename": "DirectoryEdge",
                        "cursor": "MTIyMg==",
                        "node": {
                            "__typename": "Game",
                            "activeDropCampaigns": [],
                            "avatarURL": "https://static-cdn.jtvnw.net/ttv-boxart/Anno%201602:%20Creation%20of%20a%20New%20World-285x380.jpg",
                            "directoryType": "GAME",
                            "displayName": "Anno 1602: Creation of a New World",
                            "id": "15509",
                            "name": "Anno 1602: Creation of a New World",
                            "viewersCount": 1
                        }
                    },
                    {
                        "__typename": "DirectoryEdge",
                        "cursor": "MTIyMw==",
                        "node": {
                            "__typename": "Game",
                            "activeDropCampaigns": [],
                            "avatarURL": "https://static-cdn.jtvnw.net/ttv-boxart/PlayStation%20VR%20Worlds-285x380.jpg",
                            "directoryType": "GAME",
                            "displayName": "PlayStation VR Worlds",
                            "id": "491846",
                            "name": "PlayStation VR Worlds",
                            "viewersCount": 1
                        }
                    },
                    {
                        "__typename": "DirectoryEdge",
                        "cursor": "MTIyNA==",
                        "node": {
                            "__typename": "Game",
                            "activeDropCampaigns": [],
                            "avatarURL": "https://static-cdn.jtvnw.net/ttv-boxart/Star%20Wars:%20Knights%20of%20the%20Old%20Republic-285x380.jpg",
                            "directoryType": "GAME",
                            "displayName": "Star Wars: Knights of the Old Republic",
                            "id": "17179",
                            "name": "Star Wars: Knights of the Old Republic",
                            "viewersCount": 1
                        }
                    },
                    {
                        "__typename": "DirectoryEdge",
                        "cursor": "MTIyNQ==",
                        "node": {
                            "__typename": "Game",
                            "activeDropCampaigns": [],
                            "avatarURL": "https://static-cdn.jtvnw.net/ttv-boxart/The%20Orange%20Box-285x380.jpg",
                            "directoryType": "GAME",
                            "displayName": "The Orange Box",
                            "id": "16271",
                            "name": "The Orange Box",
                            "viewersCount": 1
                        }
                    },
                    {
                        "__typename": "DirectoryEdge",
                        "cursor": "MTIyNg==",
                        "node": {
                            "__typename": "Game",
                            "activeDropCampaigns": [],
                            "avatarURL": "https://static-cdn.jtvnw.net/ttv-boxart/Spyro%202:%20Ripto%27s%20Rage-285x380.jpg",
                            "directoryType": "GAME",
                            "displayName": "Spyro 2: Ripto's Rage",
                            "id": "1434",
                            "name": "Spyro 2: Ripto's Rage",
                            "viewersCount": 1
                        }
                    },
                    {
                        "__typename": "DirectoryEdge",
                        "cursor": "MTIyNw==",
                        "node": {
                            "__typename": "Game",
                            "activeDropCampaigns": [],
                            "avatarURL": "https://static-cdn.jtvnw.net/ttv-boxart/Fairy%20Fencer%20F:%20Advent%20Dark%20Force-285x380.jpg",
                            "directoryType": "GAME",
                            "displayName": "Fairy Fencer F: Advent Dark Force",
                            "id": "476438",
                            "name": "Fairy Fencer F: Advent Dark Force",
                            "viewersCount": 1
                        }
                    },
                    {
                        "__typename": "DirectoryEdge",
                        "cursor": "MTIyOA==",
                        "node": {
                            "__typename": "Game",
                            "activeDropCampaigns": [],
                            "avatarURL": "https://static-cdn.jtvnw.net/ttv-boxart/Satellite%20Reign-285x380.jpg",
                            "directoryType": "GAME",
                            "displayName": "Satellite Reign",
                            "id": "313122",
                            "name": "Satellite Reign",
                            "viewersCount": 1
                        }
                    },
                    {
                        "__typename": "DirectoryEdge",
                        "cursor": "MTIyOQ==",
                        "node": {
                            "__typename": "Game",
                            "activeDropCampaigns": [],
                            "avatarURL": "https://static-cdn.jtvnw.net/ttv-boxart/Sid%20Meier%27s%20Civilization%20III-285x380.jpg",
                            "directoryType": "GAME",
                            "displayName": "Sid Meier's Civilization III",
                            "id": "1455",
                            "name": "Sid Meier's Civilization III",
                            "viewersCount": 1
                        }
                    },
                    {
                        "__typename": "DirectoryEdge",
                        "cursor": "MTIzMA==",
                        "node": {
                            "__typename": "Game",
                            "activeDropCampaigns": [],
                            "avatarURL": "https://static-cdn.jtvnw.net/ttv-boxart/Players%20Unknown%20Battle%20Grand-285x380.jpg",
                            "directoryType": "GAME",
                            "displayName": "Players Unknown Battle Grand",
                            "id": "499871",
                            "name": "Players Unknown Battle Grand",
                            "viewersCount": 1
                        }
                    },
                    {
                        "__typename": "DirectoryEdge",
                        "cursor": "MTIzMQ==",
                        "node": {
                            "__typename": "Game",
                            "activeDropCampaigns": [],
                            "avatarURL": "https://static-cdn.jtvnw.net/ttv-boxart/Dead%20Space%203-285x380.jpg",
                            "directoryType": "GAME",
                            "displayName": "Dead Space 3",
                            "id": "65706",
                            "name": "Dead Space 3",
                            "viewersCount": 1
                        }
                    },
                    {
                        "__typename": "DirectoryEdge",
                        "cursor": "MTIzMg==",
                        "node": {
                            "__typename": "Game",
                            "activeDropCampaigns": [],
                            "avatarURL": "https://static-cdn.jtvnw.net/ttv-boxart/Prominence%20Poker-285x380.jpg",
                            "directoryType": "GAME",
                            "displayName": "Prominence Poker",
                            "id": "492287",
                            "name": "Prominence Poker",
                            "viewersCount": 1
                        }
                    },
                    {
                        "__typename": "DirectoryEdge",
                        "cursor": "MTIzMw==",
                        "node": {
                            "__typename": "Game",
                            "activeDropCampaigns": [],
                            "avatarURL": "https://static-cdn.jtvnw.net/ttv-boxart/BioShock:%20The%20Collection-285x380.jpg",
                            "directoryType": "GAME",
                            "displayName": "BioShock: The Collection",
                            "id": "493135",
                            "name": "BioShock: The Collection",
                            "viewersCount": 1
                        }
                    },
                    {
                        "__typename": "DirectoryEdge",
                        "cursor": "MTIzNA==",
                        "node": {
                            "__typename": "Game",
                            "activeDropCampaigns": [],
                            "avatarURL": "https://static-cdn.jtvnw.net/ttv-boxart/Age%20of%20Wushu-285x380.jpg",
                            "directoryType": "GAME",
                            "displayName": "Age of Wushu",
                            "id": "102245",
                            "name": "Age of Wushu",
                            "viewersCount": 1
                        }
                    },
                    {
                        "__typename": "DirectoryEdge",
                        "cursor": "MTIzNQ==",
                        "node": {
                            "__typename": "Game",
                            "activeDropCampaigns": [],
                            "avatarURL": "https://static-cdn.jtvnw.net/ttv-boxart/Bridge%20Constructor%20Portal-285x380.jpg",
                            "directoryType": "GAME",
                            "displayName": "Bridge Constructor Portal",
                            "id": "500596",
                            "name": "Bridge Constructor Portal",
                            "viewersCount": 1
                        }
                    },
                    {
                        "__typename": "DirectoryEdge",
                        "cursor": "MTIzNg==",
                        "node": {
                            "__typename": "Game",
                            "activeDropCampaigns": [],
                            "avatarURL": "https://static-cdn.jtvnw.net/ttv-boxart/Orcs%20Must%20Die%21%20Unchained-285x380.jpg",
                            "directoryType": "GAME",
                            "displayName": "Orcs Must Die! Unchained",
                            "id": "417750",
                            "name": "Orcs Must Die! Unchained",
                            "viewersCount": 1
                        }
                    },
                    {
                        "__typename": "DirectoryEdge",
                        "cursor": "MTIzNw==",
                        "node": {
                            "__typename": "Game",
                            "activeDropCampaigns": [],
                            "avatarURL": "https://static-cdn.jtvnw.net/ttv-boxart/Heroes%20Arena-285x380.jpg",
                            "directoryType": "GAME",
                            "displayName": "Heroes Arena",
                            "id": "496669",
                            "name": "Heroes Arena",
                            "viewersCount": 1
                        }
                    },
                    {
                        "__typename": "DirectoryEdge",
                        "cursor": "MTIzOA==",
                        "node": {
                            "__typename": "Game",
                            "activeDropCampaigns": [],
                            "avatarURL": "https://static-cdn.jtvnw.net/ttv-boxart/S.T.A.L.K.E.R.:%20Clear%20Sky-285x380.jpg",
                            "directoryType": "GAME",
                            "displayName": "S.T.A.L.K.E.R.: Clear Sky",
                            "id": "19419",
                            "name": "S.T.A.L.K.E.R.: Clear Sky",
                            "viewersCount": 1
                        }
                    },
                    {
                        "__typename": "DirectoryEdge",
                        "cursor": "MTIzOQ==",
                        "node": {
                            "__typename": "Game",
                            "activeDropCampaigns": [],
                            "avatarURL": "https://static-cdn.jtvnw.net/ttv-boxart/Ticket%20to%20Ride-285x380.jpg",
                            "directoryType": "GAME",
                            "displayName": "Ticket to Ride",
                            "id": "8639",
                            "name": "Ticket to Ride",
                            "viewersCount": 1
                        }
                    },
                    {
                        "__typename": "DirectoryEdge",
                        "cursor": "MTI0MA==",
                        "node": {
                            "__typename": "Game",
                            "activeDropCampaigns": [],
                            "avatarURL": "https://static-cdn.jtvnw.net/ttv-boxart/999:%209%20Hours,%209%20Persons,%209%20Doors-285x380.jpg",
                            "directoryType": "GAME",
                            "displayName": "999: 9 Hours, 9 Persons, 9 Doors",
                            "id": "24611",
                            "name": "999: 9 Hours, 9 Persons, 9 Doors",
                            "viewersCount": 1
                        }
                    },
                    {
                        "__typename": "DirectoryEdge",
                        "cursor": "MTI0MQ==",
                        "node": {
                            "__typename": "Game",
                            "activeDropCampaigns": [],
                            "avatarURL": "https://static-cdn.jtvnw.net/ttv-boxart/Grand%20Theft%20Auto:%20Episodes%20from%20Liberty%20City-285x380.jpg",
                            "directoryType": "GAME",
                            "displayName": "Grand Theft Auto: Episodes from Liberty City",
                            "id": "24057",
                            "name": "Grand Theft Auto: Episodes from Liberty City",
                            "viewersCount": 1
                        }
                    },
                    {
                        "__typename": "DirectoryEdge",
                        "cursor": "MTI0Mg==",
                        "node": {
                            "__typename": "Game",
                            "activeDropCampaigns": [],
                            "avatarURL": "https://static-cdn.jtvnw.net/ttv-boxart/Torchlight%20II-285x380.jpg",
                            "directoryType": "GAME",
                            "displayName": "Torchlight II",
                            "id": "29043",
                            "name": "Torchlight II",
                            "viewersCount": 1
                        }
                    },
                    {
                        "__typename": "DirectoryEdge",
                        "cursor": "MTI0Mw==",
                        "node": {
                            "__typename": "Game",
                            "activeDropCampaigns": [],
                            "avatarURL": "https://static-cdn.jtvnw.net/ttv-boxart/AirRivals-285x380.jpg",
                            "directoryType": "GAME",
                            "displayName": "AirRivals",
                            "id": "20074",
                            "name": "AirRivals",
                            "viewersCount": 1
                        }
                    },
                    {
                        "__typename": "DirectoryEdge",
                        "cursor": "MTI0NA==",
                        "node": {
                            "__typename": "Game",
                            "activeDropCampaigns": [],
                            "avatarURL": "https://static-cdn.jtvnw.net/ttv-boxart/Dead%20Island%20Riptide-285x380.jpg",
                            "directoryType": "GAME",
                            "displayName": "Dead Island Riptide",
                            "id": "65967",
                            "name": "Dead Island Riptide",
                            "viewersCount": 1
                        }
                    },
                    {
                        "__typename": "DirectoryEdge",
                        "cursor": "MTI0NQ==",
                        "node": {
                            "__typename": "Game",
                            "activeDropCampaigns": [],
                            "avatarURL": "https://static-cdn.jtvnw.net/ttv-boxart/Metal%20Slug%203-285x380.jpg",
                            "directoryType": "GAME",
                            "displayName": "Metal Slug 3",
                            "id": "980",
                            "name": "Metal Slug 3",
                            "viewersCount": 1
                        }
                    },
                    {
                        "__typename": "DirectoryEdge",
                        "cursor": "MTI0Ng==",
                        "node": {
                            "__typename": "Game",
                            "activeDropCampaigns": [],
                            "avatarURL": "https://static-cdn.jtvnw.net/ttv-boxart/Hidden%20Objects%20Collection-285x380.jpg",
                            "directoryType": "GAME",
                            "displayName": "Hidden Objects Collection",
                            "id": "32771",
                            "name": "Hidden Objects Collection",
                            "viewersCount": 1
                        }
                    },
                    {
                        "__typename": "DirectoryEdge",
                        "cursor": "MTI0Nw==",
                        "node": {
                            "__typename": "Game",
                            "activeDropCampaigns": [],
                            "avatarURL": "https://static-cdn.jtvnw.net/ttv-boxart/Arizona%20Sunshine-285x380.jpg",
                            "directoryType": "GAME",
                            "displayName": "Arizona Sunshine",
                            "id": "494632",
                            "name": "Arizona Sunshine",
                            "viewersCount": 1
                        }
                    },
                    {
                        "__typename": "DirectoryEdge",
                        "cursor": "MTI0OA==",
                        "node": {
                            "__typename": "Game",
                            "activeDropCampaigns": [],
                            "avatarURL": "https://static-cdn.jtvnw.net/ttv-boxart/Persona%204:%20Arena%20Ultimax-285x380.jpg",
                            "directoryType": "GAME",
                            "displayName": "Persona 4: Arena Ultimax",
                            "id": "313464",
                            "name": "Persona 4: Arena Ultimax",
                            "viewersCount": 1
                        }
                    }
                ],
                "pageInfo": {
                    "__typename": "PageInfo",
                    "hasNextPage": true
                }
            }
        },
        "extensions": {
            "durationMilliseconds": 62,
            "operationName": "BrowsePage_AllDirectories"
        }
    }
]