[
    {
        "data": {
            "directories": {
                "__typename": "DirectoryConnection",
                "edges": [
                    {
                        "__typename": "DirectoryEdge",
                        "cursor": "MTI0OA==",
                        "node": {
                            "__typename": "Game",
                            "activeDropCampaigns": [],
                            "avatarURL": "https://static-cdn.jtvnw.net/ttv-boxart/Persona%204:%20Arena%20Ultimax-285x380.jpg",
                            "directoryType": "GAME",
                            "displayName": "Persona 4: Arena Ultimax",
                            "id": "313464",
                            "name": "Persona 4: Arena Ultimax",
                            "viewersCount": 1
                        }
                    },
                    {
                        "__typename": "DirectoryEdge",
                        "cursor": "MTI0OQ==",
                        "node": {
                            "__typename": "Game",
                            "activeDropCampaigns": [],
                            "avatarURL": "https://static-cdn.jtvnw.net/ttv-boxart/Last%20Chaos-285x380.jpg",
                            "directoryType": "GAME",
                            "displayName": "Last Chaos",
                            "id": "19493",
                            "name": "Last Chaos",
                            "viewersCount": 1
                        }
                    },
                    {
                        "__typename": "DirectoryEdge",
                        "cursor": "MTI1MA==",
                        "node": {
                            "__typename": "Game",
                            "activeDropCampaigns": [],
                            "avatarURL": "https://static-cdn.jtvnw.net/ttv-boxart/Alien%20vs%20Predator-285x380.jpg",
                            "directoryType": "GAME",
                            "displayName": "Alien vs Predator",
                            "id": "7456",
                            "name": "Alien vs Predator",
                            "viewersCount": 1
                        }
                    },
                    {
                        "__typename": "DirectoryEdge",
                        "cursor": "MTI1MQ==",
                        "node": {
                            "__typename": "Game",
                            "activeDropCampaigns": [],
                            "avatarURL": "https://static-cdn.jtvnw.net/ttv-boxart/South%20Park:%20The%20Stick%20of%20Truth-285x380.jpg",
                            "directoryType": "GAME",
                            "displayName": "South Park: The Stick of Truth",
                            "id": "33175",
                            "name": "South Park: The Stick of Truth",
                            "viewersCount": 1
                        }
                    },
                    {
                        "__typename": "DirectoryEdge",
                        "cursor": "MTI1Mg==",
                        "node": {
                            "__typename": "Game",
                            "activeDropCampaigns": [],
                            "avatarURL": "https://static-cdn.jtvnw.net/ttv-boxart/The%20Legend%20of%20Zelda:%20The%20Wind%20Waker-285x380.jpg",
                            "directoryType": "GAME",
                            "displayName": "The Legend of Zelda: The Wind Waker",
                            "id": "16967",
                            "name": "The Legend of Zelda: The Wind Waker",
                            "viewersCount": 1
                        }
                    },
                    {
                        "__typename": "DirectoryEdge",
                        "cursor": "MTI1Mw==",
                        "node": {
                            "__typename": "Game",
                            "activeDropCampaigns": [],
                            "avatarURL": "https://static-cdn.jtvnw.net/ttv-boxart/Catan%20Universe-285x380.jpg",
                            "directoryType": "GAME",
                            "displayName": "Catan Universe",
                            "id": "496809",
                            "name": "Catan Universe",
                            "viewersCount": 1
                        }
                    },
                    {
                        "__typename": "DirectoryEdge",
                        "cursor": "MTI1NA==",
                        "node": {
                            "__typename": "Game",
                            "activeDropCampaigns": [],
                            "avatarURL": "https://static-cdn.jtvnw.net/ttv-boxart/Skyforge-285x380.jpg",
                            "directoryType": "GAME",
                            "displayName": "Skyforge",
                            "id": "461326",
                            "name": "Skyforge",
                            "viewersCount": 1
                        }
                    },
                    {
                        "__typename": "DirectoryEdge",
                        "cursor": "MTI1NQ==",
                        "node": {
                            "__typename": "Game",
                            "activeDropCampaigns": [],
                            "avatarURL": "https://static-cdn.jtvnw.net/ttv-boxart/Planet%20Nomads-285x380.jpg",
                            "directoryType": "GAME",
                            "displayName": "Planet Nomads",
                            "id": "496677",
                            "name": "Planet Nomads",
                            "viewersCount": 1
                        }
                    },
                    {
                        "__typename": "DirectoryEdge",
                        "cursor": "MTI1Ng==",
                        "node": {
                            "__typename": "Game",
                            "activeDropCampaigns": [],
                            "avatarURL": "https://static-cdn.jtvnw.net/ttv-boxart/Gex:%20Enter%20the%20Gecko-285x380.jpg",
                            "directoryType": "GAME",
                            "displayName": "Gex: Enter the Gecko",
                            "id": "10436",
                            "name": "Gex: Enter the Gecko",
                            "viewersCount": 1
                        }
                    },
                    {
                        "__typename": "DirectoryEdge",
                        "cursor": "MTI1Nw==",
                        "node": {
                            "__typename": "Game",
                            "activeDropCampaigns": [],
                            "avatarURL": "https://static-cdn.jtvnw.net/ttv-boxart/Commander%20Keen-285x380.jpg",
                            "directoryType": "GAME",
                            "displayName": "Commander Keen",
                            "id": "19344",
                            "name": "Commander Keen",
                            "viewersCount": 1
                        }
                    },
                    {
                        "__typename": "DirectoryEdge",
                        "cursor": "MTI1OA==",
                        "node": {
                            "__typename": "Game",
                            "activeDropCampaigns": [],
                            "avatarURL": "https://static-cdn.jtvnw.net/ttv-boxart/Napoleon:%20Total%20War-285x380.jpg",
                            "directoryType": "GAME",
                            "displayName": "Napoleon: Total War",
                            "id": "25141",
                            "name": "Napoleon: Total War",
                            "viewersCount": 1
                        }
                    },
                    {
                        "__typename": "DirectoryEdge",
                        "cursor": "MTI1OQ==",
                        "node": {
                            "__typename": "Game",
                            "activeDropCampaigns": [],
                            "avatarURL": "https://static-cdn.jtvnw.net/ttv-boxart/Total%20War:%20Attila-285x380.jpg",
                            "directoryType": "GAME",
                            "displayName": "Total War: Attila",
                            "id": "488341",
                            "name": "Total War: Attila",
                            "viewersCount": 1
                        }
                    },
                    {
                        "__typename": "DirectoryEdge",
                        "cursor": "MTI2MA==",
                        "node": {
                            "__typename": "Game",
                            "activeDropCampaigns": [],
                            "avatarURL": "https://static-cdn.jtvnw.net/ttv-boxart/Serious%20Sam%203:%20BFE-285x380.jpg",
                            "directoryType": "GAME",
                            "displayName": "Serious Sam 3: BFE",
                            "id": "23904",
                            "name": "Serious Sam 3: BFE",
                            "viewersCount": 1
                        }
                    },
                    {
                        "__typename": "DirectoryEdge",
                        "cursor": "MTI2MQ==",
                        "node": {
                            "__typename": "Game",
                            "activeDropCampaigns": [],
                            "avatarURL": "https://static-cdn.jtvnw.net/ttv-boxart/Battlegrounds%20of%20Eldhelm-285x380.jpg",
                            "directoryType": "GAME",
                            "displayName": "Battlegrounds of Eldhelm",
                            "id": "459295",
                            "name": "Battlegrounds of Eldhelm",
                            "viewersCount": 1
                        }
                    },
                    {
                        "__typename": "DirectoryEdge",
                        "cursor": "MTI2Mg==",
                        "node": {
                            "__typename": "Game",
                            "activeDropCampaigns": [],
                            "avatarURL": "https://static-cdn.jtvnw.net/ttv-boxart/SPINTIRES-285x380.jpg",
                            "directoryType": "GAME",
                            "displayName": "SPINTIRES",
                            "id": "138574",
                            "name": "SPINTIRES",
                            "viewersCount": 1
                        }
                    },
                    {
                        "__typename": "DirectoryEdge",
                        "cursor": "MTI2Mw==",
                        "node": {
                            "__typename": "Game",
                            "activeDropCampaigns": [],
                            "avatarURL": "https://static-cdn.jtvnw.net/ttv-boxart/Dungeon%20Crawl%20Stone%20Soup-285x380.jpg",
                            "directoryType": "GAME",
                            "displayName": "Dungeon Crawl Stone Soup",
                            "id": "27643",
                            "name": "Dungeon Crawl Stone Soup",
                            "viewersCount": 1
                        }
                    },
                    {
                        "__typename": "DirectoryEdge",
                        "cursor": "MTI2NA==",
                        "node": {
                            "__typename": "Game",
                            "activeDropCampaigns": [],
                            "avatarURL": "https://static-cdn.jtvnw.net/ttv-boxart/The%20Lord%20of%20the%20Rings:%20The%20Battle%20for%20Middle-earth%20II%20-%20The%20Rise%20of%20the%20Witch-King-285x380.jpg",
                            "directoryType": "GAME",
                            "displayName": "The Lord of the Rings: The Battle for Middle-earth II - The Rise of the Witch-King",
                            "id": "5906",
                            "name": "The Lord of the Rings: The Battle for Middle-earth II - The Rise of the Witch-King",
                            "viewersCount": 1
                        }
                    },
                    {
                        "__typename": "DirectoryEdge",
                        "cursor": "MTI2NQ==",
                        "node": {
                            "__typename": "Game",
                            "activeDropCampaigns": [],
                            "avatarURL": "https://static-cdn.jtvnw.net/ttv-boxart/Need%20for%20Speed%20Underground-285x380.jpg",
                            "directoryType": "GAME",
                            "displayName": "Need for Speed Underground",
                            "id": "11258",
                            "name": "Need for Speed Underground",
                            "viewersCount": 1
                        }
                    },
                    {
                        "__typename": "DirectoryEdge",
                        "cursor": "MTI2Ng==",
                        "node": {
                            "__typename": "Game",
                            "activeDropCampaigns": [],
                            "avatarURL": "https://static-cdn.jtvnw.net/ttv-boxart/Low%20Blow-285x380.jpg",
                            "directoryType": "GAME",
                            "displayName": "Low Blow",
                            "id": "13344",
                            "name": "Low Blow",
                            "viewersCount": 1
                        }
                    },
                    {
                        "__typename": "DirectoryEdge",
                        "cursor": "MTI2Nw==",
                        "node": {
                            "__typename": "Game",
                            "activeDropCampaigns": [],
                            "avatarURL": "https://static-cdn.jtvnw.net/ttv-boxart/Need%20for%20Speed:%20The%20Run-285x380.jpg",
                            "directoryType": "GAME",
                            "displayName": "Need for Speed: The Run",
                            "id": "31377",
                            "name": "Need for Speed: The Run",
                            "viewersCount": 1
                        }
                    },
                    {
                        "__typename": "DirectoryEdge",
                        "cursor": "MTI2OA==",
                        "node": {
                            "__typename": "Game",
                            "activeDropCampaigns": [],
                            "avatarURL": "https://static-cdn.jtvnw.net/ttv-boxart/Sonic%20Mania-285x380.jpg",
                            "directoryType": "GAME",
                            "displayName": "Sonic Mania",
                            "id": "493877",
                            "name": "Sonic Mania",
                            "viewersCount": 1
                        }
                    },
                    {
                        "__typename": "DirectoryEdge",
                        "cursor": "MTI2OQ==",
                        "node": {
                            "__typename": "Game",
                            "activeDropCampaigns": [],
                            "avatarURL": "https://static-cdn.jtvnw.net/ttv-boxart/Maho%20Shojo%20Pretty%20Sammy-285x380.jpg",
                            "directoryType": "GAME",
                            "displayName": "Maho Shojo Pretty Sammy",
                            "id": "460987",
                            "name": "Maho Shojo Pretty Sammy",
                            "viewersCount": 1
                        }
                    },
                    {
                        "__typename": "DirectoryEdge",
                        "cursor": "MTI3MA==",
                        "node": {
                            "__typename": "Game",
                            "activeDropCampaigns": [],
                            "avatarURL": "https://static-cdn.jtvnw.net/ttv-boxart/Superhot-285x380.jpg",
                            "directoryType": "GAME",
                            "displayName": "Superhot",
                            "id": "313566",
                            "name": "Superhot",
                            "viewersCount": 1
                        }
                    },
                    {
                        "__typename": "DirectoryEdge",
                        "cursor": "MTI3MQ==",
                        "node": {
                            "__typename": "Game",
                            "activeDropCampaigns": [],
                            "avatarURL": "https://static-cdn.jtvnw.net/ttv-boxart/Hotline%20Miami-285x380.jpg",
                            "directoryType": "GAME",
                            "displayName": "Hotline Miami",
                            "id": "66254",
                            "name": "Hotline Miami",
                            "viewersCount": 1
                        }
                    },
                    {
                        "__typename": "DirectoryEdge",
                        "cursor": "MTI3Mg==",
                        "node": {
                            "__typename": "Game",
                            "activeDropCampaigns": [],
                            "avatarURL": "https://static-cdn.jtvnw.net/ttv-boxart/Choice%20Chamber-285x380.jpg",
                            "directoryType": "GAME",
                            "displayName": "Choice Chamber",
                            "id": "417492",
                            "name": "Choice Chamber",
                            "viewersCount": 1
                        }
                    },
                    {
                        "__typename": "DirectoryEdge",
                        "cursor": "MTI3Mw==",
                        "node": {
                            "__typename": "Game",
                            "activeDropCampaigns": [],
                            "avatarURL": "https://static-cdn.jtvnw.net/ttv-boxart/Hokuto%20ga%20Gotoku-285x380.jpg",
                            "directoryType": "GAME",
                            "displayName": "Hokuto ga Gotoku",
                            "id": "498555",
                            "name": "Hokuto ga Gotoku",
                            "viewersCount": 1
                        }
                    },
                    {
                        "__typename": "DirectoryEdge",
                        "cursor": "MTI3NA==",
                        "node": {
                            "__typename": "Game",
                            "activeDropCampaigns": [],
                            "avatarURL": "https://static-cdn.jtvnw.net/ttv-boxart/Oddworld:%20Abe%27s%20Exoddus-285x380.jpg",
                            "directoryType": "GAME",
                            "displayName": "Oddworld: Abe's Exoddus",
                            "id": "17661",
                            "name": "Oddworld: Abe's Exoddus",
                            "viewersCount": 1
                        }
                    },
                    {
                        "__typename": "DirectoryEdge",
                        "cursor": "MTI3NQ==",
                        "node": {
                            "__typename": "Game",
                            "activeDropCampaigns": [],
                            "avatarURL": "https://static-cdn.jtvnw.net/ttv-boxart/Machinarium-285x380.jpg",
                            "directoryType": "GAME",
                            "displayName": "Machinarium",
                            "id": "21443",
                            "name": "Machinarium",
                            "viewersCount": 1
                        }
                    },
                    {
                        "__typename": "DirectoryEdge",
                        "cursor": "MTI3Ng==",
                        "node": {
                            "__typename": "Game",
                            "activeDropCampaigns": [],
                            "avatarURL": "https://static-cdn.jtvnw.net/ttv-boxart/Kingdom:%20New%20Lands-285x380.jpg",
                            "directoryType": "GAME",
                            "displayName": "Kingdom: New Lands",
                            "id": "492976",
                            "name": "Kingdom: New Lands",
                            "viewersCount": 1
                        }
                    },
                    {
                        "__typename": "DirectoryEdge",
                        "cursor": "MTI3Nw==",
                        "node": {
                            "__typename": "Game",
                            "activeDropCampaigns": [],
                            "avatarURL": "https://static-cdn.jtvnw.net/ttv-boxart/Modern%20Combat%205:%20Blackout-285x380.jpg",
                            "directoryType": "GAME",
                            "displayName": "Modern Combat 5: Blackout",
                            "id": "418015",
                            "name": "Modern Combat 5: Blackout",
                            "viewersCount": 1
                        }
                    }
                ],
                "pageInfo": {
                    "__typename": "PageInfo",
                    "hasNextPage": true
                }
            }
        },
        "extensions": {
            "durationMilliseconds": 47,
            "operationName": "BrowsePage_AllDirectories"
        }
    }
]