[
    {
        "data": {
            "directories": {
                "__typename": "DirectoryConnection",
                "edges": [
                    {
                        "__typename": "DirectoryEdge",
                        "cursor": "MTI3Nw==",
                        "node": {
                            "__typename": "Game",
                            "activeDropCampaigns": [],
                            "avatarURL": "https://static-cdn.jtvnw.net/ttv-boxart/Modern%20Combat%205:%20Blackout-285x380.jpg",
                            "directoryType": "GAME",
                            "displayName": "Modern Combat 5: Blackout",
                            "id": "418015",
                            "name": "Modern Combat 5: Blackout",
                            "viewersCount": 1
                        }
                    },
                    {
                        "__typename": "DirectoryEdge",
                        "cursor": "MTI3OA==",
                        "node": {
                            "__typename": "Game",
                            "activeDropCampaigns": [],
                            "avatarURL": "https://static-cdn.jtvnw.net/ttv-boxart/DiRT%203-285x380.jpg",
                            "directoryType": "GAME",
                            "displayName": "DiRT 3",
                            "id": "27382",
                            "name": "DiRT 3",
                            "viewersCount": 1
                        }
                    },
                    {
                        "__typename": "DirectoryEdge",
                        "cursor": "MTI3OQ==",
                        "node": {
                            "__typename": "Game",
                            "activeDropCampaigns": [],
                            "avatarURL": "https://static-cdn.jtvnw.net/ttv-boxart/Street%20Fighter%20II%27:%20Champion%20Edition-285x380.jpg",
                            "directoryType": "GAME",
                            "displayName": "Street Fighter II': Champion Edition",
                            "id": "1005",
                            "name": "Street Fighter II': Champion Edition",
                            "viewersCount": 1
                        }
                    },
                    {
                        "__typename": "DirectoryEdge",
                        "cursor": "MTI4MA==",
                        "node": {
                            "__typename": "Game",
                            "activeDropCampaigns": [],
                            "avatarURL": "https://static-cdn.jtvnw.net/ttv-boxart/Tetris-285x380.jpg",
                            "directoryType": "GAME",
                            "displayName": "Tetris",
                            "id": "1736",
                            "name": "Tetris",
                            "viewersCount": 1
                        }
                    },
                    {
                        "__typename": "DirectoryEdge",
                        "cursor": "MTI4MQ==",
                        "node": {
                            "__typename": "Game",
                            "activeDropCampaigns": [],
                            "avatarURL": "https://static-cdn.jtvnw.net/ttv-boxart/Forza%20Motorsport%206-285x380.jpg",
                            "directoryType": "GAME",
                            "displayName": "Forza Motorsport 6",
                            "id": "488732",
                            "name": "Forza Motorsport 6",
                            "viewersCount": 1
                        }
                    },
                    {
                        "__typename": "DirectoryEdge",
                        "cursor": "MTI4Mg==",
                        "node": {
                            "__typename": "Game",
                            "activeDropCampaigns": [],
                            "avatarURL": "https://static-cdn.jtvnw.net/ttv-boxart/Genghis%20Khan%20II:%20Clan%20of%20the%20Gray%20Wolf-285x380.jpg",
                            "directoryType": "GAME",
                            "displayName": "Genghis Khan II: Clan of the Gray Wolf",
                            "id": "5204",
                            "name": "Genghis Khan II: Clan of the Gray Wolf",
                            "viewersCount": 1
                        }
                    },
                    {
                        "__typename": "DirectoryEdge",
                        "cursor": "MTI4Mw==",
                        "node": {
                            "__typename": "Game",
                            "activeDropCampaigns": [],
                            "avatarURL": "https://static-cdn.jtvnw.net/ttv-boxart/The%20Legend%20of%20Spyro:%20The%20Eternal%20Night-285x380.jpg",
                            "directoryType": "GAME",
                            "displayName": "The Legend of Spyro: The Eternal Night",
                            "id": "5624",
                            "name": "The Legend of Spyro: The Eternal Night",
                            "viewersCount": 1
                        }
                    },
                    {
                        "__typename": "DirectoryEdge",
                        "cursor": "MTI4NA==",
                        "node": {
                            "__typename": "Game",
                            "activeDropCampaigns": [],
                            "avatarURL": "https://static-cdn.jtvnw.net/ttv-boxart/Metroid%20Fusion-285x380.jpg",
                            "directoryType": "GAME",
                            "displayName": "Metroid Fusion",
                            "id": "9479",
                            "name": "Metroid Fusion",
                            "viewersCount": 1
                        }
                    },
                    {
                        "__typename": "DirectoryEdge",
                        "cursor": "MTI4NQ==",
                        "node": {
                            "__typename": "Game",
                            "activeDropCampaigns": [],
                            "avatarURL": "https://static-cdn.jtvnw.net/ttv-boxart/Condemned:%20Criminal%20Origins-285x380.jpg",
                            "directoryType": "GAME",
                            "displayName": "Condemned: Criminal Origins",
                            "id": "8068",
                            "name": "Condemned: Criminal Origins",
                            "viewersCount": 1
                        }
                    },
                    {
                        "__typename": "DirectoryEdge",
                        "cursor": "MTI4Ng==",
                        "node": {
                            "__typename": "Game",
                            "activeDropCampaigns": [],
                            "avatarURL": "https://static-cdn.jtvnw.net/ttv-boxart/Perfect%20World%20International-285x380.jpg",
                            "directoryType": "GAME",
                            "displayName": "Perfect World International",
                            "id": "21039",
                            "name": "Perfect World International",
                            "viewersCount": 1
                        }
                    },
                    {
                        "__typename": "DirectoryEdge",
                        "cursor": "MTI4Nw==",
                        "node": {
                            "__typename": "Game",
                            "activeDropCampaigns": [],
                            "avatarURL": "https://static-cdn.jtvnw.net/ttv-boxart/Downwell-285x380.jpg",
                            "directoryType": "GAME",
                            "displayName": "Downwell",
                            "id": "489018",
                            "name": "Downwell",
                            "viewersCount": 1
                        }
                    },
                    {
                        "__typename": "DirectoryEdge",
                        "cursor": "MTI4OA==",
                        "node": {
                            "__typename": "Game",
                            "activeDropCampaigns": [],
                            "avatarURL": "https://static-cdn.jtvnw.net/ttv-boxart/NASCAR%20Heat%202-285x380.jpg",
                            "directoryType": "GAME",
                            "displayName": "NASCAR Heat 2",
                            "id": "498379",
                            "name": "NASCAR Heat 2",
                            "viewersCount": 1
                        }
                    },
                    {
                        "__typename": "DirectoryEdge",
                        "cursor": "MTI4OQ==",
                        "node": {
                            "__typename": "Game",
                            "activeDropCampaigns": [],
                            "avatarURL": "https://static-cdn.jtvnw.net/ttv-boxart/Empire:%20Total%20War-285x380.jpg",
                            "directoryType": "GAME",
                            "displayName": "Empire: Total War",
                            "id": "18749",
                            "name": "Empire: Total War",
                            "viewersCount": 1
                        }
                    },
                    {
                        "__typename": "DirectoryEdge",
                        "cursor": "MTI5MA==",
                        "node": {
                            "__typename": "Game",
                            "activeDropCampaigns": [],
                            "avatarURL": "https://static-cdn.jtvnw.net/ttv-boxart/Clustertruck-285x380.jpg",
                            "directoryType": "GAME",
                            "displayName": "Clustertruck",
                            "id": "491398",
                            "name": "Clustertruck",
                            "viewersCount": 1
                        }
                    },
                    {
                        "__typename": "DirectoryEdge",
                        "cursor": "MTI5MQ==",
                        "node": {
                            "__typename": "Game",
                            "activeDropCampaigns": [],
                            "avatarURL": "https://static-cdn.jtvnw.net/ttv-boxart/Tabletop%20Simulator-285x380.jpg",
                            "directoryType": "GAME",
                            "displayName": "Tabletop Simulator",
                            "id": "417749",
                            "name": "Tabletop Simulator",
                            "viewersCount": 1
                        }
                    },
                    {
                        "__typename": "DirectoryEdge",
                        "cursor": "MTI5Mg==",
                        "node": {
                            "__typename": "Game",
                            "activeDropCampaigns": [],
                            "avatarURL": "https://static-cdn.jtvnw.net/ttv-boxart/Fatal%20Frame%20III:%20The%20Tormented-285x380.jpg",
                            "directoryType": "GAME",
                            "displayName": "Fatal Frame III: The Tormented",
                            "id": "6604",
                            "name": "Fatal Frame III: The Tormented",
                            "viewersCount": 0
                        }
                    },
                    {
                        "__typename": "DirectoryEdge",
                        "cursor": "MTI5Mw==",
                        "node": {
                            "__typename": "Game",
                            "activeDropCampaigns": [],
                            "avatarURL": "https://static-cdn.jtvnw.net/ttv-boxart/Case%20Closed:%20The%20Mirapolis%20Investigation-285x380.jpg",
                            "directoryType": "GAME",
                            "displayName": "Case Closed: The Mirapolis Investigation",
                            "id": "24043",
                            "name": "Case Closed: The Mirapolis Investigation",
                            "viewersCount": 0
                        }
                    },
                    {
                        "__typename": "DirectoryEdge",
                        "cursor": "MTI5NA==",
                        "node": {
                            "__typename": "Game",
                            "activeDropCampaigns": [],
                            "avatarURL": "https://static-cdn.jtvnw.net/ttv-boxart/Music%20For%20Everyone-285x380.jpg",
                            "directoryType": "GAME",
                            "displayName": "Music For Everyone",
                            "id": "27779",
                            "name": "Music For Everyone",
                            "viewersCount": 0
                        }
                    },
                    {
                        "__typename": "DirectoryEdge",
                        "cursor": "MTI5NQ==",
                        "node": {
                            "__typename": "Game",
                            "activeDropCampaigns": [],
                            "avatarURL": "https://static-cdn.jtvnw.net/ttv-boxart/Live%20a%20Live-285x380.jpg",
                            "directoryType": "GAME",
                            "displayName": "Live a Live",
                            "id": "3272",
                            "name": "Live a Live",
                            "viewersCount": 0
                        }
                    },
                    {
                        "__typename": "DirectoryEdge",
                        "cursor": "MTI5Ng==",
                        "node": {
                            "__typename": "Game",
                            "activeDropCampaigns": [],
                            "avatarURL": "https://static-cdn.jtvnw.net/ttv-boxart/Pinball%20FX3-285x380.jpg",
                            "directoryType": "GAME",
                            "displayName": "Pinball FX3",
                            "id": "68035",
                            "name": "Pinball FX3",
                            "viewersCount": 0
                        }
                    },
                    {
                        "__typename": "DirectoryEdge",
                        "cursor": "MTI5Nw==",
                        "node": {
                            "__typename": "Game",
                            "activeDropCampaigns": [],
                            "avatarURL": "https://static-cdn.jtvnw.net/ttv-boxart/Conker%27s%20Bad%20Fur%20Day-285x380.jpg",
                            "directoryType": "GAME",
                            "displayName": "Conker's Bad Fur Day",
                            "id": "9664",
                            "name": "Conker's Bad Fur Day",
                            "viewersCount": 0
                        }
                    },
                    {
                        "__typename": "DirectoryEdge",
                        "cursor": "MTI5OA==",
                        "node": {
                            "__typename": "Game",
                            "activeDropCampaigns": [],
                            "avatarURL": "https://static-cdn.jtvnw.net/ttv-boxart/Small%20Radios%20Big%20Televisions-285x380.jpg",
                            "directoryType": "GAME",
                            "displayName": "Small Radios Big Televisions",
                            "id": "488880",
                            "name": "Small Radios Big Televisions",
                            "viewersCount": 0
                        }
                    },
                    {
                        "__typename": "DirectoryEdge",
                        "cursor": "MTI5OQ==",
                        "node": {
                            "__typename": "Game",
                            "activeDropCampaigns": [],
                            "avatarURL": "https://static-cdn.jtvnw.net/ttv-boxart/Wizardry:%20Bane%20of%20the%20Cosmic%20Forge-285x380.jpg",
                            "directoryType": "GAME",
                            "displayName": "Wizardry: Bane of the Cosmic Forge",
                            "id": "5862",
                            "name": "Wizardry: Bane of the Cosmic Forge",
                            "viewersCount": 0
                        }
                    },
                    {
                        "__typename": "DirectoryEdge",
                        "cursor": "MTMwMA==",
                        "node": {
                            "__typename": "Game",
                            "activeDropCampaigns": [],
                            "avatarURL": "https://static-cdn.jtvnw.net/ttv-boxart/Titan%20Souls-285x380.jpg",
                            "directoryType": "GAME",
                            "displayName": "Titan Souls",
                            "id": "460686",
                            "name": "Titan Souls",
                            "viewersCount": 0
                        }
                    },
                    {
                        "__typename": "DirectoryEdge",
                        "cursor": "MTMwMQ==",
                        "node": {
                            "__typename": "Game",
                            "activeDropCampaigns": [],
                            "avatarURL": "https://static-cdn.jtvnw.net/ttv-boxart/Survivor%20Royale-285x380.jpg",
                            "directoryType": "GAME",
                            "displayName": "Survivor Royale",
                            "id": "504009",
                            "name": "Survivor Royale",
                            "viewersCount": 0
                        }
                    },
                    {
                        "__typename": "DirectoryEdge",
                        "cursor": "MTMwMg==",
                        "node": {
                            "__typename": "Game",
                            "activeDropCampaigns": [],
                            "avatarURL": "https://static-cdn.jtvnw.net/ttv-boxart/Job%20Simulator:%20The%202050%20Archives-285x380.jpg",
                            "directoryType": "GAME",
                            "displayName": "Job Simulator: The 2050 Archives",
                            "id": "492118",
                            "name": "Job Simulator: The 2050 Archives",
                            "viewersCount": 0
                        }
                    },
                    {
                        "__typename": "DirectoryEdge",
                        "cursor": "MTMwMw==",
                        "node": {
                            "__typename": "Game",
                            "activeDropCampaigns": [],
                            "avatarURL": "https://static-cdn.jtvnw.net/ttv-boxart/Hand%20of%20the%20Gods-285x380.jpg",
                            "directoryType": "GAME",
                            "displayName": "Hand of the Gods",
                            "id": "494398",
                            "name": "Hand of the Gods",
                            "viewersCount": 0
                        }
                    },
                    {
                        "__typename": "DirectoryEdge",
                        "cursor": "MTMwNA==",
                        "node": {
                            "__typename": "Game",
                            "activeDropCampaigns": [],
                            "avatarURL": "https://static-cdn.jtvnw.net/ttv-boxart/Bayonetta-285x380.jpg",
                            "directoryType": "GAME",
                            "displayName": "Bayonetta",
                            "id": "18933",
                            "name": "Bayonetta",
                            "viewersCount": 0
                        }
                    },
                    {
                        "__typename": "DirectoryEdge",
                        "cursor": "MTMwNQ==",
                        "node": {
                            "__typename": "Game",
                            "activeDropCampaigns": [],
                            "avatarURL": "https://static-cdn.jtvnw.net/ttv-boxart/FIFA%20Mobile-285x380.jpg",
                            "directoryType": "GAME",
                            "displayName": "FIFA Mobile",
                            "id": "496320",
                            "name": "FIFA Mobile",
                            "viewersCount": 0
                        }
                    },
                    {
                        "__typename": "DirectoryEdge",
                        "cursor": "MTMwNg==",
                        "node": {
                            "__typename": "Game",
                            "activeDropCampaigns": [],
                            "avatarURL": "https://static-cdn.jtvnw.net/ttv-boxart/Grandia-285x380.jpg",
                            "directoryType": "GAME",
                            "displayName": "Grandia",
                            "id": "16198",
                            "name": "Grandia",
                            "viewersCount": 0
                        }
                    }
                ],
                "pageInfo": {
                    "__typename": "PageInfo",
                    "hasNextPage": true
                }
            }
        },
        "extensions": {
            "durationMilliseconds": 48,
            "operationName": "BrowsePage_AllDirectories"
        }
    }
]