[
    {
        "data": {
            "directories": {
                "__typename": "DirectoryConnection",
                "edges": [
                    {
                        "__typename": "DirectoryEdge",
                        "cursor": "MTMwNg==",
                        "node": {
                            "__typename": "Game",
                            "activeDropCampaigns": [],
                            "avatarURL": "https://static-cdn.jtvnw.net/ttv-boxart/Grandia-285x380.jpg",
                            "directoryType": "GAME",
                            "displayName": "Grandia",
                            "id": "16198",
                            "name": "Grandia",
                            "viewersCount": 0
                        }
                    },
                    {
                        "__typename": "DirectoryEdge",
                        "cursor": "MTMwNw==",
                        "node": {
                            "__typename": "Game",
                            "activeDropCampaigns": [],
                            "avatarURL": "https://static-cdn.jtvnw.net/ttv-boxart/Skiing-285x380.jpg",
                            "directoryType": "GAME",
                            "displayName": "Skiing",
                            "id": "11997",
                            "name": "Skiing",
                            "viewersCount": 0
                        }
                    },
                    {
                        "__typename": "DirectoryEdge",
                        "cursor": "MTMwOA==",
                        "node": {
                            "__typename": "Game",
                            "activeDropCampaigns": [],
                            "avatarURL": "https://static-cdn.jtvnw.net/ttv-boxart/Crash%20Bandicoot:%20The%20Wrath%20of%20Cortex-285x380.jpg",
                            "directoryType": "GAME",
                            "displayName": "Crash Bandicoot: The Wrath of Cortex",
                            "id": "69",
                            "name": "Crash Bandicoot: The Wrath of Cortex",
                            "viewersCount": 0
                        }
                    },
                    {
                        "__typename": "DirectoryEdge",
                        "cursor": "MTMwOQ==",
                        "node": {
                            "__typename": "Game",
                            "activeDropCampaigns": [],
                            "avatarURL": "https://static-cdn.jtvnw.net/ttv-boxart/Mega%20Man%20Legacy%20Collection-285x380.jpg",
                            "directoryType": "GAME",
                            "displayName": "Mega Man Legacy Collection",
                            "id": "490287",
                            "name": "Mega Man Legacy Collection",
                            "viewersCount": 0
                        }
                    },
                    {
                        "__typename": "DirectoryEdge",
                        "cursor": "MTMxMA==",
                        "node": {
                            "__typename": "Game",
                            "activeDropCampaigns": [],
                            "avatarURL": "https://static-cdn.jtvnw.net/ttv-boxart/Lost%20Kingdoms-285x380.jpg",
                            "directoryType": "GAME",
                            "displayName": "Lost Kingdoms",
                            "id": "924",
                            "name": "Lost Kingdoms",
                            "viewersCount": 0
                        }
                    },
                    {
                        "__typename": "DirectoryEdge",
                        "cursor": "MTMxMQ==",
                        "node": {
                            "__typename": "Game",
                            "activeDropCampaigns": [],
                            "avatarURL": "https://static-cdn.jtvnw.net/ttv-boxart/Running%20with%20Rifles-285x380.jpg",
                            "directoryType": "GAME",
                            "displayName": "Running with Rifles",
                            "id": "95625",
                            "name": "Running with Rifles",
                            "viewersCount": 0
                        }
                    },
                    {
                        "__typename": "DirectoryEdge",
                        "cursor": "MTMxMg==",
                        "node": {
                            "__typename": "Game",
                            "activeDropCampaigns": [],
                            "avatarURL": "https://static-cdn.jtvnw.net/ttv-boxart/Super%20Smash%20Bros.-285x380.jpg",
                            "directoryType": "GAME",
                            "displayName": "Super Smash Bros.",
                            "id": "17516",
                            "name": "Super Smash Bros.",
                            "viewersCount": 0
                        }
                    },
                    {
                        "__typename": "DirectoryEdge",
                        "cursor": "MTMxMw==",
                        "node": {
                            "__typename": "Game",
                            "activeDropCampaigns": [],
                            "avatarURL": "https://static-cdn.jtvnw.net/ttv-boxart/DTXMania%20XG-285x380.jpg",
                            "directoryType": "GAME",
                            "displayName": "DTXMania XG",
                            "id": "494635",
                            "name": "DTXMania XG",
                            "viewersCount": 0
                        }
                    },
                    {
                        "__typename": "DirectoryEdge",
                        "cursor": "MTMxNA==",
                        "node": {
                            "__typename": "Game",
                            "activeDropCampaigns": [],
                            "avatarURL": "https://static-cdn.jtvnw.net/ttv-boxart/Yonder:%20The%20Cloud%20Catcher%20Chronicles-285x380.jpg",
                            "directoryType": "GAME",
                            "displayName": "Yonder: The Cloud Catcher Chronicles",
                            "id": "494645",
                            "name": "Yonder: The Cloud Catcher Chronicles",
                            "viewersCount": 0
                        }
                    },
                    {
                        "__typename": "DirectoryEdge",
                        "cursor": "MTMxNQ==",
                        "node": {
                            "__typename": "Game",
                            "activeDropCampaigns": [],
                            "avatarURL": "https://static-cdn.jtvnw.net/ttv-boxart/SSX-285x380.jpg",
                            "directoryType": "GAME",
                            "displayName": "SSX",
                            "id": "1769",
                            "name": "SSX",
                            "viewersCount": 0
                        }
                    },
                    {
                        "__typename": "DirectoryEdge",
                        "cursor": "MTMxNg==",
                        "node": {
                            "__typename": "Game",
                            "activeDropCampaigns": [],
                            "avatarURL": "https://static-cdn.jtvnw.net/ttv-boxart/Forge%20of%20Empires-285x380.jpg",
                            "directoryType": "GAME",
                            "displayName": "Forge of Empires",
                            "id": "370391",
                            "name": "Forge of Empires",
                            "viewersCount": 0
                        }
                    },
                    {
                        "__typename": "DirectoryEdge",
                        "cursor": "MTMxNw==",
                        "node": {
                            "__typename": "Game",
                            "activeDropCampaigns": [],
                            "avatarURL": "https://static-cdn.jtvnw.net/ttv-boxart/Planetbase-285x380.jpg",
                            "directoryType": "GAME",
                            "displayName": "Planetbase",
                            "id": "490953",
                            "name": "Planetbase",
                            "viewersCount": 0
                        }
                    },
                    {
                        "__typename": "DirectoryEdge",
                        "cursor": "MTMxOA==",
                        "node": {
                            "__typename": "Game",
                            "activeDropCampaigns": [],
                            "avatarURL": "https://static-cdn.jtvnw.net/ttv-boxart/Star%20Wars:%20Force%20Arena-285x380.jpg",
                            "directoryType": "GAME",
                            "displayName": "Star Wars: Force Arena",
                            "id": "495049",
                            "name": "Star Wars: Force Arena",
                            "viewersCount": 0
                        }
                    },
                    {
                        "__typename": "DirectoryEdge",
                        "cursor": "MTMxOQ==",
                        "node": {
                            "__typename": "Game",
                            "activeDropCampaigns": [],
                            "avatarURL": "https://static-cdn.jtvnw.net/ttv-boxart/Guardians%20of%20the%20Galaxy:%20The%20Telltale%20Series-285x380.jpg",
                            "directoryType": "GAME",
                            "displayName": "Guardians of the Galaxy: The Telltale Series",
                            "id": "494534",
                            "name": "Guardians of the Galaxy: The Telltale Series",
                            "viewersCount": 0
                        }
                    },
                    {
                        "__typename": "DirectoryEdge",
                        "cursor": "MTMyMA==",
                        "node": {
                            "__typename": "Game",
                            "activeDropCampaigns": [],
                            "avatarURL": "https://static-cdn.jtvnw.net/ttv-boxart/Rogue%20Legacy-285x380.jpg",
                            "directoryType": "GAME",
                            "displayName": "Rogue Legacy",
                            "id": "259945",
                            "name": "Rogue Legacy",
                            "viewersCount": 0
                        }
                    },
                    {
                        "__typename": "DirectoryEdge",
                        "cursor": "MTMyMQ==",
                        "node": {
                            "__typename": "Game",
                            "activeDropCampaigns": [],
                            "avatarURL": "https://static-cdn.jtvnw.net/ttv-boxart/Tomb%20Raider:%20Chronicles-285x380.jpg",
                            "directoryType": "GAME",
                            "displayName": "Tomb Raider: Chronicles",
                            "id": "9297",
                            "name": "Tomb Raider: Chronicles",
                            "viewersCount": 0
                        }
                    },
                    {
                        "__typename": "DirectoryEdge",
                        "cursor": "MTMyMg==",
                        "node": {
                            "__typename": "Game",
                            "activeDropCampaigns": [],
                            "avatarURL": "https://static-cdn.jtvnw.net/ttv-boxart/Split/Second-285x380.jpg",
                            "directoryType": "GAME",
                            "displayName": "Split/Second",
                            "id": "23078",
                            "name": "Split/Second",
                            "viewersCount": 0
                        }
                    },
                    {
                        "__typename": "DirectoryEdge",
                        "cursor": "MTMyMw==",
                        "node": {
                            "__typename": "Game",
                            "activeDropCampaigns": [],
                            "avatarURL": "https://static-cdn.jtvnw.net/ttv-boxart/Table%20Top%20Racing:%20World%20Tour-285x380.jpg",
                            "directoryType": "GAME",
                            "displayName": "Table Top Racing: World Tour",
                            "id": "492450",
                            "name": "Table Top Racing: World Tour",
                            "viewersCount": 0
                        }
                    },
                    {
                        "__typename": "DirectoryEdge",
                        "cursor": "MTMyNA==",
                        "node": {
                            "__typename": "Game",
                            "activeDropCampaigns": [],
                            "avatarURL": "https://static-cdn.jtvnw.net/ttv-boxart/Rhythm%20Heaven-285x380.jpg",
                            "directoryType": "GAME",
                            "displayName": "Rhythm Heaven",
                            "id": "19426",
                            "name": "Rhythm Heaven",
                            "viewersCount": 0
                        }
                    },
                    {
                        "__typename": "DirectoryEdge",
                        "cursor": "MTMyNQ==",
                        "node": {
                            "__typename": "Game",
                            "activeDropCampaigns": [],
                            "avatarURL": "https://static-cdn.jtvnw.net/ttv-boxart/Resident%20Evil:%20Code:%20Veronica%20X-285x380.jpg",
                            "directoryType": "GAME",
                            "displayName": "Resident Evil: Code: Veronica X",
                            "id": "7690",
                            "name": "Resident Evil: Code: Veronica X",
                            "viewersCount": 0
                        }
                    },
                    {
                        "__typename": "DirectoryEdge",
                        "cursor": "MTMyNg==",
                        "node": {
                            "__typename": "Game",
                            "activeDropCampaigns": [],
                            "avatarURL": "https://static-cdn.jtvnw.net/ttv-boxart/Spider-Man:%20The%20Movie-285x380.jpg",
                            "directoryType": "GAME",
                            "displayName": "Spider-Man: The Movie",
                            "id": "7624",
                            "name": "Spider-Man: The Movie",
                            "viewersCount": 0
                        }
                    },
                    {
                        "__typename": "DirectoryEdge",
                        "cursor": "MTMyNw==",
                        "node": {
                            "__typename": "Game",
                            "activeDropCampaigns": [],
                            "avatarURL": "https://static-cdn.jtvnw.net/ttv-boxart/Racing-285x380.jpg",
                            "directoryType": "GAME",
                            "displayName": "Racing",
                            "id": "490769",
                            "name": "Racing",
                            "viewersCount": 0
                        }
                    },
                    {
                        "__typename": "DirectoryEdge",
                        "cursor": "MTMyOA==",
                        "node": {
                            "__typename": "Game",
                            "activeDropCampaigns": [],
                            "avatarURL": "https://static-cdn.jtvnw.net/ttv-boxart/Battle%20of%20the%20Defenders-285x380.jpg",
                            "directoryType": "GAME",
                            "displayName": "Battle of the Defenders",
                            "id": "494237",
                            "name": "Battle of the Defenders",
                            "viewersCount": 0
                        }
                    },
                    {
                        "__typename": "DirectoryEdge",
                        "cursor": "MTMyOQ==",
                        "node": {
                            "__typename": "Game",
                            "activeDropCampaigns": [],
                            "avatarURL": "https://static-cdn.jtvnw.net/ttv-boxart/Uncharted:%20Drake%27s%20Fortune-285x380.jpg",
                            "directoryType": "GAME",
                            "displayName": "Uncharted: Drake's Fortune",
                            "id": "12845",
                            "name": "Uncharted: Drake's Fortune",
                            "viewersCount": 0
                        }
                    },
                    {
                        "__typename": "DirectoryEdge",
                        "cursor": "MTMzMA==",
                        "node": {
                            "__typename": "Game",
                            "activeDropCampaigns": [],
                            "avatarURL": "https://static-cdn.jtvnw.net/ttv-boxart/Gothic%203-285x380.jpg",
                            "directoryType": "GAME",
                            "displayName": "Gothic 3",
                            "id": "7100",
                            "name": "Gothic 3",
                            "viewersCount": 0
                        }
                    },
                    {
                        "__typename": "DirectoryEdge",
                        "cursor": "MTMzMQ==",
                        "node": {
                            "__typename": "Game",
                            "activeDropCampaigns": [],
                            "avatarURL": "https://static-cdn.jtvnw.net/ttv-boxart/Desert%20Bus-285x380.jpg",
                            "directoryType": "GAME",
                            "displayName": "Desert Bus",
                            "id": "458738",
                            "name": "Desert Bus",
                            "viewersCount": 0
                        }
                    },
                    {
                        "__typename": "DirectoryEdge",
                        "cursor": "MTMzMg==",
                        "node": {
                            "__typename": "Game",
                            "activeDropCampaigns": [],
                            "avatarURL": "https://static-cdn.jtvnw.net/ttv-boxart/Senran%20Kagura:%20Peach%20Beach%20Splash-285x380.jpg",
                            "directoryType": "GAME",
                            "displayName": "Senran Kagura: Peach Beach Splash",
                            "id": "493724",
                            "name": "Senran Kagura: Peach Beach Splash",
                            "viewersCount": 0
                        }
                    },
                    {
                        "__typename": "DirectoryEdge",
                        "cursor": "MTMzMw==",
                        "node": {
                            "__typename": "Game",
                            "activeDropCampaigns": [],
                            "avatarURL": "https://static-cdn.jtvnw.net/ttv-boxart/Might%20&%20Magic:%20Elemental%20Guardians-285x380.jpg",
                            "directoryType": "GAME",
                            "displayName": "Might & Magic: Elemental Guardians",
                            "id": "498433",
                            "name": "Might & Magic: Elemental Guardians",
                            "viewersCount": 0
                        }
                    },
                    {
                        "__typename": "DirectoryEdge",
                        "cursor": "MTMzNA==",
                        "node": {
                            "__typename": "Game",
                            "activeDropCampaigns": [],
                            "avatarURL": "https://static-cdn.jtvnw.net/ttv-boxart/Animal%20Jam-285x380.jpg",
                            "directoryType": "GAME",
                            "displayName": "Animal Jam",
                            "id": "65890",
                            "name": "Animal Jam",
                            "viewersCount": 0
                        }
                    },
                    {
                        "__typename": "DirectoryEdge",
                        "cursor": "MTMzNQ==",
                        "node": {
                            "__typename": "Game",
                            "activeDropCampaigns": [],
                            "avatarURL": "https://static-cdn.jtvnw.net/ttv-boxart/The%20Darkness%20II-285x380.jpg",
                            "directoryType": "GAME",
                            "displayName": "The Darkness II",
                            "id": "20350",
                            "name": "The Darkness II",
                            "viewersCount": 0
                        }
                    }
                ],
                "pageInfo": {
                    "__typename": "PageInfo",
                    "hasNextPage": true
                }
            }
        },
        "extensions": {
            "durationMilliseconds": 43,
            "operationName": "BrowsePage_AllDirectories"
        }
    }
]