[
    {
        "data": {
            "directories": {
                "__typename": "DirectoryConnection",
                "edges": [
                    {
                        "__typename": "DirectoryEdge",
                        "cursor": "MTMzNQ==",
                        "node": {
                            "__typename": "Game",
                            "activeDropCampaigns": [],
                            "avatarURL": "https://static-cdn.jtvnw.net/ttv-boxart/The%20Darkness%20II-285x380.jpg",
                            "directoryType": "GAME",
                            "displayName": "The Darkness II",
                            "id": "20350",
                            "name": "The Darkness II",
                            "viewersCount": 0
                        }
                    },
                    {
                        "__typename": "DirectoryEdge",
                        "cursor": "MTMzNg==",
                        "node": {
                            "__typename": "Game",
                            "activeDropCampaigns": [],
                            "avatarURL": "https://static-cdn.jtvnw.net/ttv-boxart/Attack%20on%20Titan-285x380.jpg",
                            "directoryType": "GAME",
                            "displayName": "Attack on Titan",
                            "id": "491491",
                            "name": "Attack on Titan",
                            "viewersCount": 0
                        }
                    },
                    {
                        "__typename": "DirectoryEdge",
                        "cursor": "MTMzNw==",
                        "node": {
                            "__typename": "Game",
                            "activeDropCampaigns": [],
                            "avatarURL": "https://static-cdn.jtvnw.net/ttv-boxart/Youtubers%20Life-285x380.jpg",
                            "directoryType": "GAME",
                            "displayName": "Youtubers Life",
                            "id": "492795",
                            "name": "Youtubers Life",
                            "viewersCount": 0
                        }
                    },
                    {
                        "__typename": "DirectoryEdge",
                        "cursor": "MTMzOA==",
                        "node": {
                            "__typename": "Game",
                            "activeDropCampaigns": [],
                            "avatarURL": "https://static-cdn.jtvnw.net/ttv-boxart/Fibbage-285x380.jpg",
                            "directoryType": "GAME",
                            "displayName": "Fibbage",
                            "id": "476477",
                            "name": "Fibbage",
                            "viewersCount": 0
                        }
                    },
                    {
                        "__typename": "DirectoryEdge",
                        "cursor": "MTMzOQ==",
                        "node": {
                            "__typename": "Game",
                            "activeDropCampaigns": [],
                            "avatarURL": "https://static-cdn.jtvnw.net/ttv-boxart/Cataclysm:%20Dark%20Days%20Ahead-285x380.jpg",
                            "directoryType": "GAME",
                            "displayName": "Cataclysm: Dark Days Ahead",
                            "id": "368885",
                            "name": "Cataclysm: Dark Days Ahead",
                            "viewersCount": 0
                        }
                    },
                    {
                        "__typename": "DirectoryEdge",
                        "cursor": "MTM0MA==",
                        "node": {
                            "__typename": "Game",
                            "activeDropCampaigns": [],
                            "avatarURL": "https://static-cdn.jtvnw.net/ttv-boxart/Animal%20Breeder-285x380.jpg",
                            "directoryType": "GAME",
                            "displayName": "Animal Breeder",
                            "id": "82382",
                            "name": "Animal Breeder",
                            "viewersCount": 0
                        }
                    },
                    {
                        "__typename": "DirectoryEdge",
                        "cursor": "MTM0MQ==",
                        "node": {
                            "__typename": "Game",
                            "activeDropCampaigns": [],
                            "avatarURL": "https://static-cdn.jtvnw.net/ttv-boxart/Root%20Letter-285x380.jpg",
                            "directoryType": "GAME",
                            "displayName": "Root Letter",
                            "id": "492608",
                            "name": "Root Letter",
                            "viewersCount": 0
                        }
                    },
                    {
                        "__typename": "DirectoryEdge",
                        "cursor": "MTM0Mg==",
                        "node": {
                            "__typename": "Game",
                            "activeDropCampaigns": [],
                            "avatarURL": "https://static-cdn.jtvnw.net/ttv-boxart/Mordheim:%20City%20of%20the%20Damned-285x380.jpg",
                            "directoryType": "GAME",
                            "displayName": "Mordheim: City of the Damned",
                            "id": "461508",
                            "name": "Mordheim: City of the Damned",
                            "viewersCount": 0
                        }
                    },
                    {
                        "__typename": "DirectoryEdge",
                        "cursor": "MTM0Mw==",
                        "node": {
                            "__typename": "Game",
                            "activeDropCampaigns": [],
                            "avatarURL": "https://static-cdn.jtvnw.net/ttv-boxart/Alicia%20Online-285x380.jpg",
                            "directoryType": "GAME",
                            "displayName": "Alicia Online",
                            "id": "489821",
                            "name": "Alicia Online",
                            "viewersCount": 0
                        }
                    },
                    {
                        "__typename": "DirectoryEdge",
                        "cursor": "MTM0NA==",
                        "node": {
                            "__typename": "Game",
                            "activeDropCampaigns": [],
                            "avatarURL": "https://static-cdn.jtvnw.net/ttv-boxart/The%20Alchemist%20Code-285x380.jpg",
                            "directoryType": "GAME",
                            "displayName": "The Alchemist Code",
                            "id": "499142",
                            "name": "The Alchemist Code",
                            "viewersCount": 0
                        }
                    },
                    {
                        "__typename": "DirectoryEdge",
                        "cursor": "MTM0NQ==",
                        "node": {
                            "__typename": "Game",
                            "activeDropCampaigns": [],
                            "avatarURL": "https://static-cdn.jtvnw.net/ttv-boxart/Bulletstorm:%20Full%20Clip%20Edition-285x380.jpg",
                            "directoryType": "GAME",
                            "displayName": "Bulletstorm: Full Clip Edition",
                            "id": "496490",
                            "name": "Bulletstorm: Full Clip Edition",
                            "viewersCount": 0
                        }
                    },
                    {
                        "__typename": "DirectoryEdge",
                        "cursor": "MTM0Ng==",
                        "node": {
                            "__typename": "Game",
                            "activeDropCampaigns": [],
                            "avatarURL": "https://static-cdn.jtvnw.net/ttv-boxart/Horse%20Racing-285x380.jpg",
                            "directoryType": "GAME",
                            "displayName": "Horse Racing",
                            "id": "6891",
                            "name": "Horse Racing",
                            "viewersCount": 0
                        }
                    },
                    {
                        "__typename": "DirectoryEdge",
                        "cursor": "MTM0Nw==",
                        "node": {
                            "__typename": "Game",
                            "activeDropCampaigns": [],
                            "avatarURL": "https://static-cdn.jtvnw.net/ttv-boxart/Last%20Day%20On%20Earth:%20Survival-285x380.jpg",
                            "directoryType": "GAME",
                            "displayName": "Last Day On Earth: Survival",
                            "id": "497697",
                            "name": "Last Day On Earth: Survival",
                            "viewersCount": 0
                        }
                    },
                    {
                        "__typename": "DirectoryEdge",
                        "cursor": "MTM0OA==",
                        "node": {
                            "__typename": "Game",
                            "activeDropCampaigns": [],
                            "avatarURL": "https://static-cdn.jtvnw.net/ttv-boxart/Nights%20of%20Azure%202:%20Bride%20of%20the%20New%20Moon-285x380.jpg",
                            "directoryType": "GAME",
                            "displayName": "Nights of Azure 2: Bride of the New Moon",
                            "id": "495442",
                            "name": "Nights of Azure 2: Bride of the New Moon",
                            "viewersCount": 0
                        }
                    },
                    {
                        "__typename": "DirectoryEdge",
                        "cursor": "MTM0OQ==",
                        "node": {
                            "__typename": "Game",
                            "activeDropCampaigns": [],
                            "avatarURL": "https://static-cdn.jtvnw.net/ttv-boxart/Football%21-285x380.jpg",
                            "directoryType": "GAME",
                            "displayName": "Football!",
                            "id": "12642",
                            "name": "Football!",
                            "viewersCount": 0
                        }
                    },
                    {
                        "__typename": "DirectoryEdge",
                        "cursor": "MTM1MA==",
                        "node": {
                            "__typename": "Game",
                            "activeDropCampaigns": [],
                            "avatarURL": "https://static-cdn.jtvnw.net/ttv-boxart/Marvel%20Strike%20Force-285x380.jpg",
                            "directoryType": "GAME",
                            "displayName": "Marvel Strike Force",
                            "id": "504651",
                            "name": "Marvel Strike Force",
                            "viewersCount": 0
                        }
                    },
                    {
                        "__typename": "DirectoryEdge",
                        "cursor": "MTM1MQ==",
                        "node": {
                            "__typename": "Game",
                            "activeDropCampaigns": [],
                            "avatarURL": "https://static-cdn.jtvnw.net/ttv-boxart/Chaos%20Online-285x380.jpg",
                            "directoryType": "GAME",
                            "displayName": "Chaos Online",
                            "id": "66444",
                            "name": "Chaos Online",
                            "viewersCount": 0
                        }
                    },
                    {
                        "__typename": "DirectoryEdge",
                        "cursor": "MTM1Mg==",
                        "node": {
                            "__typename": "Game",
                            "activeDropCampaigns": [],
                            "avatarURL": "https://static-cdn.jtvnw.net/ttv-boxart/Durango:%20Wild%20Lands-285x380.jpg",
                            "directoryType": "GAME",
                            "displayName": "Durango: Wild Lands",
                            "id": "494909",
                            "name": "Durango: Wild Lands",
                            "viewersCount": 0
                        }
                    },
                    {
                        "__typename": "DirectoryEdge",
                        "cursor": "MTM1Mw==",
                        "node": {
                            "__typename": "Game",
                            "activeDropCampaigns": [],
                            "avatarURL": "https://static-cdn.jtvnw.net/ttv-boxart/GAMES%20Interactive-285x380.jpg",
                            "directoryType": "GAME",
                            "displayName": "GAMES Interactive",
                            "id": "10373",
                            "name": "GAMES Interactive",
                            "viewersCount": 0
                        }
                    },
                    {
                        "__typename": "DirectoryEdge",
                        "cursor": "MTM1NA==",
                        "node": {
                            "__typename": "Game",
                            "activeDropCampaigns": [],
                            "avatarURL": "https://static-cdn.jtvnw.net/ttv-boxart/Super%20Mario%20RPG:%20Legend%20of%20the%20Seven%20Stars-285x380.jpg",
                            "directoryType": "GAME",
                            "displayName": "Super Mario RPG: Legend of the Seven Stars",
                            "id": "6737",
                            "name": "Super Mario RPG: Legend of the Seven Stars",
                            "viewersCount": 0
                        }
                    },
                    {
                        "__typename": "DirectoryEdge",
                        "cursor": "MTM1NQ==",
                        "node": {
                            "__typename": "Game",
                            "activeDropCampaigns": [],
                            "avatarURL": "https://static-cdn.jtvnw.net/ttv-boxart/Endless%20Frontier-285x380.jpg",
                            "directoryType": "GAME",
                            "displayName": "Endless Frontier",
                            "id": "498249",
                            "name": "Endless Frontier",
                            "viewersCount": 0
                        }
                    },
                    {
                        "__typename": "DirectoryEdge",
                        "cursor": "MTM1Ng==",
                        "node": {
                            "__typename": "Game",
                            "activeDropCampaigns": [],
                            "avatarURL": "https://static-cdn.jtvnw.net/ttv-boxart/Tomb%20Raider%20%281996%29-285x380.jpg",
                            "directoryType": "GAME",
                            "displayName": "Tomb Raider (1996)",
                            "id": "496144",
                            "name": "Tomb Raider (1996)",
                            "viewersCount": 0
                        }
                    },
                    {
                        "__typename": "DirectoryEdge",
                        "cursor": "MTM1Nw==",
                        "node": {
                            "__typename": "Game",
                            "activeDropCampaigns": [],
                            "avatarURL": "https://static-cdn.jtvnw.net/ttv-boxart/Saints%20Row%20IV:%20Re-Elected-285x380.jpg",
                            "directoryType": "GAME",
                            "displayName": "Saints Row IV: Re-Elected",
                            "id": "488561",
                            "name": "Saints Row IV: Re-Elected",
                            "viewersCount": 0
                        }
                    },
                    {
                        "__typename": "DirectoryEdge",
                        "cursor": "MTM1OA==",
                        "node": {
                            "__typename": "Game",
                            "activeDropCampaigns": [],
                            "avatarURL": "https://static-cdn.jtvnw.net/ttv-boxart/Spec%20Ops:%20The%20Line-285x380.jpg",
                            "directoryType": "GAME",
                            "displayName": "Spec Ops: The Line",
                            "id": "26552",
                            "name": "Spec Ops: The Line",
                            "viewersCount": 0
                        }
                    },
                    {
                        "__typename": "DirectoryEdge",
                        "cursor": "MTM1OQ==",
                        "node": {
                            "__typename": "Game",
                            "activeDropCampaigns": [],
                            "avatarURL": "https://static-cdn.jtvnw.net/ttv-boxart/Spider-Man-285x380.jpg",
                            "directoryType": "GAME",
                            "displayName": "Spider-Man",
                            "id": "2684",
                            "name": "Spider-Man",
                            "viewersCount": 0
                        }
                    },
                    {
                        "__typename": "DirectoryEdge",
                        "cursor": "MTM2MA==",
                        "node": {
                            "__typename": "Game",
                            "activeDropCampaigns": [],
                            "avatarURL": "https://static-cdn.jtvnw.net/ttv-boxart/Mercenaries:%20Playground%20of%20Destruction-285x380.jpg",
                            "directoryType": "GAME",
                            "displayName": "Mercenaries: Playground of Destruction",
                            "id": "6990",
                            "name": "Mercenaries: Playground of Destruction",
                            "viewersCount": 0
                        }
                    },
                    {
                        "__typename": "DirectoryEdge",
                        "cursor": "MTM2MQ==",
                        "node": {
                            "__typename": "Game",
                            "activeDropCampaigns": [],
                            "avatarURL": "https://static-cdn.jtvnw.net/ttv-boxart/Metal%20Gear%20Solid%20V:%20The%20Definitive%20Experience-285x380.jpg",
                            "directoryType": "GAME",
                            "displayName": "Metal Gear Solid V: The Definitive Experience",
                            "id": "505278",
                            "name": "Metal Gear Solid V: The Definitive Experience",
                            "viewersCount": 0
                        }
                    },
                    {
                        "__typename": "DirectoryEdge",
                        "cursor": "MTM2Mg==",
                        "node": {
                            "__typename": "Game",
                            "activeDropCampaigns": [],
                            "avatarURL": "https://static-cdn.jtvnw.net/ttv-boxart/Entrepreneur-285x380.jpg",
                            "directoryType": "GAME",
                            "displayName": "Entrepreneur",
                            "id": "459279",
                            "name": "Entrepreneur",
                            "viewersCount": 0
                        }
                    },
                    {
                        "__typename": "DirectoryEdge",
                        "cursor": "MTM2Mw==",
                        "node": {
                            "__typename": "Game",
                            "activeDropCampaigns": [],
                            "avatarURL": "https://static-cdn.jtvnw.net/ttv-boxart/WolfTeam-285x380.jpg",
                            "directoryType": "GAME",
                            "displayName": "WolfTeam",
                            "id": "26924",
                            "name": "WolfTeam",
                            "viewersCount": 0
                        }
                    },
                    {
                        "__typename": "DirectoryEdge",
                        "cursor": "MTM2NA==",
                        "node": {
                            "__typename": "Game",
                            "activeDropCampaigns": [],
                            "avatarURL": "https://static-cdn.jtvnw.net/ttv-boxart/Startup%20Company-285x380.jpg",
                            "directoryType": "GAME",
                            "displayName": "Startup Company",
                            "id": "491392",
                            "name": "Startup Company",
                            "viewersCount": 0
                        }
                    }
                ],
                "pageInfo": {
                    "__typename": "PageInfo",
                    "hasNextPage": true
                }
            }
        },
        "extensions": {
            "durationMilliseconds": 60,
            "operationName": "BrowsePage_AllDirectories"
        }
    }
]