[
    {
        "data": {
            "directories": {
                "__typename": "DirectoryConnection",
                "edges": [
                    {
                        "__typename": "DirectoryEdge",
                        "cursor": "MTM2NA==",
                        "node": {
                            "__typename": "Game",
                            "activeDropCampaigns": [],
                            "avatarURL": "https://static-cdn.jtvnw.net/ttv-boxart/Startup%20Company-285x380.jpg",
                            "directoryType": "GAME",
                            "displayName": "Startup Company",
                            "id": "491392",
                            "name": "Startup Company",
                            "viewersCount": 0
                        }
                    },
                    {
                        "__typename": "DirectoryEdge",
                        "cursor": "MTM2NQ==",
                        "node": {
                            "__typename": "Game",
                            "activeDropCampaigns": [],
                            "avatarURL": "https://static-cdn.jtvnw.net/ttv-boxart/Theseus-285x380.jpg",
                            "directoryType": "GAME",
                            "displayName": "Theseus",
                            "id": "498128",
                            "name": "Theseus",
                            "viewersCount": 0
                        }
                    },
                    {
                        "__typename": "DirectoryEdge",
                        "cursor": "MTM2Ng==",
                        "node": {
                            "__typename": "Game",
                            "activeDropCampaigns": [],
                            "avatarURL": "https://static-cdn.jtvnw.net/ttv-boxart/Adventure%20Time:%20The%20Secret%20of%20the%20Nameless%20Kingdom-285x380.jpg",
                            "directoryType": "GAME",
                            "displayName": "Adventure Time: The Secret of the Nameless Kingdom",
                            "id": "460350",
                            "name": "Adventure Time: The Secret of the Nameless Kingdom",
                            "viewersCount": 0
                        }
                    },
                    {
                        "__typename": "DirectoryEdge",
                        "cursor": "MTM2Nw==",
                        "node": {
                            "__typename": "Game",
                            "activeDropCampaigns": [],
                            "avatarURL": "https://static-cdn.jtvnw.net/ttv-boxart/Arcaea-285x380.jpg",
                            "directoryType": "GAME",
                            "displayName": "Arcaea",
                            "id": "496703",
                            "name": "Arcaea",
                            "viewersCount": 0
                        }
                    },
                    {
                        "__typename": "DirectoryEdge",
                        "cursor": "MTM2OA==",
                        "node": {
                            "__typename": "Game",
                            "activeDropCampaigns": [],
                            "avatarURL": "https://static-cdn.jtvnw.net/ttv-boxart/Armored%20Core-285x380.jpg",
                            "directoryType": "GAME",
                            "displayName": "Armored Core",
                            "id": "15267",
                            "name": "Armored Core",
                            "viewersCount": 0
                        }
                    },
                    {
                        "__typename": "DirectoryEdge",
                        "cursor": "MTM2OQ==",
                        "node": {
                            "__typename": "Game",
                            "activeDropCampaigns": [],
                            "avatarURL": "https://static-cdn.jtvnw.net/ttv-boxart/God%20of%20War:%20Ascension-285x380.jpg",
                            "directoryType": "GAME",
                            "displayName": "God of War: Ascension",
                            "id": "34135",
                            "name": "God of War: Ascension",
                            "viewersCount": 0
                        }
                    },
                    {
                        "__typename": "DirectoryEdge",
                        "cursor": "MTM3MA==",
                        "node": {
                            "__typename": "Game",
                            "activeDropCampaigns": [],
                            "avatarURL": "https://static-cdn.jtvnw.net/ttv-boxart/Risen-285x380.jpg",
                            "directoryType": "GAME",
                            "displayName": "Risen",
                            "id": "20932",
                            "name": "Risen",
                            "viewersCount": 0
                        }
                    },
                    {
                        "__typename": "DirectoryEdge",
                        "cursor": "MTM3MQ==",
                        "node": {
                            "__typename": "Game",
                            "activeDropCampaigns": [],
                            "avatarURL": "https://static-cdn.jtvnw.net/ttv-boxart/Flyff%20-%20Fly%20For%20Fun-285x380.jpg",
                            "directoryType": "GAME",
                            "displayName": "Flyff - Fly For Fun",
                            "id": "20152",
                            "name": "Flyff - Fly For Fun",
                            "viewersCount": 0
                        }
                    },
                    {
                        "__typename": "DirectoryEdge",
                        "cursor": "MTM3Mg==",
                        "node": {
                            "__typename": "Game",
                            "activeDropCampaigns": [],
                            "avatarURL": "https://static-cdn.jtvnw.net/ttv-boxart/Hell%20Let%20Loose-285x380.jpg",
                            "directoryType": "GAME",
                            "displayName": "Hell Let Loose",
                            "id": "497440",
                            "name": "Hell Let Loose",
                            "viewersCount": 0
                        }
                    },
                    {
                        "__typename": "DirectoryEdge",
                        "cursor": "MTM3Mw==",
                        "node": {
                            "__typename": "Game",
                            "activeDropCampaigns": [],
                            "avatarURL": "https://static-cdn.jtvnw.net/ttv-boxart/Farpoint-285x380.jpg",
                            "directoryType": "GAME",
                            "displayName": "Farpoint",
                            "id": "493150",
                            "name": "Farpoint",
                            "viewersCount": 0
                        }
                    },
                    {
                        "__typename": "DirectoryEdge",
                        "cursor": "MTM3NA==",
                        "node": {
                            "__typename": "Game",
                            "activeDropCampaigns": [],
                            "avatarURL": "https://static-cdn.jtvnw.net/ttv-boxart/Live%20for%20Speed-285x380.jpg",
                            "directoryType": "GAME",
                            "displayName": "Live for Speed",
                            "id": "17877",
                            "name": "Live for Speed",
                            "viewersCount": 0
                        }
                    },
                    {
                        "__typename": "DirectoryEdge",
                        "cursor": "MTM3NQ==",
                        "node": {
                            "__typename": "Game",
                            "activeDropCampaigns": [],
                            "avatarURL": "https://static-cdn.jtvnw.net/ttv-boxart/Super%20Mario%20Run-285x380.jpg",
                            "directoryType": "GAME",
                            "displayName": "Super Mario Run",
                            "id": "493175",
                            "name": "Super Mario Run",
                            "viewersCount": 0
                        }
                    },
                    {
                        "__typename": "DirectoryEdge",
                        "cursor": "MTM3Ng==",
                        "node": {
                            "__typename": "Game",
                            "activeDropCampaigns": [],
                            "avatarURL": "https://static-cdn.jtvnw.net/ttv-boxart/News%20Tycoon-285x380.jpg",
                            "directoryType": "GAME",
                            "displayName": "News Tycoon",
                            "id": "496941",
                            "name": "News Tycoon",
                            "viewersCount": 0
                        }
                    },
                    {
                        "__typename": "DirectoryEdge",
                        "cursor": "MTM3Nw==",
                        "node": {
                            "__typename": "Game",
                            "activeDropCampaigns": [],
                            "avatarURL": "https://static-cdn.jtvnw.net/ttv-boxart/Guitar%20Hero%20Live-285x380.jpg",
                            "directoryType": "GAME",
                            "displayName": "Guitar Hero Live",
                            "id": "489463",
                            "name": "Guitar Hero Live",
                            "viewersCount": 0
                        }
                    },
                    {
                        "__typename": "DirectoryEdge",
                        "cursor": "MTM3OA==",
                        "node": {
                            "__typename": "Game",
                            "activeDropCampaigns": [],
                            "avatarURL": "https://static-cdn.jtvnw.net/ttv-boxart/The%20Turing%20Test-285x380.jpg",
                            "directoryType": "GAME",
                            "displayName": "The Turing Test",
                            "id": "493044",
                            "name": "The Turing Test",
                            "viewersCount": 0
                        }
                    },
                    {
                        "__typename": "DirectoryEdge",
                        "cursor": "MTM3OQ==",
                        "node": {
                            "__typename": "Game",
                            "activeDropCampaigns": [],
                            "avatarURL": "https://static-cdn.jtvnw.net/ttv-boxart/Korea:%20Forgotten%20Conflict-285x380.jpg",
                            "directoryType": "GAME",
                            "displayName": "Korea: Forgotten Conflict",
                            "id": "18019",
                            "name": "Korea: Forgotten Conflict",
                            "viewersCount": 0
                        }
                    },
                    {
                        "__typename": "DirectoryEdge",
                        "cursor": "MTM4MA==",
                        "node": {
                            "__typename": "Game",
                            "activeDropCampaigns": [],
                            "avatarURL": "https://static-cdn.jtvnw.net/ttv-boxart/Naruto%20Shippuden:%20Ultimate%20Ninja%20Storm%204-285x380.jpg",
                            "directoryType": "GAME",
                            "displayName": "Naruto Shippuden: Ultimate Ninja Storm 4",
                            "id": "488635",
                            "name": "Naruto Shippuden: Ultimate Ninja Storm 4",
                            "viewersCount": 0
                        }
                    },
                    {
                        "__typename": "DirectoryEdge",
                        "cursor": "MTM4MQ==",
                        "node": {
                            "__typename": "Game",
                            "activeDropCampaigns": [],
                            "avatarURL": "https://static-cdn.jtvnw.net/ttv-boxart/LEGO%20Star%20Wars%20III:%20The%20Clone%20Wars-285x380.jpg",
                            "directoryType": "GAME",
                            "displayName": "LEGO Star Wars III: The Clone Wars",
                            "id": "27036",
                            "name": "LEGO Star Wars III: The Clone Wars",
                            "viewersCount": 0
                        }
                    },
                    {
                        "__typename": "DirectoryEdge",
                        "cursor": "MTM4Mg==",
                        "node": {
                            "__typename": "Game",
                            "activeDropCampaigns": [],
                            "avatarURL": "https://static-cdn.jtvnw.net/ttv-boxart/Suicide%20Guy-285x380.jpg",
                            "directoryType": "GAME",
                            "displayName": "Suicide Guy",
                            "id": "497888",
                            "name": "Suicide Guy",
                            "viewersCount": 0
                        }
                    },
                    {
                        "__typename": "DirectoryEdge",
                        "cursor": "MTM4Mw==",
                        "node": {
                            "__typename": "Game",
                            "activeDropCampaigns": [],
                            "avatarURL": "https://static-cdn.jtvnw.net/ttv-boxart/Test%20Drive:%20Off-Road:%20Wide%20Open-285x380.jpg",
                            "directoryType": "GAME",
                            "displayName": "Test Drive: Off-Road: Wide Open",
                            "id": "5501",
                            "name": "Test Drive: Off-Road: Wide Open",
                            "viewersCount": 0
                        }
                    },
                    {
                        "__typename": "DirectoryEdge",
                        "cursor": "MTM4NA==",
                        "node": {
                            "__typename": "Game",
                            "activeDropCampaigns": [],
                            "avatarURL": "https://static-cdn.jtvnw.net/ttv-boxart/Monaco:%20What%27s%20Yours%20Is%20Mine-285x380.jpg",
                            "directoryType": "GAME",
                            "displayName": "Monaco: What's Yours Is Mine",
                            "id": "303965",
                            "name": "Monaco: What's Yours Is Mine",
                            "viewersCount": 0
                        }
                    },
                    {
                        "__typename": "DirectoryEdge",
                        "cursor": "MTM4NQ==",
                        "node": {
                            "__typename": "Game",
                            "activeDropCampaigns": [],
                            "avatarURL": "https://static-cdn.jtvnw.net/ttv-boxart/Ran%20Online-285x380.jpg",
                            "directoryType": "GAME",
                            "displayName": "Ran Online",
                            "id": "66439",
                            "name": "Ran Online",
                            "viewersCount": 0
                        }
                    },
                    {
                        "__typename": "DirectoryEdge",
                        "cursor": "MTM4Ng==",
                        "node": {
                            "__typename": "Game",
                            "activeDropCampaigns": [],
                            "avatarURL": "https://static-cdn.jtvnw.net/ttv-boxart/Game%20Dev%20Tycoon-285x380.jpg",
                            "directoryType": "GAME",
                            "displayName": "Game Dev Tycoon",
                            "id": "105451",
                            "name": "Game Dev Tycoon",
                            "viewersCount": 0
                        }
                    },
                    {
                        "__typename": "DirectoryEdge",
                        "cursor": "MTM4Nw==",
                        "node": {
                            "__typename": "Game",
                            "activeDropCampaigns": [],
                            "avatarURL": "https://static-cdn.jtvnw.net/ttv-boxart/Endless%20Space%202-285x380.jpg",
                            "directoryType": "GAME",
                            "displayName": "Endless Space 2",
                            "id": "491732",
                            "name": "Endless Space 2",
                            "viewersCount": 0
                        }
                    },
                    {
                        "__typename": "DirectoryEdge",
                        "cursor": "MTM4OA==",
                        "node": {
                            "__typename": "Game",
                            "activeDropCampaigns": [],
                            "avatarURL": "https://static-cdn.jtvnw.net/ttv-boxart/Flight%20Simulator-285x380.jpg",
                            "directoryType": "GAME",
                            "displayName": "Flight Simulator",
                            "id": "12715",
                            "name": "Flight Simulator",
                            "viewersCount": 0
                        }
                    },
                    {
                        "__typename": "DirectoryEdge",
                        "cursor": "MTM4OQ==",
                        "node": {
                            "__typename": "Game",
                            "activeDropCampaigns": [],
                            "avatarURL": "https://static-cdn.jtvnw.net/ttv-boxart/Space%20Pirates%20and%20Zombies-285x380.jpg",
                            "directoryType": "GAME",
                            "displayName": "Space Pirates and Zombies",
                            "id": "32239",
                            "name": "Space Pirates and Zombies",
                            "viewersCount": 0
                        }
                    },
                    {
                        "__typename": "DirectoryEdge",
                        "cursor": "MTM5MA==",
                        "node": {
                            "__typename": "Game",
                            "activeDropCampaigns": [],
                            "avatarURL": "https://static-cdn.jtvnw.net/ttv-boxart/Global%20Game%20Jam-285x380.jpg",
                            "directoryType": "GAME",
                            "displayName": "Global Game Jam",
                            "id": "491134",
                            "name": "Global Game Jam",
                            "viewersCount": 0
                        }
                    },
                    {
                        "__typename": "DirectoryEdge",
                        "cursor": "MTM5MQ==",
                        "node": {
                            "__typename": "Game",
                            "activeDropCampaigns": [],
                            "avatarURL": "https://static-cdn.jtvnw.net/ttv-boxart/Tower%20of%20Guns-285x380.jpg",
                            "directoryType": "GAME",
                            "displayName": "Tower of Guns",
                            "id": "368969",
                            "name": "Tower of Guns",
                            "viewersCount": 0
                        }
                    },
                    {
                        "__typename": "DirectoryEdge",
                        "cursor": "MTM5Mg==",
                        "node": {
                            "__typename": "Game",
                            "activeDropCampaigns": [],
                            "avatarURL": "https://static-cdn.jtvnw.net/ttv-boxart/Magicite-285x380.jpg",
                            "directoryType": "GAME",
                            "displayName": "Magicite",
                            "id": "417704",
                            "name": "Magicite",
                            "viewersCount": 0
                        }
                    },
                    {
                        "__typename": "DirectoryEdge",
                        "cursor": "MTM5Mw==",
                        "node": {
                            "__typename": "Game",
                            "activeDropCampaigns": [],
                            "avatarURL": "https://static-cdn.jtvnw.net/ttv-boxart/Super%20Paper%20Mario-285x380.jpg",
                            "directoryType": "GAME",
                            "displayName": "Super Paper Mario",
                            "id": "11705",
                            "name": "Super Paper Mario",
                            "viewersCount": 0
                        }
                    }
                ],
                "pageInfo": {
                    "__typename": "PageInfo",
                    "hasNextPage": true
                }
            }
        },
        "extensions": {
            "durationMilliseconds": 73,
            "operationName": "BrowsePage_AllDirectories"
        }
    }
]