[
    {
        "data": {
            "directories": {
                "__typename": "DirectoryConnection",
                "edges": [
                    {
                        "__typename": "DirectoryEdge",
                        "cursor": "MTM5Mw==",
                        "node": {
                            "__typename": "Game",
                            "activeDropCampaigns": [],
                            "avatarURL": "https://static-cdn.jtvnw.net/ttv-boxart/Super%20Paper%20Mario-285x380.jpg",
                            "directoryType": "GAME",
                            "displayName": "Super Paper Mario",
                            "id": "11705",
                            "name": "Super Paper Mario",
                            "viewersCount": 0
                        }
                    },
                    {
                        "__typename": "DirectoryEdge",
                        "cursor": "MTM5NA==",
                        "node": {
                            "__typename": "Game",
                            "activeDropCampaigns": [],
                            "avatarURL": "https://static-cdn.jtvnw.net/ttv-boxart/OMSI%202-285x380.jpg",
                            "directoryType": "GAME",
                            "displayName": "OMSI 2",
                            "id": "458857",
                            "name": "OMSI 2",
                            "viewersCount": 0
                        }
                    },
                    {
                        "__typename": "DirectoryEdge",
                        "cursor": "MTM5NQ==",
                        "node": {
                            "__typename": "Game",
                            "activeDropCampaigns": [],
                            "avatarURL": "https://static-cdn.jtvnw.net/ttv-boxart/Reassembly-285x380.jpg",
                            "directoryType": "GAME",
                            "displayName": "Reassembly",
                            "id": "461535",
                            "name": "Reassembly",
                            "viewersCount": 0
                        }
                    },
                    {
                        "__typename": "DirectoryEdge",
                        "cursor": "MTM5Ng==",
                        "node": {
                            "__typename": "Game",
                            "activeDropCampaigns": [],
                            "avatarURL": "https://static-cdn.jtvnw.net/ttv-boxart/Claw-285x380.jpg",
                            "directoryType": "GAME",
                            "displayName": "Claw",
                            "id": "9800",
                            "name": "Claw",
                            "viewersCount": 0
                        }
                    },
                    {
                        "__typename": "DirectoryEdge",
                        "cursor": "MTM5Nw==",
                        "node": {
                            "__typename": "Game",
                            "activeDropCampaigns": [],
                            "avatarURL": "https://static-cdn.jtvnw.net/ttv-boxart/Shadowrun-285x380.jpg",
                            "directoryType": "GAME",
                            "displayName": "Shadowrun",
                            "id": "553",
                            "name": "Shadowrun",
                            "viewersCount": 0
                        }
                    },
                    {
                        "__typename": "DirectoryEdge",
                        "cursor": "MTM5OA==",
                        "node": {
                            "__typename": "Game",
                            "activeDropCampaigns": [],
                            "avatarURL": "https://static-cdn.jtvnw.net/ttv-boxart/Steel%20Battalion-285x380.jpg",
                            "directoryType": "GAME",
                            "displayName": "Steel Battalion",
                            "id": "5339",
                            "name": "Steel Battalion",
                            "viewersCount": 0
                        }
                    },
                    {
                        "__typename": "DirectoryEdge",
                        "cursor": "MTM5OQ==",
                        "node": {
                            "__typename": "Game",
                            "activeDropCampaigns": [],
                            "avatarURL": "https://static-cdn.jtvnw.net/ttv-boxart/Star%20Wars%20Battlefront-285x380.jpg",
                            "directoryType": "GAME",
                            "displayName": "Star Wars Battlefront",
                            "id": "490887",
                            "name": "Star Wars Battlefront",
                            "viewersCount": 0
                        }
                    },
                    {
                        "__typename": "DirectoryEdge",
                        "cursor": "MTQwMA==",
                        "node": {
                            "__typename": "Game",
                            "activeDropCampaigns": [],
                            "avatarURL": "https://static-cdn.jtvnw.net/ttv-boxart/The%20Blackwell%20Legacy-285x380.jpg",
                            "directoryType": "GAME",
                            "displayName": "The Blackwell Legacy",
                            "id": "18160",
                            "name": "The Blackwell Legacy",
                            "viewersCount": 0
                        }
                    },
                    {
                        "__typename": "DirectoryEdge",
                        "cursor": "MTQwMQ==",
                        "node": {
                            "__typename": "Game",
                            "activeDropCampaigns": [],
                            "avatarURL": "https://static-cdn.jtvnw.net/ttv-boxart/Dance%20Dance%20Revolution%20A-285x380.jpg",
                            "directoryType": "GAME",
                            "displayName": "Dance Dance Revolution A",
                            "id": "498013",
                            "name": "Dance Dance Revolution A",
                            "viewersCount": 0
                        }
                    },
                    {
                        "__typename": "DirectoryEdge",
                        "cursor": "MTQwMg==",
                        "node": {
                            "__typename": "Game",
                            "activeDropCampaigns": [],
                            "avatarURL": "https://static-cdn.jtvnw.net/ttv-boxart/Assassin%27s%20Creed:%20The%20Ezio%20Collection-285x380.jpg",
                            "directoryType": "GAME",
                            "displayName": "Assassin's Creed: The Ezio Collection",
                            "id": "493216",
                            "name": "Assassin's Creed: The Ezio Collection",
                            "viewersCount": 0
                        }
                    },
                    {
                        "__typename": "DirectoryEdge",
                        "cursor": "MTQwMw==",
                        "node": {
                            "__typename": "Game",
                            "activeDropCampaigns": [],
                            "avatarURL": "https://static-cdn.jtvnw.net/ttv-boxart/Doom%204-285x380.jpg",
                            "directoryType": "GAME",
                            "displayName": "Doom 4",
                            "id": "18877",
                            "name": "Doom 4",
                            "viewersCount": 0
                        }
                    },
                    {
                        "__typename": "DirectoryEdge",
                        "cursor": "MTQwNA==",
                        "node": {
                            "__typename": "Game",
                            "activeDropCampaigns": [],
                            "avatarURL": "https://static-cdn.jtvnw.net/ttv-boxart/Metal%20Gear%20Rising:%20Revengeance-285x380.jpg",
                            "directoryType": "GAME",
                            "displayName": "Metal Gear Rising: Revengeance",
                            "id": "24208",
                            "name": "Metal Gear Rising: Revengeance",
                            "viewersCount": 0
                        }
                    },
                    {
                        "__typename": "DirectoryEdge",
                        "cursor": "MTQwNQ==",
                        "node": {
                            "__typename": "Game",
                            "activeDropCampaigns": [],
                            "avatarURL": "https://static-cdn.jtvnw.net/ttv-boxart/Assassin%27s%20Creed%20Unity-285x380.jpg",
                            "directoryType": "GAME",
                            "displayName": "Assassin's Creed Unity",
                            "id": "459839",
                            "name": "Assassin's Creed Unity",
                            "viewersCount": 0
                        }
                    },
                    {
                        "__typename": "DirectoryEdge",
                        "cursor": "MTQwNg==",
                        "node": {
                            "__typename": "Game",
                            "activeDropCampaigns": [],
                            "avatarURL": "https://static-cdn.jtvnw.net/ttv-boxart/Robotron:%202084-285x380.jpg",
                            "directoryType": "GAME",
                            "displayName": "Robotron: 2084",
                            "id": "10304",
                            "name": "Robotron: 2084",
                            "viewersCount": 0
                        }
                    },
                    {
                        "__typename": "DirectoryEdge",
                        "cursor": "MTQwNw==",
                        "node": {
                            "__typename": "Game",
                            "activeDropCampaigns": [],
                            "avatarURL": "https://static-cdn.jtvnw.net/ttv-boxart/Titan%20Quest-285x380.jpg",
                            "directoryType": "GAME",
                            "displayName": "Titan Quest",
                            "id": "7912",
                            "name": "Titan Quest",
                            "viewersCount": 0
                        }
                    },
                    {
                        "__typename": "DirectoryEdge",
                        "cursor": "MTQwOA==",
                        "node": {
                            "__typename": "Game",
                            "activeDropCampaigns": [],
                            "avatarURL": "https://static-cdn.jtvnw.net/ttv-boxart/Skullgirls-285x380.jpg",
                            "directoryType": "GAME",
                            "displayName": "Skullgirls",
                            "id": "30639",
                            "name": "Skullgirls",
                            "viewersCount": 0
                        }
                    },
                    {
                        "__typename": "DirectoryEdge",
                        "cursor": "MTQwOQ==",
                        "node": {
                            "__typename": "Game",
                            "activeDropCampaigns": [],
                            "avatarURL": "https://static-cdn.jtvnw.net/ttv-boxart/Yomawari:%20Midnight%20Shadows-285x380.jpg",
                            "directoryType": "GAME",
                            "displayName": "Yomawari: Midnight Shadows",
                            "id": "497763",
                            "name": "Yomawari: Midnight Shadows",
                            "viewersCount": 0
                        }
                    },
                    {
                        "__typename": "DirectoryEdge",
                        "cursor": "MTQxMA==",
                        "node": {
                            "__typename": "Game",
                            "activeDropCampaigns": [],
                            "avatarURL": "https://static-cdn.jtvnw.net/ttv-boxart/Heroes%20of%20Might%20and%20Magic%20IV-285x380.jpg",
                            "directoryType": "GAME",
                            "displayName": "Heroes of Might and Magic IV",
                            "id": "9821",
                            "name": "Heroes of Might and Magic IV",
                            "viewersCount": 0
                        }
                    },
                    {
                        "__typename": "DirectoryEdge",
                        "cursor": "MTQxMQ==",
                        "node": {
                            "__typename": "Game",
                            "activeDropCampaigns": [],
                            "avatarURL": "https://static-cdn.jtvnw.net/ttv-boxart/Until%20Dawn-285x380.jpg",
                            "directoryType": "GAME",
                            "displayName": "Until Dawn",
                            "id": "67637",
                            "name": "Until Dawn",
                            "viewersCount": 0
                        }
                    },
                    {
                        "__typename": "DirectoryEdge",
                        "cursor": "MTQxMg==",
                        "node": {
                            "__typename": "Game",
                            "activeDropCampaigns": [],
                            "avatarURL": "https://static-cdn.jtvnw.net/ttv-boxart/LEGO%20Pirates%20of%20the%20Caribbean:%20The%20Video%20Game-285x380.jpg",
                            "directoryType": "GAME",
                            "displayName": "LEGO Pirates of the Caribbean: The Video Game",
                            "id": "29873",
                            "name": "LEGO Pirates of the Caribbean: The Video Game",
                            "viewersCount": 0
                        }
                    },
                    {
                        "__typename": "DirectoryEdge",
                        "cursor": "MTQxMw==",
                        "node": {
                            "__typename": "Game",
                            "activeDropCampaigns": [],
                            "avatarURL": "https://static-cdn.jtvnw.net/ttv-boxart/Rory%20McIlroy%20PGA%20Tour-285x380.jpg",
                            "directoryType": "GAME",
                            "displayName": "Rory McIlroy PGA Tour",
                            "id": "458491",
                            "name": "Rory McIlroy PGA Tour",
                            "viewersCount": 0
                        }
                    },
                    {
                        "__typename": "DirectoryEdge",
                        "cursor": "MTQxNA==",
                        "node": {
                            "__typename": "Game",
                            "activeDropCampaigns": [],
                            "avatarURL": "https://static-cdn.jtvnw.net/ttv-boxart/Kingsway-285x380.jpg",
                            "directoryType": "GAME",
                            "displayName": "Kingsway",
                            "id": "497865",
                            "name": "Kingsway",
                            "viewersCount": 0
                        }
                    },
                    {
                        "__typename": "DirectoryEdge",
                        "cursor": "MTQxNQ==",
                        "node": {
                            "__typename": "Game",
                            "activeDropCampaigns": [],
                            "avatarURL": "https://static-cdn.jtvnw.net/ttv-boxart/Ragnarok%20Online%20Mobile-285x380.jpg",
                            "directoryType": "GAME",
                            "displayName": "Ragnarok Online Mobile",
                            "id": "496952",
                            "name": "Ragnarok Online Mobile",
                            "viewersCount": 0
                        }
                    },
                    {
                        "__typename": "DirectoryEdge",
                        "cursor": "MTQxNg==",
                        "node": {
                            "__typename": "Game",
                            "activeDropCampaigns": [],
                            "avatarURL": "https://static-cdn.jtvnw.net/ttv-boxart/Mighty%20No.%209-285x380.jpg",
                            "directoryType": "GAME",
                            "displayName": "Mighty No. 9",
                            "id": "370427",
                            "name": "Mighty No. 9",
                            "viewersCount": 0
                        }
                    },
                    {
                        "__typename": "DirectoryEdge",
                        "cursor": "MTQxNw==",
                        "node": {
                            "__typename": "Game",
                            "activeDropCampaigns": [],
                            "avatarURL": "https://static-cdn.jtvnw.net/ttv-boxart/Wolfenstein-285x380.jpg",
                            "directoryType": "GAME",
                            "displayName": "Wolfenstein",
                            "id": "19288",
                            "name": "Wolfenstein",
                            "viewersCount": 0
                        }
                    },
                    {
                        "__typename": "DirectoryEdge",
                        "cursor": "MTQxOA==",
                        "node": {
                            "__typename": "Game",
                            "activeDropCampaigns": [],
                            "avatarURL": "https://static-cdn.jtvnw.net/ttv-boxart/Tony%20Hawk%27s%20Underground-285x380.jpg",
                            "directoryType": "GAME",
                            "displayName": "Tony Hawk's Underground",
                            "id": "13666",
                            "name": "Tony Hawk's Underground",
                            "viewersCount": 0
                        }
                    },
                    {
                        "__typename": "DirectoryEdge",
                        "cursor": "MTQxOQ==",
                        "node": {
                            "__typename": "Game",
                            "activeDropCampaigns": [],
                            "avatarURL": "https://static-cdn.jtvnw.net/ttv-boxart/Bravo%20Team-285x380.jpg",
                            "directoryType": "GAME",
                            "displayName": "Bravo Team",
                            "id": "497445",
                            "name": "Bravo Team",
                            "viewersCount": 0
                        }
                    },
                    {
                        "__typename": "DirectoryEdge",
                        "cursor": "MTQyMA==",
                        "node": {
                            "__typename": "Game",
                            "activeDropCampaigns": [],
                            "avatarURL": "https://static-cdn.jtvnw.net/ttv-boxart/X%20Rebirth-285x380.jpg",
                            "directoryType": "GAME",
                            "displayName": "X Rebirth",
                            "id": "31315",
                            "name": "X Rebirth",
                            "viewersCount": 0
                        }
                    },
                    {
                        "__typename": "DirectoryEdge",
                        "cursor": "MTQyMQ==",
                        "node": {
                            "__typename": "Game",
                            "activeDropCampaigns": [],
                            "avatarURL": "https://static-cdn.jtvnw.net/ttv-boxart/Sky%20Force%20Anniversary-285x380.jpg",
                            "directoryType": "GAME",
                            "displayName": "Sky Force Anniversary",
                            "id": "489590",
                            "name": "Sky Force Anniversary",
                            "viewersCount": 0
                        }
                    },
                    {
                        "__typename": "DirectoryEdge",
                        "cursor": "MTQyMg==",
                        "node": {
                            "__typename": "Game",
                            "activeDropCampaigns": [],
                            "avatarURL": "https://static-cdn.jtvnw.net/ttv-boxart/Emily%20Wants%20to%20Play%20Too-285x380.jpg",
                            "directoryType": "GAME",
                            "displayName": "Emily Wants to Play Too",
                            "id": "500799",
                            "name": "Emily Wants to Play Too",
                            "viewersCount": 0
                        }
                    }
                ],
                "pageInfo": {
                    "__typename": "PageInfo",
                    "hasNextPage": true
                }
            }
        },
        "extensions": {
            "durationMilliseconds": 78,
            "operationName": "BrowsePage_AllDirectories"
        }
    }
]