[
    {
        "data": {
            "directories": {
                "__typename": "DirectoryConnection",
                "edges": [
                    {
                        "__typename": "DirectoryEdge",
                        "cursor": "MTE3",
                        "node": {
                            "__typename": "Game",
                            "activeDropCampaigns": [],
                            "avatarURL": "https://static-cdn.jtvnw.net/ttv-boxart/Arena%20of%20Valor-285x380.jpg",
                            "directoryType": "GAME",
                            "displayName": "Arena of Valor",
                            "id": "498302",
                            "name": "Arena of Valor",
                            "viewersCount": 369
                        }
                    },
                    {
                        "__typename": "DirectoryEdge",
                        "cursor": "MTE4",
                        "node": {
                            "__typename": "Game",
                            "activeDropCampaigns": [],
                            "avatarURL": "https://static-cdn.jtvnw.net/ttv-boxart/Foundation-285x380.jpg",
                            "directoryType": "GAME",
                            "displayName": "Foundation",
                            "id": "503953",
                            "name": "Foundation",
                            "viewersCount": 361
                        }
                    },
                    {
                        "__typename": "DirectoryEdge",
                        "cursor": "MTE5",
                        "node": {
                            "__typename": "Game",
                            "activeDropCampaigns": [],
                            "avatarURL": "https://static-cdn.jtvnw.net/ttv-boxart/Splatoon%202-285x380.jpg",
                            "directoryType": "GAME",
                            "displayName": "Splatoon 2",
                            "id": "495064",
                            "name": "Splatoon 2",
                            "viewersCount": 361
                        }
                    },
                    {
                        "__typename": "DirectoryEdge",
                        "cursor": "MTIw",
                        "node": {
                            "__typename": "Game",
                            "activeDropCampaigns": [],
                            "avatarURL": "https://static-cdn.jtvnw.net/ttv-boxart/StarCraft-285x380.jpg",
                            "directoryType": "GAME",
                            "displayName": "StarCraft",
                            "id": "11989",
                            "name": "StarCraft",
                            "viewersCount": 347
                        }
                    },
                    {
                        "__typename": "DirectoryEdge",
                        "cursor": "MTIx",
                        "node": {
                            "__typename": "Game",
                            "activeDropCampaigns": [],
                            "avatarURL": "https://static-cdn.jtvnw.net/ttv-boxart/M.U.G.E.N-285x380.jpg",
                            "directoryType": "GAME",
                            "displayName": "M.U.G.E.N",
                            "id": "271231",
                            "name": "M.U.G.E.N",
                            "viewersCount": 341
                        }
                    },
                    {
                        "__typename": "DirectoryEdge",
                        "cursor": "MTIy",
                        "node": {
                            "__typename": "Game",
                            "activeDropCampaigns": [],
                            "avatarURL": "https://static-cdn.jtvnw.net/ttv-boxart/Soulworker-285x380.jpg",
                            "directoryType": "GAME",
                            "displayName": "Soulworker",
                            "id": "494018",
                            "name": "Soulworker",
                            "viewersCount": 340
                        }
                    },
                    {
                        "__typename": "DirectoryEdge",
                        "cursor": "MTIz",
                        "node": {
                            "__typename": "Game",
                            "activeDropCampaigns": [],
                            "avatarURL": "https://static-cdn.jtvnw.net/ttv-boxart/Total%20War%20Saga:%20Thrones%20of%20Britannia-285x380.jpg",
                            "directoryType": "GAME",
                            "displayName": "Total War Saga: Thrones of Britannia",
                            "id": "502223",
                            "name": "Total War Saga: Thrones of Britannia",
                            "viewersCount": 339
                        }
                    },
                    {
                        "__typename": "DirectoryEdge",
                        "cursor": "MTI0",
                        "node": {
                            "__typename": "Game",
                            "activeDropCampaigns": [],
                            "avatarURL": "https://static-cdn.jtvnw.net/ttv-boxart/Call%20of%20Duty:%20WWII-285x380.jpg",
                            "directoryType": "GAME",
                            "displayName": "Call of Duty: WWII",
                            "id": "496712",
                            "name": "Call of Duty: WWII",
                            "viewersCount": 334
                        }
                    },
                    {
                        "__typename": "DirectoryEdge",
                        "cursor": "MTI1",
                        "node": {
                            "__typename": "Game",
                            "activeDropCampaigns": [],
                            "avatarURL": "https://static-cdn.jtvnw.net/ttv-boxart/Far%20Cry%205-285x380.jpg",
                            "directoryType": "GAME",
                            "displayName": "Far Cry 5",
                            "id": "497078",
                            "name": "Far Cry 5",
                            "viewersCount": 334
                        }
                    },
                    {
                        "__typename": "DirectoryEdge",
                        "cursor": "MTI2",
                        "node": {
                            "__typename": "Game",
                            "activeDropCampaigns": [],
                            "avatarURL": "https://static-cdn.jtvnw.net/ttv-boxart/Football%20Manager%202018-285x380.jpg",
                            "directoryType": "GAME",
                            "displayName": "Football Manager 2018",
                            "id": "498427",
                            "name": "Football Manager 2018",
                            "viewersCount": 328
                        }
                    },
                    {
                        "__typename": "DirectoryEdge",
                        "cursor": "MTI3",
                        "node": {
                            "__typename": "Game",
                            "activeDropCampaigns": [],
                            "avatarURL": "https://static-cdn.jtvnw.net/ttv-boxart/Empyrion:%20Galactic%20Survival-285x380.jpg",
                            "directoryType": "GAME",
                            "displayName": "Empyrion: Galactic Survival",
                            "id": "490425",
                            "name": "Empyrion: Galactic Survival",
                            "viewersCount": 326
                        }
                    },
                    {
                        "__typename": "DirectoryEdge",
                        "cursor": "MTI4",
                        "node": {
                            "__typename": "Game",
                            "activeDropCampaigns": [],
                            "avatarURL": "https://static-cdn.jtvnw.net/ttv-boxart/GetAmped-285x380.jpg",
                            "directoryType": "GAME",
                            "displayName": "GetAmped",
                            "id": "67972",
                            "name": "GetAmped",
                            "viewersCount": 321
                        }
                    },
                    {
                        "__typename": "DirectoryEdge",
                        "cursor": "MTI5",
                        "node": {
                            "__typename": "Game",
                            "activeDropCampaigns": [],
                            "avatarURL": "https://static-cdn.jtvnw.net/ttv-boxart/Kantai%20Collection-285x380.jpg",
                            "directoryType": "GAME",
                            "displayName": "Kantai Collection",
                            "id": "417721",
                            "name": "Kantai Collection",
                            "viewersCount": 315
                        }
                    },
                    {
                        "__typename": "DirectoryEdge",
                        "cursor": "MTMw",
                        "node": {
                            "__typename": "Game",
                            "activeDropCampaigns": [],
                            "avatarURL": "https://static-cdn.jtvnw.net/ttv-boxart/Guilty%20Gear%20Xrd%20REV%202-285x380.jpg",
                            "directoryType": "GAME",
                            "displayName": "Guilty Gear Xrd REV 2",
                            "id": "496464",
                            "name": "Guilty Gear Xrd REV 2",
                            "viewersCount": 314
                        }
                    },
                    {
                        "__typename": "DirectoryEdge",
                        "cursor": "MTMx",
                        "node": {
                            "__typename": "Game",
                            "activeDropCampaigns": [],
                            "avatarURL": "https://static-cdn.jtvnw.net/ttv-boxart/Halo:%20The%20Master%20Chief%20Collection-285x380.jpg",
                            "directoryType": "GAME",
                            "displayName": "Halo: The Master Chief Collection",
                            "id": "417969",
                            "name": "Halo: The Master Chief Collection",
                            "viewersCount": 314
                        }
                    },
                    {
                        "__typename": "DirectoryEdge",
                        "cursor": "MTMy",
                        "node": {
                            "__typename": "Game",
                            "activeDropCampaigns": [],
                            "avatarURL": "https://static-cdn.jtvnw.net/ttv-boxart/Warhammer:%20Vermintide%202-285x380.jpg",
                            "directoryType": "GAME",
                            "displayName": "Warhammer: Vermintide 2",
                            "id": "498668",
                            "name": "Warhammer: Vermintide 2",
                            "viewersCount": 303
                        }
                    },
                    {
                        "__typename": "DirectoryEdge",
                        "cursor": "MTMz",
                        "node": {
                            "__typename": "Game",
                            "activeDropCampaigns": [],
                            "avatarURL": "https://static-cdn.jtvnw.net/ttv-boxart/Metin%202-285x380.jpg",
                            "directoryType": "GAME",
                            "displayName": "Metin 2",
                            "id": "31336",
                            "name": "Metin 2",
                            "viewersCount": 303
                        }
                    },
                    {
                        "__typename": "DirectoryEdge",
                        "cursor": "MTM0",
                        "node": {
                            "__typename": "Game",
                            "activeDropCampaigns": [],
                            "avatarURL": "https://static-cdn.jtvnw.net/ttv-boxart/Ring%20Of%20Elysium-285x380.jpg",
                            "directoryType": "GAME",
                            "displayName": "Ring Of Elysium",
                            "id": "504954",
                            "name": "Ring Of Elysium",
                            "viewersCount": 297
                        }
                    },
                    {
                        "__typename": "DirectoryEdge",
                        "cursor": "MTM1",
                        "node": {
                            "__typename": "Game",
                            "activeDropCampaigns": [],
                            "avatarURL": "https://static-cdn.jtvnw.net/ttv-boxart/EVE%20Online-285x380.jpg",
                            "directoryType": "GAME",
                            "displayName": "EVE Online",
                            "id": "13263",
                            "name": "EVE Online",
                            "viewersCount": 288
                        }
                    },
                    {
                        "__typename": "DirectoryEdge",
                        "cursor": "MTM2",
                        "node": {
                            "__typename": "Game",
                            "activeDropCampaigns": [],
                            "avatarURL": "https://static-cdn.jtvnw.net/ttv-boxart/Darkest%20Dungeon-285x380.jpg",
                            "directoryType": "GAME",
                            "displayName": "Darkest Dungeon",
                            "id": "458353",
                            "name": "Darkest Dungeon",
                            "viewersCount": 286
                        }
                    },
                    {
                        "__typename": "DirectoryEdge",
                        "cursor": "MTM3",
                        "node": {
                            "__typename": "Game",
                            "activeDropCampaigns": [],
                            "avatarURL": "https://static-cdn.jtvnw.net/ttv-boxart/Star%20Citizen-285x380.jpg",
                            "directoryType": "GAME",
                            "displayName": "Star Citizen",
                            "id": "71375",
                            "name": "Star Citizen",
                            "viewersCount": 283
                        }
                    },
                    {
                        "__typename": "DirectoryEdge",
                        "cursor": "MTM4",
                        "node": {
                            "__typename": "Game",
                            "activeDropCampaigns": [],
                            "avatarURL": "https://static-cdn.jtvnw.net/ttv-boxart/Total%20War:%20Warhammer%20II-285x380.jpg",
                            "directoryType": "GAME",
                            "displayName": "Total War: Warhammer II",
                            "id": "497434",
                            "name": "Total War: Warhammer II",
                            "viewersCount": 283
                        }
                    },
                    {
                        "__typename": "DirectoryEdge",
                        "cursor": "MTM5",
                        "node": {
                            "__typename": "Game",
                            "activeDropCampaigns": [],
                            "avatarURL": "https://static-cdn.jtvnw.net/ttv-boxart/Bloodborne-285x380.jpg",
                            "directoryType": "GAME",
                            "displayName": "Bloodborne",
                            "id": "460636",
                            "name": "Bloodborne",
                            "viewersCount": 282
                        }
                    },
                    {
                        "__typename": "DirectoryEdge",
                        "cursor": "MTQw",
                        "node": {
                            "__typename": "Game",
                            "activeDropCampaigns": [],
                            "avatarURL": "https://static-cdn.jtvnw.net/ttv-boxart/Prime%20World-285x380.jpg",
                            "directoryType": "GAME",
                            "displayName": "Prime World",
                            "id": "113749",
                            "name": "Prime World",
                            "viewersCount": 272
                        }
                    },
                    {
                        "__typename": "DirectoryEdge",
                        "cursor": "MTQx",
                        "node": {
                            "__typename": "Game",
                            "activeDropCampaigns": [],
                            "avatarURL": "https://static-cdn.jtvnw.net/ttv-boxart/NBA%202K18-285x380.jpg",
                            "directoryType": "GAME",
                            "displayName": "NBA 2K18",
                            "id": "495056",
                            "name": "NBA 2K18",
                            "viewersCount": 267
                        }
                    },
                    {
                        "__typename": "DirectoryEdge",
                        "cursor": "MTQy",
                        "node": {
                            "__typename": "Game",
                            "activeDropCampaigns": [],
                            "avatarURL": "https://static-cdn.jtvnw.net/ttv-boxart/Madden%20NFL%2018-285x380.jpg",
                            "directoryType": "GAME",
                            "displayName": "Madden NFL 18",
                            "id": "496349",
                            "name": "Madden NFL 18",
                            "viewersCount": 265
                        }
                    },
                    {
                        "__typename": "DirectoryEdge",
                        "cursor": "MTQz",
                        "node": {
                            "__typename": "Game",
                            "activeDropCampaigns": [],
                            "avatarURL": "https://static-cdn.jtvnw.net/ttv-boxart/For%20Honor-285x380.jpg",
                            "directoryType": "GAME",
                            "displayName": "For Honor",
                            "id": "490382",
                            "name": "For Honor",
                            "viewersCount": 264
                        }
                    },
                    {
                        "__typename": "DirectoryEdge",
                        "cursor": "MTQ0",
                        "node": {
                            "__typename": "Game",
                            "activeDropCampaigns": [],
                            "avatarURL": "https://static-cdn.jtvnw.net/ttv-boxart/Mad%20Skills%20Motocross%202-285x380.jpg",
                            "directoryType": "GAME",
                            "displayName": "Mad Skills Motocross 2",
                            "id": "491472",
                            "name": "Mad Skills Motocross 2",
                            "viewersCount": 263
                        }
                    },
                    {
                        "__typename": "DirectoryEdge",
                        "cursor": "MTQ1",
                        "node": {
                            "__typename": "Game",
                            "activeDropCampaigns": [],
                            "avatarURL": "https://static-cdn.jtvnw.net/ttv-boxart/Rebelstar:%20Tactical%20Command-285x380.jpg",
                            "directoryType": "GAME",
                            "displayName": "Rebelstar: Tactical Command",
                            "id": "15845",
                            "name": "Rebelstar: Tactical Command",
                            "viewersCount": 260
                        }
                    },
                    {
                        "__typename": "DirectoryEdge",
                        "cursor": "MTQ2",
                        "node": {
                            "__typename": "Game",
                            "activeDropCampaigns": [],
                            "avatarURL": "https://static-cdn.jtvnw.net/ttv-boxart/Doom-285x380.jpg",
                            "directoryType": "GAME",
                            "displayName": "Doom",
                            "id": "6715",
                            "name": "Doom",
                            "viewersCount": 257
                        }
                    }
                ],
                "pageInfo": {
                    "__typename": "PageInfo",
                    "hasNextPage": true
                }
            }
        },
        "extensions": {
            "durationMilliseconds": 46,
            "operationName": "BrowsePage_AllDirectories"
        }
    }
]