[
    {
        "data": {
            "directories": {
                "__typename": "DirectoryConnection",
                "edges": [
                    {
                        "__typename": "DirectoryEdge",
                        "cursor": "MTQyMg==",
                        "node": {
                            "__typename": "Game",
                            "activeDropCampaigns": [],
                            "avatarURL": "https://static-cdn.jtvnw.net/ttv-boxart/Emily%20Wants%20to%20Play%20Too-285x380.jpg",
                            "directoryType": "GAME",
                            "displayName": "Emily Wants to Play Too",
                            "id": "500799",
                            "name": "Emily Wants to Play Too",
                            "viewersCount": 0
                        }
                    },
                    {
                        "__typename": "DirectoryEdge",
                        "cursor": "MTQyMw==",
                        "node": {
                            "__typename": "Game",
                            "activeDropCampaigns": [],
                            "avatarURL": "https://static-cdn.jtvnw.net/ttv-boxart/Sonic%20Adventure%202-285x380.jpg",
                            "directoryType": "GAME",
                            "displayName": "Sonic Adventure 2",
                            "id": "17464",
                            "name": "Sonic Adventure 2",
                            "viewersCount": 0
                        }
                    },
                    {
                        "__typename": "DirectoryEdge",
                        "cursor": "MTQyNA==",
                        "node": {
                            "__typename": "Game",
                            "activeDropCampaigns": [],
                            "avatarURL": "https://static-cdn.jtvnw.net/ttv-boxart/Brave%20Frontier-285x380.jpg",
                            "directoryType": "GAME",
                            "displayName": "Brave Frontier",
                            "id": "460443",
                            "name": "Brave Frontier",
                            "viewersCount": 0
                        }
                    },
                    {
                        "__typename": "DirectoryEdge",
                        "cursor": "MTQyNQ==",
                        "node": {
                            "__typename": "Game",
                            "activeDropCampaigns": [],
                            "avatarURL": "https://static-cdn.jtvnw.net/ttv-boxart/Madagascar-285x380.jpg",
                            "directoryType": "GAME",
                            "displayName": "Madagascar",
                            "id": "5205",
                            "name": "Madagascar",
                            "viewersCount": 0
                        }
                    },
                    {
                        "__typename": "DirectoryEdge",
                        "cursor": "MTQyNg==",
                        "node": {
                            "__typename": "Game",
                            "activeDropCampaigns": [],
                            "avatarURL": "https://static-cdn.jtvnw.net/ttv-boxart/Idle%20Champions%20of%20the%20Forgotten%20Realms-285x380.jpg",
                            "directoryType": "GAME",
                            "displayName": "Idle Champions of the Forgotten Realms",
                            "id": "498871",
                            "name": "Idle Champions of the Forgotten Realms",
                            "viewersCount": 0
                        }
                    },
                    {
                        "__typename": "DirectoryEdge",
                        "cursor": "MTQyNw==",
                        "node": {
                            "__typename": "Game",
                            "activeDropCampaigns": [],
                            "avatarURL": "https://static-cdn.jtvnw.net/ttv-boxart/VA-11%20HALL-A-285x380.jpg",
                            "directoryType": "GAME",
                            "displayName": "VA-11 HALL-A",
                            "id": "461529",
                            "name": "VA-11 HALL-A",
                            "viewersCount": 0
                        }
                    },
                    {
                        "__typename": "DirectoryEdge",
                        "cursor": "MTQyOA==",
                        "node": {
                            "__typename": "Game",
                            "activeDropCampaigns": [],
                            "avatarURL": "https://static-cdn.jtvnw.net/ttv-boxart/Sly%20Cooper:%20Thieves%20in%20Time-285x380.jpg",
                            "directoryType": "GAME",
                            "displayName": "Sly Cooper: Thieves in Time",
                            "id": "31894",
                            "name": "Sly Cooper: Thieves in Time",
                            "viewersCount": 0
                        }
                    },
                    {
                        "__typename": "DirectoryEdge",
                        "cursor": "MTQyOQ==",
                        "node": {
                            "__typename": "Game",
                            "activeDropCampaigns": [],
                            "avatarURL": "https://static-cdn.jtvnw.net/ttv-boxart/Kreatives%20Gehirntraining-285x380.jpg",
                            "directoryType": "GAME",
                            "displayName": "Kreatives Gehirntraining",
                            "id": "28698",
                            "name": "Kreatives Gehirntraining",
                            "viewersCount": 0
                        }
                    },
                    {
                        "__typename": "DirectoryEdge",
                        "cursor": "MTQzMA==",
                        "node": {
                            "__typename": "Game",
                            "activeDropCampaigns": [],
                            "avatarURL": "https://static-cdn.jtvnw.net/ttv-boxart/Sci-Fi-285x380.jpg",
                            "directoryType": "GAME",
                            "displayName": "Sci-Fi",
                            "id": "489482",
                            "name": "Sci-Fi",
                            "viewersCount": 0
                        }
                    },
                    {
                        "__typename": "DirectoryEdge",
                        "cursor": "MTQzMQ==",
                        "node": {
                            "__typename": "Game",
                            "activeDropCampaigns": [],
                            "avatarURL": "https://static-cdn.jtvnw.net/ttv-boxart/Into%20the%20Breach-285x380.jpg",
                            "directoryType": "GAME",
                            "displayName": "Into the Breach",
                            "id": "495636",
                            "name": "Into the Breach",
                            "viewersCount": 0
                        }
                    },
                    {
                        "__typename": "DirectoryEdge",
                        "cursor": "MTQzMg==",
                        "node": {
                            "__typename": "Game",
                            "activeDropCampaigns": [],
                            "avatarURL": "https://static-cdn.jtvnw.net/ttv-boxart/Ninja%20Shodown-285x380.jpg",
                            "directoryType": "GAME",
                            "displayName": "Ninja Shodown",
                            "id": "497151",
                            "name": "Ninja Shodown",
                            "viewersCount": 0
                        }
                    },
                    {
                        "__typename": "DirectoryEdge",
                        "cursor": "MTQzMw==",
                        "node": {
                            "__typename": "Game",
                            "activeDropCampaigns": [],
                            "avatarURL": "https://static-cdn.jtvnw.net/ttv-boxart/The%20Walking%20Dead:%20Michonne-285x380.jpg",
                            "directoryType": "GAME",
                            "displayName": "The Walking Dead: Michonne",
                            "id": "490564",
                            "name": "The Walking Dead: Michonne",
                            "viewersCount": 0
                        }
                    },
                    {
                        "__typename": "DirectoryEdge",
                        "cursor": "MTQzNA==",
                        "node": {
                            "__typename": "Game",
                            "activeDropCampaigns": [],
                            "avatarURL": "https://static-cdn.jtvnw.net/ttv-boxart/Uncharted:%20The%20Lost%20Legacy-285x380.jpg",
                            "directoryType": "GAME",
                            "displayName": "Uncharted: The Lost Legacy",
                            "id": "494558",
                            "name": "Uncharted: The Lost Legacy",
                            "viewersCount": 0
                        }
                    },
                    {
                        "__typename": "DirectoryEdge",
                        "cursor": "MTQzNQ==",
                        "node": {
                            "__typename": "Game",
                            "activeDropCampaigns": [],
                            "avatarURL": "https://static-cdn.jtvnw.net/ttv-boxart/Friends%20Marble-285x380.jpg",
                            "directoryType": "GAME",
                            "displayName": "Friends Marble",
                            "id": "504219",
                            "name": "Friends Marble",
                            "viewersCount": 0
                        }
                    },
                    {
                        "__typename": "DirectoryEdge",
                        "cursor": "MTQzNg==",
                        "node": {
                            "__typename": "Game",
                            "activeDropCampaigns": [],
                            "avatarURL": "https://static-cdn.jtvnw.net/ttv-boxart/LEGO%20Star%20Wars:%20The%20Complete%20Saga-285x380.jpg",
                            "directoryType": "GAME",
                            "displayName": "LEGO Star Wars: The Complete Saga",
                            "id": "10209",
                            "name": "LEGO Star Wars: The Complete Saga",
                            "viewersCount": 0
                        }
                    },
                    {
                        "__typename": "DirectoryEdge",
                        "cursor": "MTQzNw==",
                        "node": {
                            "__typename": "Game",
                            "activeDropCampaigns": [],
                            "avatarURL": "https://static-cdn.jtvnw.net/ttv-boxart/Tribes%20Ascend-285x380.jpg",
                            "directoryType": "GAME",
                            "displayName": "Tribes Ascend",
                            "id": "30932",
                            "name": "Tribes Ascend",
                            "viewersCount": 0
                        }
                    },
                    {
                        "__typename": "DirectoryEdge",
                        "cursor": "MTQzOA==",
                        "node": {
                            "__typename": "Game",
                            "activeDropCampaigns": [],
                            "avatarURL": "https://static-cdn.jtvnw.net/ttv-boxart/Dungeons%20&%20Dragons:%20Dragonshard-285x380.jpg",
                            "directoryType": "GAME",
                            "displayName": "Dungeons & Dragons: Dragonshard",
                            "id": "17054",
                            "name": "Dungeons & Dragons: Dragonshard",
                            "viewersCount": 0
                        }
                    },
                    {
                        "__typename": "DirectoryEdge",
                        "cursor": "MTQzOQ==",
                        "node": {
                            "__typename": "Game",
                            "activeDropCampaigns": [],
                            "avatarURL": "https://static-cdn.jtvnw.net/ttv-boxart/Football-285x380.jpg",
                            "directoryType": "GAME",
                            "displayName": "Football",
                            "id": "3287",
                            "name": "Football",
                            "viewersCount": 0
                        }
                    },
                    {
                        "__typename": "DirectoryEdge",
                        "cursor": "MTQ0MA==",
                        "node": {
                            "__typename": "Game",
                            "activeDropCampaigns": [],
                            "avatarURL": "https://static-cdn.jtvnw.net/ttv-boxart/Game%20of%20Thrones-285x380.jpg",
                            "directoryType": "GAME",
                            "displayName": "Game of Thrones",
                            "id": "496914",
                            "name": "Game of Thrones",
                            "viewersCount": 0
                        }
                    },
                    {
                        "__typename": "DirectoryEdge",
                        "cursor": "MTQ0MQ==",
                        "node": {
                            "__typename": "Game",
                            "activeDropCampaigns": [],
                            "avatarURL": "https://static-cdn.jtvnw.net/ttv-boxart/Fashion%20Designer:%20High%20Fashion-285x380.jpg",
                            "directoryType": "GAME",
                            "displayName": "Fashion Designer: High Fashion",
                            "id": "23338",
                            "name": "Fashion Designer: High Fashion",
                            "viewersCount": 0
                        }
                    },
                    {
                        "__typename": "DirectoryEdge",
                        "cursor": "MTQ0Mg==",
                        "node": {
                            "__typename": "Game",
                            "activeDropCampaigns": [],
                            "avatarURL": "https://static-cdn.jtvnw.net/ttv-boxart/Broken%20Sword:%20The%20Shadow%20of%20the%20Templars-285x380.jpg",
                            "directoryType": "GAME",
                            "displayName": "Broken Sword: The Shadow of the Templars",
                            "id": "16100",
                            "name": "Broken Sword: The Shadow of the Templars",
                            "viewersCount": 0
                        }
                    },
                    {
                        "__typename": "DirectoryEdge",
                        "cursor": "MTQ0Mw==",
                        "node": {
                            "__typename": "Game",
                            "activeDropCampaigns": [],
                            "avatarURL": "https://static-cdn.jtvnw.net/ttv-boxart/Awesomenauts-285x380.jpg",
                            "directoryType": "GAME",
                            "displayName": "Awesomenauts",
                            "id": "31742",
                            "name": "Awesomenauts",
                            "viewersCount": 0
                        }
                    },
                    {
                        "__typename": "DirectoryEdge",
                        "cursor": "MTQ0NA==",
                        "node": {
                            "__typename": "Game",
                            "activeDropCampaigns": [],
                            "avatarURL": "https://static-cdn.jtvnw.net/ttv-boxart/Golf%20It%21-285x380.jpg",
                            "directoryType": "GAME",
                            "displayName": "Golf It!",
                            "id": "495764",
                            "name": "Golf It!",
                            "viewersCount": 0
                        }
                    },
                    {
                        "__typename": "DirectoryEdge",
                        "cursor": "MTQ0NQ==",
                        "node": {
                            "__typename": "Game",
                            "activeDropCampaigns": [],
                            "avatarURL": "https://static-cdn.jtvnw.net/ttv-boxart/Sherlock%20Holmes:%20Crimes%20and%20Punishments-285x380.jpg",
                            "directoryType": "GAME",
                            "displayName": "Sherlock Holmes: Crimes and Punishments",
                            "id": "460329",
                            "name": "Sherlock Holmes: Crimes and Punishments",
                            "viewersCount": 0
                        }
                    },
                    {
                        "__typename": "DirectoryEdge",
                        "cursor": "MTQ0Ng==",
                        "node": {
                            "__typename": "Game",
                            "activeDropCampaigns": [],
                            "avatarURL": "https://static-cdn.jtvnw.net/ttv-boxart/Loadout-285x380.jpg",
                            "directoryType": "GAME",
                            "displayName": "Loadout",
                            "id": "33750",
                            "name": "Loadout",
                            "viewersCount": 0
                        }
                    },
                    {
                        "__typename": "DirectoryEdge",
                        "cursor": "MTQ0Nw==",
                        "node": {
                            "__typename": "Game",
                            "activeDropCampaigns": [],
                            "avatarURL": "https://static-cdn.jtvnw.net/ttv-boxart/Golf%20Story-285x380.jpg",
                            "directoryType": "GAME",
                            "displayName": "Golf Story",
                            "id": "498046",
                            "name": "Golf Story",
                            "viewersCount": 0
                        }
                    },
                    {
                        "__typename": "DirectoryEdge",
                        "cursor": "MTQ0OA==",
                        "node": {
                            "__typename": "Game",
                            "activeDropCampaigns": [],
                            "avatarURL": "https://static-cdn.jtvnw.net/ttv-boxart/Sonic%20CD-285x380.jpg",
                            "directoryType": "GAME",
                            "displayName": "Sonic CD",
                            "id": "13248",
                            "name": "Sonic CD",
                            "viewersCount": 0
                        }
                    },
                    {
                        "__typename": "DirectoryEdge",
                        "cursor": "MTQ0OQ==",
                        "node": {
                            "__typename": "Game",
                            "activeDropCampaigns": [],
                            "avatarURL": "https://static-cdn.jtvnw.net/ttv-boxart/Frozen%20Free%20Fall-285x380.jpg",
                            "directoryType": "GAME",
                            "displayName": "Frozen Free Fall",
                            "id": "461097",
                            "name": "Frozen Free Fall",
                            "viewersCount": 0
                        }
                    },
                    {
                        "__typename": "DirectoryEdge",
                        "cursor": "MTQ1MA==",
                        "node": {
                            "__typename": "Game",
                            "activeDropCampaigns": [],
                            "avatarURL": "https://static-cdn.jtvnw.net/ttv-boxart/Ryse:%20Son%20of%20Rome-285x380.jpg",
                            "directoryType": "GAME",
                            "displayName": "Ryse: Son of Rome",
                            "id": "28557",
                            "name": "Ryse: Son of Rome",
                            "viewersCount": 0
                        }
                    },
                    {
                        "__typename": "DirectoryEdge",
                        "cursor": "MTQ1MQ==",
                        "node": {
                            "__typename": "Game",
                            "activeDropCampaigns": [],
                            "avatarURL": "https://static-cdn.jtvnw.net/ttv-boxart/The%20Black%20Mirror-285x380.jpg",
                            "directoryType": "GAME",
                            "displayName": "The Black Mirror",
                            "id": "221",
                            "name": "The Black Mirror",
                            "viewersCount": 0
                        }
                    }
                ],
                "pageInfo": {
                    "__typename": "PageInfo",
                    "hasNextPage": true
                }
            }
        },
        "extensions": {
            "durationMilliseconds": 86,
            "operationName": "BrowsePage_AllDirectories"
        }
    }
]