[
    {
        "data": {
            "directories": {
                "__typename": "DirectoryConnection",
                "edges": [
                    {
                        "__typename": "DirectoryEdge",
                        "cursor": "MTQ1MQ==",
                        "node": {
                            "__typename": "Game",
                            "activeDropCampaigns": [],
                            "avatarURL": "https://static-cdn.jtvnw.net/ttv-boxart/The%20Black%20Mirror-285x380.jpg",
                            "directoryType": "GAME",
                            "displayName": "The Black Mirror",
                            "id": "221",
                            "name": "The Black Mirror",
                            "viewersCount": 0
                        }
                    },
                    {
                        "__typename": "DirectoryEdge",
                        "cursor": "MTQ1Mg==",
                        "node": {
                            "__typename": "Game",
                            "activeDropCampaigns": [],
                            "avatarURL": "https://static-cdn.jtvnw.net/ttv-boxart/Zeno%20Clash%20II-285x380.jpg",
                            "directoryType": "GAME",
                            "displayName": "Zeno Clash II",
                            "id": "23932",
                            "name": "Zeno Clash II",
                            "viewersCount": 0
                        }
                    },
                    {
                        "__typename": "DirectoryEdge",
                        "cursor": "MTQ1Mw==",
                        "node": {
                            "__typename": "Game",
                            "activeDropCampaigns": [],
                            "avatarURL": "https://static-cdn.jtvnw.net/ttv-boxart/Metro%202033-285x380.jpg",
                            "directoryType": "GAME",
                            "displayName": "Metro 2033",
                            "id": "19140",
                            "name": "Metro 2033",
                            "viewersCount": 0
                        }
                    },
                    {
                        "__typename": "DirectoryEdge",
                        "cursor": "MTQ1NA==",
                        "node": {
                            "__typename": "Game",
                            "activeDropCampaigns": [],
                            "avatarURL": "https://static-cdn.jtvnw.net/ttv-boxart/Pangya-285x380.jpg",
                            "directoryType": "GAME",
                            "displayName": "Pangya",
                            "id": "370516",
                            "name": "Pangya",
                            "viewersCount": 0
                        }
                    },
                    {
                        "__typename": "DirectoryEdge",
                        "cursor": "MTQ1NQ==",
                        "node": {
                            "__typename": "Game",
                            "activeDropCampaigns": [],
                            "avatarURL": "https://static-cdn.jtvnw.net/ttv-boxart/The%20Great%20Merchant-285x380.jpg",
                            "directoryType": "GAME",
                            "displayName": "The Great Merchant",
                            "id": "493862",
                            "name": "The Great Merchant",
                            "viewersCount": 0
                        }
                    },
                    {
                        "__typename": "DirectoryEdge",
                        "cursor": "MTQ1Ng==",
                        "node": {
                            "__typename": "Game",
                            "activeDropCampaigns": [],
                            "avatarURL": "https://static-cdn.jtvnw.net/ttv-boxart/We%20Were%20Here%20Too-285x380.jpg",
                            "directoryType": "GAME",
                            "displayName": "We Were Here Too",
                            "id": "502825",
                            "name": "We Were Here Too",
                            "viewersCount": 0
                        }
                    },
                    {
                        "__typename": "DirectoryEdge",
                        "cursor": "MTQ1Nw==",
                        "node": {
                            "__typename": "Game",
                            "activeDropCampaigns": [],
                            "avatarURL": "https://static-cdn.jtvnw.net/ttv-boxart/Drawful%202-285x380.jpg",
                            "directoryType": "GAME",
                            "displayName": "Drawful 2",
                            "id": "492935",
                            "name": "Drawful 2",
                            "viewersCount": 0
                        }
                    },
                    {
                        "__typename": "DirectoryEdge",
                        "cursor": "MTQ1OA==",
                        "node": {
                            "__typename": "Game",
                            "activeDropCampaigns": [],
                            "avatarURL": "https://static-cdn.jtvnw.net/ttv-boxart/Sound%20Voltex%20IV:%20Heavenly%20Haven-285x380.jpg",
                            "directoryType": "GAME",
                            "displayName": "Sound Voltex IV: Heavenly Haven",
                            "id": "494729",
                            "name": "Sound Voltex IV: Heavenly Haven",
                            "viewersCount": 0
                        }
                    },
                    {
                        "__typename": "DirectoryEdge",
                        "cursor": "MTQ1OQ==",
                        "node": {
                            "__typename": "Game",
                            "activeDropCampaigns": [],
                            "avatarURL": "https://static-cdn.jtvnw.net/ttv-boxart/D-285x380.jpg",
                            "directoryType": "GAME",
                            "displayName": "D",
                            "id": "3454",
                            "name": "D",
                            "viewersCount": 0
                        }
                    },
                    {
                        "__typename": "DirectoryEdge",
                        "cursor": "MTQ2MA==",
                        "node": {
                            "__typename": "Game",
                            "activeDropCampaigns": [],
                            "avatarURL": "https://static-cdn.jtvnw.net/ttv-boxart/Earthworm%20Jim%202-285x380.jpg",
                            "directoryType": "GAME",
                            "displayName": "Earthworm Jim 2",
                            "id": "7541",
                            "name": "Earthworm Jim 2",
                            "viewersCount": 0
                        }
                    },
                    {
                        "__typename": "DirectoryEdge",
                        "cursor": "MTQ2MQ==",
                        "node": {
                            "__typename": "Game",
                            "activeDropCampaigns": [],
                            "avatarURL": "https://static-cdn.jtvnw.net/ttv-boxart/Wonder%20Boy:%20The%20Dragon%27s%20Trap-285x380.jpg",
                            "directoryType": "GAME",
                            "displayName": "Wonder Boy: The Dragon's Trap",
                            "id": "495060",
                            "name": "Wonder Boy: The Dragon's Trap",
                            "viewersCount": 0
                        }
                    },
                    {
                        "__typename": "DirectoryEdge",
                        "cursor": "MTQ2Mg==",
                        "node": {
                            "__typename": "Game",
                            "activeDropCampaigns": [],
                            "avatarURL": "https://static-cdn.jtvnw.net/ttv-boxart/DiRT%204-285x380.jpg",
                            "directoryType": "GAME",
                            "displayName": "DiRT 4",
                            "id": "495317",
                            "name": "DiRT 4",
                            "viewersCount": 0
                        }
                    },
                    {
                        "__typename": "DirectoryEdge",
                        "cursor": "MTQ2Mw==",
                        "node": {
                            "__typename": "Game",
                            "activeDropCampaigns": [],
                            "avatarURL": "https://static-cdn.jtvnw.net/ttv-boxart/TouchFish-285x380.jpg",
                            "directoryType": "GAME",
                            "displayName": "TouchFish",
                            "id": "417730",
                            "name": "TouchFish",
                            "viewersCount": 0
                        }
                    },
                    {
                        "__typename": "DirectoryEdge",
                        "cursor": "MTQ2NA==",
                        "node": {
                            "__typename": "Game",
                            "activeDropCampaigns": [],
                            "avatarURL": "https://static-cdn.jtvnw.net/ttv-boxart/Soul%20Axiom-285x380.jpg",
                            "directoryType": "GAME",
                            "displayName": "Soul Axiom",
                            "id": "461541",
                            "name": "Soul Axiom",
                            "viewersCount": 0
                        }
                    },
                    {
                        "__typename": "DirectoryEdge",
                        "cursor": "MTQ2NQ==",
                        "node": {
                            "__typename": "Game",
                            "activeDropCampaigns": [],
                            "avatarURL": "https://static-cdn.jtvnw.net/ttv-boxart/Tales%20of%20the%20Abyss-285x380.jpg",
                            "directoryType": "GAME",
                            "displayName": "Tales of the Abyss",
                            "id": "13049",
                            "name": "Tales of the Abyss",
                            "viewersCount": 0
                        }
                    },
                    {
                        "__typename": "DirectoryEdge",
                        "cursor": "MTQ2Ng==",
                        "node": {
                            "__typename": "Game",
                            "activeDropCampaigns": [],
                            "avatarURL": "https://static-cdn.jtvnw.net/ttv-boxart/Vagante-285x380.jpg",
                            "directoryType": "GAME",
                            "displayName": "Vagante",
                            "id": "418004",
                            "name": "Vagante",
                            "viewersCount": 0
                        }
                    },
                    {
                        "__typename": "DirectoryEdge",
                        "cursor": "MTQ2Nw==",
                        "node": {
                            "__typename": "Game",
                            "activeDropCampaigns": [],
                            "avatarURL": "https://static-cdn.jtvnw.net/ttv-boxart/Plants%20vs.%20Zombies-285x380.jpg",
                            "directoryType": "GAME",
                            "displayName": "Plants vs. Zombies",
                            "id": "23239",
                            "name": "Plants vs. Zombies",
                            "viewersCount": 0
                        }
                    },
                    {
                        "__typename": "DirectoryEdge",
                        "cursor": "MTQ2OA==",
                        "node": {
                            "__typename": "Game",
                            "activeDropCampaigns": [],
                            "avatarURL": "https://static-cdn.jtvnw.net/ttv-boxart/Jubeat-285x380.jpg",
                            "directoryType": "GAME",
                            "displayName": "Jubeat",
                            "id": "22817",
                            "name": "Jubeat",
                            "viewersCount": 0
                        }
                    },
                    {
                        "__typename": "DirectoryEdge",
                        "cursor": "MTQ2OQ==",
                        "node": {
                            "__typename": "Game",
                            "activeDropCampaigns": [],
                            "avatarURL": "https://static-cdn.jtvnw.net/ttv-boxart/Conflict%20Of%20Nations:%20Modern%20War-285x380.jpg",
                            "directoryType": "GAME",
                            "displayName": "Conflict Of Nations: Modern War",
                            "id": "503495",
                            "name": "Conflict Of Nations: Modern War",
                            "viewersCount": 0
                        }
                    },
                    {
                        "__typename": "DirectoryEdge",
                        "cursor": "MTQ3MA==",
                        "node": {
                            "__typename": "Game",
                            "activeDropCampaigns": [],
                            "avatarURL": "https://static-cdn.jtvnw.net/ttv-boxart/Art%20World-285x380.jpg",
                            "directoryType": "GAME",
                            "displayName": "Art World",
                            "id": "502423",
                            "name": "Art World",
                            "viewersCount": 0
                        }
                    },
                    {
                        "__typename": "DirectoryEdge",
                        "cursor": "MTQ3MQ==",
                        "node": {
                            "__typename": "Game",
                            "activeDropCampaigns": [],
                            "avatarURL": "https://static-cdn.jtvnw.net/ttv-boxart/Machina%20of%20the%20Planet%20Tree:%20Planet%20Ruler-285x380.jpg",
                            "directoryType": "GAME",
                            "displayName": "Machina of the Planet Tree: Planet Ruler",
                            "id": "490448",
                            "name": "Machina of the Planet Tree: Planet Ruler",
                            "viewersCount": 0
                        }
                    },
                    {
                        "__typename": "DirectoryEdge",
                        "cursor": "MTQ3Mg==",
                        "node": {
                            "__typename": "Game",
                            "activeDropCampaigns": [],
                            "avatarURL": "https://static-cdn.jtvnw.net/ttv-boxart/RiME-285x380.jpg",
                            "directoryType": "GAME",
                            "displayName": "RiME",
                            "id": "313518",
                            "name": "RiME",
                            "viewersCount": 0
                        }
                    },
                    {
                        "__typename": "DirectoryEdge",
                        "cursor": "MTQ3Mw==",
                        "node": {
                            "__typename": "Game",
                            "activeDropCampaigns": [],
                            "avatarURL": "https://static-cdn.jtvnw.net/ttv-boxart/MLB%20The%20Show%2017-285x380.jpg",
                            "directoryType": "GAME",
                            "displayName": "MLB The Show 17",
                            "id": "494100",
                            "name": "MLB The Show 17",
                            "viewersCount": 0
                        }
                    },
                    {
                        "__typename": "DirectoryEdge",
                        "cursor": "MTQ3NA==",
                        "node": {
                            "__typename": "Game",
                            "activeDropCampaigns": [],
                            "avatarURL": "https://static-cdn.jtvnw.net/ttv-boxart/Shadow%20of%20the%20Ninja-285x380.jpg",
                            "directoryType": "GAME",
                            "displayName": "Shadow of the Ninja",
                            "id": "1617",
                            "name": "Shadow of the Ninja",
                            "viewersCount": 0
                        }
                    },
                    {
                        "__typename": "DirectoryEdge",
                        "cursor": "MTQ3NQ==",
                        "node": {
                            "__typename": "Game",
                            "activeDropCampaigns": [],
                            "avatarURL": "https://static-cdn.jtvnw.net/ttv-boxart/Counter-Strike%20Online-285x380.jpg",
                            "directoryType": "GAME",
                            "displayName": "Counter-Strike Online",
                            "id": "83071",
                            "name": "Counter-Strike Online",
                            "viewersCount": 0
                        }
                    },
                    {
                        "__typename": "DirectoryEdge",
                        "cursor": "MTQ3Ng==",
                        "node": {
                            "__typename": "Game",
                            "activeDropCampaigns": [],
                            "avatarURL": "https://static-cdn.jtvnw.net/ttv-boxart/Gran%20Turismo%204-285x380.jpg",
                            "directoryType": "GAME",
                            "displayName": "Gran Turismo 4",
                            "id": "16313",
                            "name": "Gran Turismo 4",
                            "viewersCount": 0
                        }
                    },
                    {
                        "__typename": "DirectoryEdge",
                        "cursor": "MTQ3Nw==",
                        "node": {
                            "__typename": "Game",
                            "activeDropCampaigns": [],
                            "avatarURL": "https://static-cdn.jtvnw.net/ttv-boxart/Bloody%20Trapland-285x380.jpg",
                            "directoryType": "GAME",
                            "displayName": "Bloody Trapland",
                            "id": "33862",
                            "name": "Bloody Trapland",
                            "viewersCount": 0
                        }
                    },
                    {
                        "__typename": "DirectoryEdge",
                        "cursor": "MTQ3OA==",
                        "node": {
                            "__typename": "Game",
                            "activeDropCampaigns": [],
                            "avatarURL": "https://static-cdn.jtvnw.net/ttv-boxart/Evoland%202:%20A%20Slight%20Case%20of%20Spacetime%20Continuum%20Disorder-285x380.jpg",
                            "directoryType": "GAME",
                            "displayName": "Evoland 2: A Slight Case of Spacetime Continuum Disorder",
                            "id": "489656",
                            "name": "Evoland 2: A Slight Case of Spacetime Continuum Disorder",
                            "viewersCount": 0
                        }
                    },
                    {
                        "__typename": "DirectoryEdge",
                        "cursor": "MTQ3OQ==",
                        "node": {
                            "__typename": "Game",
                            "activeDropCampaigns": [],
                            "avatarURL": "https://static-cdn.jtvnw.net/ttv-boxart/3D%20Mania-285x380.jpg",
                            "directoryType": "GAME",
                            "displayName": "3D Mania",
                            "id": "19566",
                            "name": "3D Mania",
                            "viewersCount": 0
                        }
                    },
                    {
                        "__typename": "DirectoryEdge",
                        "cursor": "MTQ4MA==",
                        "node": {
                            "__typename": "Game",
                            "activeDropCampaigns": [],
                            "avatarURL": "https://static-cdn.jtvnw.net/ttv-boxart/Call%20of%20Duty%204:%20Modern%20Warfare-285x380.jpg",
                            "directoryType": "GAME",
                            "displayName": "Call of Duty 4: Modern Warfare",
                            "id": "1964",
                            "name": "Call of Duty 4: Modern Warfare",
                            "viewersCount": 0
                        }
                    }
                ],
                "pageInfo": {
                    "__typename": "PageInfo",
                    "hasNextPage": true
                }
            }
        },
        "extensions": {
            "durationMilliseconds": 77,
            "operationName": "BrowsePage_AllDirectories"
        }
    }
]