[
    {
        "data": {
            "directories": {
                "__typename": "DirectoryConnection",
                "edges": [
                    {
                        "__typename": "DirectoryEdge",
                        "cursor": "MTQ4MA==",
                        "node": {
                            "__typename": "Game",
                            "activeDropCampaigns": [],
                            "avatarURL": "https://static-cdn.jtvnw.net/ttv-boxart/Call%20of%20Duty%204:%20Modern%20Warfare-285x380.jpg",
                            "directoryType": "GAME",
                            "displayName": "Call of Duty 4: Modern Warfare",
                            "id": "1964",
                            "name": "Call of Duty 4: Modern Warfare",
                            "viewersCount": 0
                        }
                    },
                    {
                        "__typename": "DirectoryEdge",
                        "cursor": "MTQ4MQ==",
                        "node": {
                            "__typename": "Game",
                            "activeDropCampaigns": [],
                            "avatarURL": "https://static-cdn.jtvnw.net/ttv-boxart/Tiger%20Knight-285x380.jpg",
                            "directoryType": "GAME",
                            "displayName": "Tiger Knight",
                            "id": "502548",
                            "name": "Tiger Knight",
                            "viewersCount": 0
                        }
                    },
                    {
                        "__typename": "DirectoryEdge",
                        "cursor": "MTQ4Mg==",
                        "node": {
                            "__typename": "Game",
                            "activeDropCampaigns": [],
                            "avatarURL": "https://static-cdn.jtvnw.net/ttv-boxart/Arcanum:%20Of%20Steamworks%20&%20Magick%20Obscura-285x380.jpg",
                            "directoryType": "GAME",
                            "displayName": "Arcanum: Of Steamworks & Magick Obscura",
                            "id": "2459",
                            "name": "Arcanum: Of Steamworks & Magick Obscura",
                            "viewersCount": 0
                        }
                    },
                    {
                        "__typename": "DirectoryEdge",
                        "cursor": "MTQ4Mw==",
                        "node": {
                            "__typename": "Game",
                            "activeDropCampaigns": [],
                            "avatarURL": "https://static-cdn.jtvnw.net/ttv-boxart/Arpiel%20Online-285x380.jpg",
                            "directoryType": "GAME",
                            "displayName": "Arpiel Online",
                            "id": "496010",
                            "name": "Arpiel Online",
                            "viewersCount": 0
                        }
                    },
                    {
                        "__typename": "DirectoryEdge",
                        "cursor": "MTQ4NA==",
                        "node": {
                            "__typename": "Game",
                            "activeDropCampaigns": [],
                            "avatarURL": "https://static-cdn.jtvnw.net/ttv-boxart/Hero%20Siege-285x380.jpg",
                            "directoryType": "GAME",
                            "displayName": "Hero Siege",
                            "id": "416015",
                            "name": "Hero Siege",
                            "viewersCount": 0
                        }
                    },
                    {
                        "__typename": "DirectoryEdge",
                        "cursor": "MTQ4NQ==",
                        "node": {
                            "__typename": "Game",
                            "activeDropCampaigns": [],
                            "avatarURL": "https://static-cdn.jtvnw.net/ttv-boxart/Star%20Wars:%20Jedi%20Knight%20II%20-%20Jedi%20Outcast-285x380.jpg",
                            "directoryType": "GAME",
                            "displayName": "Star Wars: Jedi Knight II - Jedi Outcast",
                            "id": "13327",
                            "name": "Star Wars: Jedi Knight II - Jedi Outcast",
                            "viewersCount": 0
                        }
                    },
                    {
                        "__typename": "DirectoryEdge",
                        "cursor": "MTQ4Ng==",
                        "node": {
                            "__typename": "Game",
                            "activeDropCampaigns": [],
                            "avatarURL": "https://static-cdn.jtvnw.net/ttv-boxart/Agents%20of%20Mayhem-285x380.jpg",
                            "directoryType": "GAME",
                            "displayName": "Agents of Mayhem",
                            "id": "496476",
                            "name": "Agents of Mayhem",
                            "viewersCount": 0
                        }
                    },
                    {
                        "__typename": "DirectoryEdge",
                        "cursor": "MTQ4Nw==",
                        "node": {
                            "__typename": "Game",
                            "activeDropCampaigns": [],
                            "avatarURL": "https://static-cdn.jtvnw.net/ttv-boxart/Forza%20Horizon%202%20Presents%20Fast%20&%20Furious-285x380.jpg",
                            "directoryType": "GAME",
                            "displayName": "Forza Horizon 2 Presents Fast & Furious",
                            "id": "489049",
                            "name": "Forza Horizon 2 Presents Fast & Furious",
                            "viewersCount": 0
                        }
                    },
                    {
                        "__typename": "DirectoryEdge",
                        "cursor": "MTQ4OA==",
                        "node": {
                            "__typename": "Game",
                            "activeDropCampaigns": [],
                            "avatarURL": "https://static-cdn.jtvnw.net/ttv-boxart/Bleed%202-285x380.jpg",
                            "directoryType": "GAME",
                            "displayName": "Bleed 2",
                            "id": "494997",
                            "name": "Bleed 2",
                            "viewersCount": 0
                        }
                    },
                    {
                        "__typename": "DirectoryEdge",
                        "cursor": "MTQ4OQ==",
                        "node": {
                            "__typename": "Game",
                            "activeDropCampaigns": [],
                            "avatarURL": "https://static-cdn.jtvnw.net/ttv-boxart/Alone%20in%20the%20Dark-285x380.jpg",
                            "directoryType": "GAME",
                            "displayName": "Alone in the Dark",
                            "id": "2846",
                            "name": "Alone in the Dark",
                            "viewersCount": 0
                        }
                    }
                ],
                "pageInfo": {
                    "__typename": "PageInfo",
                    "hasNextPage": false
                }
            }
        },
        "extensions": {
            "durationMilliseconds": 78,
            "operationName": "BrowsePage_AllDirectories"
        }
    }
]