[
    {
        "data": {
            "directories": {
                "__typename": "DirectoryConnection",
                "edges": [
                    {
                        "__typename": "DirectoryEdge",
                        "cursor": "MTQ2",
                        "node": {
                            "__typename": "Game",
                            "activeDropCampaigns": [],
                            "avatarURL": "https://static-cdn.jtvnw.net/ttv-boxart/Doom-285x380.jpg",
                            "directoryType": "GAME",
                            "displayName": "Doom",
                            "id": "6715",
                            "name": "Doom",
                            "viewersCount": 257
                        }
                    },
                    {
                        "__typename": "DirectoryEdge",
                        "cursor": "MTQ3",
                        "node": {
                            "__typename": "Game",
                            "activeDropCampaigns": [],
                            "avatarURL": "https://static-cdn.jtvnw.net/ttv-boxart/Grand%20Theft%20Auto%20IV-285x380.jpg",
                            "directoryType": "GAME",
                            "displayName": "Grand Theft Auto IV",
                            "id": "18707",
                            "name": "Grand Theft Auto IV",
                            "viewersCount": 257
                        }
                    },
                    {
                        "__typename": "DirectoryEdge",
                        "cursor": "MTQ4",
                        "node": {
                            "__typename": "Game",
                            "activeDropCampaigns": [],
                            "avatarURL": "https://static-cdn.jtvnw.net/ttv-boxart/Super%20Smash%20Bros.%20for%20Wii%20U-285x380.jpg",
                            "directoryType": "GAME",
                            "displayName": "Super Smash Bros. for Wii U",
                            "id": "488353",
                            "name": "Super Smash Bros. for Wii U",
                            "viewersCount": 256
                        }
                    },
                    {
                        "__typename": "DirectoryEdge",
                        "cursor": "MTQ5",
                        "node": {
                            "__typename": "Game",
                            "activeDropCampaigns": [],
                            "avatarURL": "https://static-cdn.jtvnw.net/ttv-boxart/Ninja%20Gaiden-285x380.jpg",
                            "directoryType": "GAME",
                            "displayName": "Ninja Gaiden",
                            "id": "1520",
                            "name": "Ninja Gaiden",
                            "viewersCount": 248
                        }
                    },
                    {
                        "__typename": "DirectoryEdge",
                        "cursor": "MTUw",
                        "node": {
                            "__typename": "Game",
                            "activeDropCampaigns": [],
                            "avatarURL": "https://static-cdn.jtvnw.net/ttv-boxart/Europa%20Universalis%20IV-285x380.jpg",
                            "directoryType": "GAME",
                            "displayName": "Europa Universalis IV",
                            "id": "67584",
                            "name": "Europa Universalis IV",
                            "viewersCount": 247
                        }
                    },
                    {
                        "__typename": "DirectoryEdge",
                        "cursor": "MTUx",
                        "node": {
                            "__typename": "Game",
                            "activeDropCampaigns": [],
                            "avatarURL": "https://static-cdn.jtvnw.net/ttv-boxart/Horizon%20Zero%20Dawn-285x380.jpg",
                            "directoryType": "GAME",
                            "displayName": "Horizon Zero Dawn",
                            "id": "490374",
                            "name": "Horizon Zero Dawn",
                            "viewersCount": 246
                        }
                    },
                    {
                        "__typename": "DirectoryEdge",
                        "cursor": "MTUy",
                        "node": {
                            "__typename": "Game",
                            "activeDropCampaigns": [],
                            "avatarURL": "https://static-cdn.jtvnw.net/ttv-boxart/Factorio-285x380.jpg",
                            "directoryType": "GAME",
                            "displayName": "Factorio",
                            "id": "130942",
                            "name": "Factorio",
                            "viewersCount": 245
                        }
                    },
                    {
                        "__typename": "DirectoryEdge",
                        "cursor": "MTUz",
                        "node": {
                            "__typename": "Game",
                            "activeDropCampaigns": [],
                            "avatarURL": "https://static-cdn.jtvnw.net/ttv-boxart/Sid%20Meier%27s%20Civilization%20V-285x380.jpg",
                            "directoryType": "GAME",
                            "displayName": "Sid Meier's Civilization V",
                            "id": "27103",
                            "name": "Sid Meier's Civilization V",
                            "viewersCount": 241
                        }
                    },
                    {
                        "__typename": "DirectoryEdge",
                        "cursor": "MTU0",
                        "node": {
                            "__typename": "Game",
                            "activeDropCampaigns": [],
                            "avatarURL": "https://static-cdn.jtvnw.net/ttv-boxart/MLB%20The%20Show%2018-285x380.jpg",
                            "directoryType": "GAME",
                            "displayName": "MLB The Show 18",
                            "id": "500008",
                            "name": "MLB The Show 18",
                            "viewersCount": 240
                        }
                    },
                    {
                        "__typename": "DirectoryEdge",
                        "cursor": "MTU1",
                        "node": {
                            "__typename": "Game",
                            "activeDropCampaigns": [],
                            "avatarURL": "https://static-cdn.jtvnw.net/ttv-boxart/Granblue%20Fantasy-285x380.jpg",
                            "directoryType": "GAME",
                            "displayName": "Granblue Fantasy",
                            "id": "489668",
                            "name": "Granblue Fantasy",
                            "viewersCount": 236
                        }
                    },
                    {
                        "__typename": "DirectoryEdge",
                        "cursor": "MTU2",
                        "node": {
                            "__typename": "Game",
                            "activeDropCampaigns": [],
                            "avatarURL": "https://static-cdn.jtvnw.net/ttv-boxart/The%20Legend%20of%20Zelda:%20Oracle%20of%20Ages-285x380.jpg",
                            "directoryType": "GAME",
                            "displayName": "The Legend of Zelda: Oracle of Ages",
                            "id": "7335",
                            "name": "The Legend of Zelda: Oracle of Ages",
                            "viewersCount": 235
                        }
                    },
                    {
                        "__typename": "DirectoryEdge",
                        "cursor": "MTU3",
                        "node": {
                            "__typename": "Game",
                            "activeDropCampaigns": [],
                            "avatarURL": "https://static-cdn.jtvnw.net/ttv-boxart/Super%20Mario%20Odyssey-285x380.jpg",
                            "directoryType": "GAME",
                            "displayName": "Super Mario Odyssey",
                            "id": "493997",
                            "name": "Super Mario Odyssey",
                            "viewersCount": 229
                        }
                    },
                    {
                        "__typename": "DirectoryEdge",
                        "cursor": "MTU4",
                        "node": {
                            "__typename": "Game",
                            "activeDropCampaigns": [],
                            "avatarURL": "https://static-cdn.jtvnw.net/ttv-boxart/Call%20of%20Duty:%20Black%20Ops%20III-285x380.jpg",
                            "directoryType": "GAME",
                            "displayName": "Call of Duty: Black Ops III",
                            "id": "489401",
                            "name": "Call of Duty: Black Ops III",
                            "viewersCount": 229
                        }
                    },
                    {
                        "__typename": "DirectoryEdge",
                        "cursor": "MTU5",
                        "node": {
                            "__typename": "Game",
                            "activeDropCampaigns": [],
                            "avatarURL": "https://static-cdn.jtvnw.net/ttv-boxart/Hunt:%20Showdown-285x380.jpg",
                            "directoryType": "GAME",
                            "displayName": "Hunt: Showdown",
                            "id": "500188",
                            "name": "Hunt: Showdown",
                            "viewersCount": 226
                        }
                    },
                    {
                        "__typename": "DirectoryEdge",
                        "cursor": "MTYw",
                        "node": {
                            "__typename": "Game",
                            "activeDropCampaigns": [],
                            "avatarURL": "https://static-cdn.jtvnw.net/ttv-boxart/ROBLOX-285x380.jpg",
                            "directoryType": "GAME",
                            "displayName": "ROBLOX",
                            "id": "23020",
                            "name": "ROBLOX",
                            "viewersCount": 224
                        }
                    },
                    {
                        "__typename": "DirectoryEdge",
                        "cursor": "MTYx",
                        "node": {
                            "__typename": "Game",
                            "activeDropCampaigns": [],
                            "avatarURL": "https://static-cdn.jtvnw.net/ttv-boxart/Stardew%20Valley-285x380.jpg",
                            "directoryType": "GAME",
                            "displayName": "Stardew Valley",
                            "id": "490744",
                            "name": "Stardew Valley",
                            "viewersCount": 214
                        }
                    },
                    {
                        "__typename": "DirectoryEdge",
                        "cursor": "MTYy",
                        "node": {
                            "__typename": "Game",
                            "activeDropCampaigns": [],
                            "avatarURL": "https://static-cdn.jtvnw.net/ttv-boxart/iRacing.com-285x380.jpg",
                            "directoryType": "GAME",
                            "displayName": "iRacing.com",
                            "id": "19554",
                            "name": "iRacing.com",
                            "viewersCount": 214
                        }
                    },
                    {
                        "__typename": "DirectoryEdge",
                        "cursor": "MTYz",
                        "node": {
                            "__typename": "Game",
                            "activeDropCampaigns": [],
                            "avatarURL": "https://static-cdn.jtvnw.net/ttv-boxart/Sid%20Meier%27s%20Civilization%20VI:%20Rise%20&%20Fall-285x380.jpg",
                            "directoryType": "GAME",
                            "displayName": "Sid Meier's Civilization VI: Rise & Fall",
                            "id": "500460",
                            "name": "Sid Meier's Civilization VI: Rise & Fall",
                            "viewersCount": 211
                        }
                    },
                    {
                        "__typename": "DirectoryEdge",
                        "cursor": "MTY0",
                        "node": {
                            "__typename": "Game",
                            "activeDropCampaigns": [
                                {
                                    "__typename": "DropCampaign",
                                    "applicableChannels": []
                                }
                            ],
                            "avatarURL": "https://static-cdn.jtvnw.net/ttv-boxart/Quake%20Champions-285x380.jpg",
                            "directoryType": "GAME",
                            "displayName": "Quake Champions",
                            "id": "496253",
                            "name": "Quake Champions",
                            "viewersCount": 208
                        }
                    },
                    {
                        "__typename": "DirectoryEdge",
                        "cursor": "MTY1",
                        "node": {
                            "__typename": "Game",
                            "activeDropCampaigns": [],
                            "avatarURL": "https://static-cdn.jtvnw.net/ttv-boxart/The%20Binding%20of%20Isaac:%20Afterbirth-285x380.jpg",
                            "directoryType": "GAME",
                            "displayName": "The Binding of Isaac: Afterbirth",
                            "id": "491080",
                            "name": "The Binding of Isaac: Afterbirth",
                            "viewersCount": 202
                        }
                    },
                    {
                        "__typename": "DirectoryEdge",
                        "cursor": "MTY2",
                        "node": {
                            "__typename": "Game",
                            "activeDropCampaigns": [],
                            "avatarURL": "https://static-cdn.jtvnw.net/ttv-boxart/Ylands-285x380.jpg",
                            "directoryType": "GAME",
                            "displayName": "Ylands",
                            "id": "494166",
                            "name": "Ylands",
                            "viewersCount": 198
                        }
                    },
                    {
                        "__typename": "DirectoryEdge",
                        "cursor": "MTY3",
                        "node": {
                            "__typename": "Game",
                            "activeDropCampaigns": [],
                            "avatarURL": "https://static-cdn.jtvnw.net/ttv-boxart/The%20Sims%204-285x380.jpg",
                            "directoryType": "GAME",
                            "displayName": "The Sims 4",
                            "id": "369252",
                            "name": "The Sims 4",
                            "viewersCount": 194
                        }
                    },
                    {
                        "__typename": "DirectoryEdge",
                        "cursor": "MTY4",
                        "node": {
                            "__typename": "Game",
                            "activeDropCampaigns": [],
                            "avatarURL": "https://static-cdn.jtvnw.net/ttv-boxart/RimWorld-285x380.jpg",
                            "directoryType": "GAME",
                            "displayName": "RimWorld",
                            "id": "394568",
                            "name": "RimWorld",
                            "viewersCount": 188
                        }
                    },
                    {
                        "__typename": "DirectoryEdge",
                        "cursor": "MTY5",
                        "node": {
                            "__typename": "Game",
                            "activeDropCampaigns": [],
                            "avatarURL": "https://static-cdn.jtvnw.net/ttv-boxart/Blood%20Bowl%202-285x380.jpg",
                            "directoryType": "GAME",
                            "displayName": "Blood Bowl 2",
                            "id": "490177",
                            "name": "Blood Bowl 2",
                            "viewersCount": 185
                        }
                    },
                    {
                        "__typename": "DirectoryEdge",
                        "cursor": "MTcw",
                        "node": {
                            "__typename": "Game",
                            "activeDropCampaigns": [],
                            "avatarURL": "https://static-cdn.jtvnw.net/ttv-boxart/War%20Thunder-285x380.jpg",
                            "directoryType": "GAME",
                            "displayName": "War Thunder",
                            "id": "66366",
                            "name": "War Thunder",
                            "viewersCount": 185
                        }
                    },
                    {
                        "__typename": "DirectoryEdge",
                        "cursor": "MTcx",
                        "node": {
                            "__typename": "Game",
                            "activeDropCampaigns": [],
                            "avatarURL": "https://static-cdn.jtvnw.net/ttv-boxart/Russian%20Fishing%204-285x380.jpg",
                            "directoryType": "GAME",
                            "displayName": "Russian Fishing 4",
                            "id": "497304",
                            "name": "Russian Fishing 4",
                            "viewersCount": 185
                        }
                    },
                    {
                        "__typename": "DirectoryEdge",
                        "cursor": "MTcy",
                        "node": {
                            "__typename": "Game",
                            "activeDropCampaigns": [],
                            "avatarURL": "https://static-cdn.jtvnw.net/ttv-boxart/Hearts%20of%20Iron%20IV-285x380.jpg",
                            "directoryType": "GAME",
                            "displayName": "Hearts of Iron IV",
                            "id": "459327",
                            "name": "Hearts of Iron IV",
                            "viewersCount": 183
                        }
                    },
                    {
                        "__typename": "DirectoryEdge",
                        "cursor": "MTcz",
                        "node": {
                            "__typename": "Game",
                            "activeDropCampaigns": [],
                            "avatarURL": "https://static-cdn.jtvnw.net/ttv-boxart/Heroes%20of%20Hammerwatch-285x380.jpg",
                            "directoryType": "GAME",
                            "displayName": "Heroes of Hammerwatch",
                            "id": "503986",
                            "name": "Heroes of Hammerwatch",
                            "viewersCount": 181
                        }
                    },
                    {
                        "__typename": "DirectoryEdge",
                        "cursor": "MTc0",
                        "node": {
                            "__typename": "Game",
                            "activeDropCampaigns": [],
                            "avatarURL": "https://static-cdn.jtvnw.net/ttv-boxart/Pok%C3%A9mon%20Go-285x380.jpg",
                            "directoryType": "GAME",
                            "displayName": "Pok\u00e9mon Go",
                            "id": "490655",
                            "name": "Pok\u00e9mon Go",
                            "viewersCount": 181
                        }
                    },
                    {
                        "__typename": "DirectoryEdge",
                        "cursor": "MTc1",
                        "node": {
                            "__typename": "Game",
                            "activeDropCampaigns": [],
                            "avatarURL": "https://static-cdn.jtvnw.net/ttv-boxart/Subnautica-285x380.jpg",
                            "directoryType": "GAME",
                            "displayName": "Subnautica",
                            "id": "460090",
                            "name": "Subnautica",
                            "viewersCount": 180
                        }
                    }
                ],
                "pageInfo": {
                    "__typename": "PageInfo",
                    "hasNextPage": true
                }
            }
        },
        "extensions": {
            "durationMilliseconds": 82,
            "operationName": "BrowsePage_AllDirectories"
        }
    }
]