[
    {
        "data": {
            "directories": {
                "__typename": "DirectoryConnection",
                "edges": [
                    {
                        "__typename": "DirectoryEdge",
                        "cursor": "MTc1",
                        "node": {
                            "__typename": "Game",
                            "activeDropCampaigns": [],
                            "avatarURL": "https://static-cdn.jtvnw.net/ttv-boxart/Subnautica-285x380.jpg",
                            "directoryType": "GAME",
                            "displayName": "Subnautica",
                            "id": "460090",
                            "name": "Subnautica",
                            "viewersCount": 180
                        }
                    },
                    {
                        "__typename": "DirectoryEdge",
                        "cursor": "MTc2",
                        "node": {
                            "__typename": "Game",
                            "activeDropCampaigns": [],
                            "avatarURL": "https://static-cdn.jtvnw.net/ttv-boxart/Grand%20Theft%20Auto:%20San%20Andreas-285x380.jpg",
                            "directoryType": "GAME",
                            "displayName": "Grand Theft Auto: San Andreas",
                            "id": "6521",
                            "name": "Grand Theft Auto: San Andreas",
                            "viewersCount": 176
                        }
                    },
                    {
                        "__typename": "DirectoryEdge",
                        "cursor": "MTc3",
                        "node": {
                            "__typename": "Game",
                            "activeDropCampaigns": [],
                            "avatarURL": "https://static-cdn.jtvnw.net/ttv-boxart/Tera-285x380.jpg",
                            "directoryType": "GAME",
                            "displayName": "Tera",
                            "id": "26476",
                            "name": "Tera",
                            "viewersCount": 176
                        }
                    },
                    {
                        "__typename": "DirectoryEdge",
                        "cursor": "MTc4",
                        "node": {
                            "__typename": "Game",
                            "activeDropCampaigns": [],
                            "avatarURL": "https://static-cdn.jtvnw.net/ttv-boxart/Heroes%20of%20Newerth-285x380.jpg",
                            "directoryType": "GAME",
                            "displayName": "Heroes of Newerth",
                            "id": "24664",
                            "name": "Heroes of Newerth",
                            "viewersCount": 176
                        }
                    },
                    {
                        "__typename": "DirectoryEdge",
                        "cursor": "MTc5",
                        "node": {
                            "__typename": "Game",
                            "activeDropCampaigns": [],
                            "avatarURL": "https://static-cdn.jtvnw.net/ttv-boxart/The%20Swords%20of%20Ditto-285x380.jpg",
                            "directoryType": "GAME",
                            "displayName": "The Swords of Ditto",
                            "id": "497692",
                            "name": "The Swords of Ditto",
                            "viewersCount": 175
                        }
                    },
                    {
                        "__typename": "DirectoryEdge",
                        "cursor": "MTgw",
                        "node": {
                            "__typename": "Game",
                            "activeDropCampaigns": [],
                            "avatarURL": "https://static-cdn.jtvnw.net/ttv-boxart/Pok%C3%A9mon%20FireRed/LeafGreen-285x380.jpg",
                            "directoryType": "GAME",
                            "displayName": "Pok\u00e9mon FireRed/LeafGreen",
                            "id": "13332",
                            "name": "Pok\u00e9mon FireRed/LeafGreen",
                            "viewersCount": 175
                        }
                    },
                    {
                        "__typename": "DirectoryEdge",
                        "cursor": "MTgx",
                        "node": {
                            "__typename": "Game",
                            "activeDropCampaigns": [],
                            "avatarURL": "https://static-cdn.jtvnw.net/ttv-boxart/Team%20Fortress%202-285x380.jpg",
                            "directoryType": "GAME",
                            "displayName": "Team Fortress 2",
                            "id": "16676",
                            "name": "Team Fortress 2",
                            "viewersCount": 173
                        }
                    },
                    {
                        "__typename": "DirectoryEdge",
                        "cursor": "MTgy",
                        "node": {
                            "__typename": "Game",
                            "activeDropCampaigns": [],
                            "avatarURL": "https://static-cdn.jtvnw.net/ttv-boxart/Euro%20Truck%20Simulator%202-285x380.jpg",
                            "directoryType": "GAME",
                            "displayName": "Euro Truck Simulator 2",
                            "id": "75467",
                            "name": "Euro Truck Simulator 2",
                            "viewersCount": 173
                        }
                    },
                    {
                        "__typename": "DirectoryEdge",
                        "cursor": "MTgz",
                        "node": {
                            "__typename": "Game",
                            "activeDropCampaigns": [],
                            "avatarURL": "https://static-cdn.jtvnw.net/ttv-boxart/The%20Legend%20of%20Zelda:%20Skyward%20Sword-285x380.jpg",
                            "directoryType": "GAME",
                            "displayName": "The Legend of Zelda: Skyward Sword",
                            "id": "24324",
                            "name": "The Legend of Zelda: Skyward Sword",
                            "viewersCount": 172
                        }
                    },
                    {
                        "__typename": "DirectoryEdge",
                        "cursor": "MTg0",
                        "node": {
                            "__typename": "Game",
                            "activeDropCampaigns": [],
                            "avatarURL": "https://static-cdn.jtvnw.net/ttv-boxart/Mega%20Man%20X4-285x380.jpg",
                            "directoryType": "GAME",
                            "displayName": "Mega Man X4",
                            "id": "18519",
                            "name": "Mega Man X4",
                            "viewersCount": 171
                        }
                    },
                    {
                        "__typename": "DirectoryEdge",
                        "cursor": "MTg1",
                        "node": {
                            "__typename": "Game",
                            "activeDropCampaigns": [],
                            "avatarURL": "https://static-cdn.jtvnw.net/ttv-boxart/Bee%20Movie%20Game-285x380.jpg",
                            "directoryType": "GAME",
                            "displayName": "Bee Movie Game",
                            "id": "16946",
                            "name": "Bee Movie Game",
                            "viewersCount": 171
                        }
                    },
                    {
                        "__typename": "DirectoryEdge",
                        "cursor": "MTg2",
                        "node": {
                            "__typename": "Game",
                            "activeDropCampaigns": [],
                            "avatarURL": "https://static-cdn.jtvnw.net/ttv-boxart/Oxygen%20Not%20Included-285x380.jpg",
                            "directoryType": "GAME",
                            "displayName": "Oxygen Not Included",
                            "id": "493815",
                            "name": "Oxygen Not Included",
                            "viewersCount": 170
                        }
                    },
                    {
                        "__typename": "DirectoryEdge",
                        "cursor": "MTg3",
                        "node": {
                            "__typename": "Game",
                            "activeDropCampaigns": [],
                            "avatarURL": "https://static-cdn.jtvnw.net/ttv-boxart/Xenoblade%20Chronicles%202-285x380.jpg",
                            "directoryType": "GAME",
                            "displayName": "Xenoblade Chronicles 2",
                            "id": "495061",
                            "name": "Xenoblade Chronicles 2",
                            "viewersCount": 170
                        }
                    },
                    {
                        "__typename": "DirectoryEdge",
                        "cursor": "MTg4",
                        "node": {
                            "__typename": "Game",
                            "activeDropCampaigns": [],
                            "avatarURL": "https://static-cdn.jtvnw.net/ttv-boxart/Yu-Gi-Oh%21%20TRADING%20CARD%20GAME-285x380.jpg",
                            "directoryType": "GAME",
                            "displayName": "Yu-Gi-Oh! TRADING CARD GAME",
                            "id": "497248",
                            "name": "Yu-Gi-Oh! TRADING CARD GAME",
                            "viewersCount": 165
                        }
                    },
                    {
                        "__typename": "DirectoryEdge",
                        "cursor": "MTg5",
                        "node": {
                            "__typename": "Game",
                            "activeDropCampaigns": [],
                            "avatarURL": "https://static-cdn.jtvnw.net/ttv-boxart/The%20Legend%20of%20Zelda:%20Ocarina%20of%20Time-285x380.jpg",
                            "directoryType": "GAME",
                            "displayName": "The Legend of Zelda: Ocarina of Time",
                            "id": "11557",
                            "name": "The Legend of Zelda: Ocarina of Time",
                            "viewersCount": 165
                        }
                    },
                    {
                        "__typename": "DirectoryEdge",
                        "cursor": "MTkw",
                        "node": {
                            "__typename": "Game",
                            "activeDropCampaigns": [],
                            "avatarURL": "https://static-cdn.jtvnw.net/ttv-boxart/Wrestling-285x380.jpg",
                            "directoryType": "GAME",
                            "displayName": "Wrestling",
                            "id": "497571",
                            "name": "Wrestling",
                            "viewersCount": 164
                        }
                    },
                    {
                        "__typename": "DirectoryEdge",
                        "cursor": "MTkx",
                        "node": {
                            "__typename": "Game",
                            "activeDropCampaigns": [],
                            "avatarURL": "https://static-cdn.jtvnw.net/ttv-boxart/Fallout%204-285x380.jpg",
                            "directoryType": "GAME",
                            "displayName": "Fallout 4",
                            "id": "489776",
                            "name": "Fallout 4",
                            "viewersCount": 163
                        }
                    },
                    {
                        "__typename": "DirectoryEdge",
                        "cursor": "MTky",
                        "node": {
                            "__typename": "Game",
                            "activeDropCampaigns": [],
                            "avatarURL": "https://static-cdn.jtvnw.net/ttv-boxart/Super%20Robot%20Wars%20X-285x380.jpg",
                            "directoryType": "GAME",
                            "displayName": "Super Robot Wars X",
                            "id": "503457",
                            "name": "Super Robot Wars X",
                            "viewersCount": 161
                        }
                    },
                    {
                        "__typename": "DirectoryEdge",
                        "cursor": "MTkz",
                        "node": {
                            "__typename": "Game",
                            "activeDropCampaigns": [],
                            "avatarURL": "https://static-cdn.jtvnw.net/ttv-boxart/Borderlands%202-285x380.jpg",
                            "directoryType": "GAME",
                            "displayName": "Borderlands 2",
                            "id": "32345",
                            "name": "Borderlands 2",
                            "viewersCount": 161
                        }
                    },
                    {
                        "__typename": "DirectoryEdge",
                        "cursor": "MTk0",
                        "node": {
                            "__typename": "Game",
                            "activeDropCampaigns": [],
                            "avatarURL": "https://static-cdn.jtvnw.net/ttv-boxart/Neverwinter-285x380.jpg",
                            "directoryType": "GAME",
                            "displayName": "Neverwinter",
                            "id": "29179",
                            "name": "Neverwinter",
                            "viewersCount": 161
                        }
                    },
                    {
                        "__typename": "DirectoryEdge",
                        "cursor": "MTk1",
                        "node": {
                            "__typename": "Game",
                            "activeDropCampaigns": [],
                            "avatarURL": "https://static-cdn.jtvnw.net/ttv-boxart/Black%20Squad-285x380.jpg",
                            "directoryType": "GAME",
                            "displayName": "Black Squad",
                            "id": "491859",
                            "name": "Black Squad",
                            "viewersCount": 160
                        }
                    },
                    {
                        "__typename": "DirectoryEdge",
                        "cursor": "MTk2",
                        "node": {
                            "__typename": "Game",
                            "activeDropCampaigns": [],
                            "avatarURL": "https://static-cdn.jtvnw.net/ttv-boxart/Yakuza%206:%20The%20Song%20of%20Life-285x380.jpg",
                            "directoryType": "GAME",
                            "displayName": "Yakuza 6: The Song of Life",
                            "id": "490701",
                            "name": "Yakuza 6: The Song of Life",
                            "viewersCount": 159
                        }
                    },
                    {
                        "__typename": "DirectoryEdge",
                        "cursor": "MTk3",
                        "node": {
                            "__typename": "Game",
                            "activeDropCampaigns": [],
                            "avatarURL": "https://static-cdn.jtvnw.net/ttv-boxart/Super%20Smash%20Bros.%20Melee-285x380.jpg",
                            "directoryType": "GAME",
                            "displayName": "Super Smash Bros. Melee",
                            "id": "16282",
                            "name": "Super Smash Bros. Melee",
                            "viewersCount": 159
                        }
                    },
                    {
                        "__typename": "DirectoryEdge",
                        "cursor": "MTk4",
                        "node": {
                            "__typename": "Game",
                            "activeDropCampaigns": [],
                            "avatarURL": "https://static-cdn.jtvnw.net/ttv-boxart/Indiana%20Jones%20and%20the%20Fate%20of%20Atlantis-285x380.jpg",
                            "directoryType": "GAME",
                            "displayName": "Indiana Jones and the Fate of Atlantis",
                            "id": "3329",
                            "name": "Indiana Jones and the Fate of Atlantis",
                            "viewersCount": 159
                        }
                    },
                    {
                        "__typename": "DirectoryEdge",
                        "cursor": "MTk5",
                        "node": {
                            "__typename": "Game",
                            "activeDropCampaigns": [],
                            "avatarURL": "https://static-cdn.jtvnw.net/ttv-boxart/Farming%20Simulator%2017-285x380.jpg",
                            "directoryType": "GAME",
                            "displayName": "Farming Simulator 17",
                            "id": "493982",
                            "name": "Farming Simulator 17",
                            "viewersCount": 158
                        }
                    },
                    {
                        "__typename": "DirectoryEdge",
                        "cursor": "MjAw",
                        "node": {
                            "__typename": "Game",
                            "activeDropCampaigns": [],
                            "avatarURL": "https://static-cdn.jtvnw.net/ttv-boxart/Company%20of%20Heroes%202-285x380.jpg",
                            "directoryType": "GAME",
                            "displayName": "Company of Heroes 2",
                            "id": "65663",
                            "name": "Company of Heroes 2",
                            "viewersCount": 154
                        }
                    },
                    {
                        "__typename": "DirectoryEdge",
                        "cursor": "MjAx",
                        "node": {
                            "__typename": "Game",
                            "activeDropCampaigns": [],
                            "avatarURL": "https://static-cdn.jtvnw.net/ttv-boxart/Fatal%20Frame-285x380.jpg",
                            "directoryType": "GAME",
                            "displayName": "Fatal Frame",
                            "id": "16570",
                            "name": "Fatal Frame",
                            "viewersCount": 154
                        }
                    },
                    {
                        "__typename": "DirectoryEdge",
                        "cursor": "MjAy",
                        "node": {
                            "__typename": "Game",
                            "activeDropCampaigns": [],
                            "avatarURL": "https://static-cdn.jtvnw.net/ttv-boxart/Enter%20the%20Gungeon-285x380.jpg",
                            "directoryType": "GAME",
                            "displayName": "Enter the Gungeon",
                            "id": "488632",
                            "name": "Enter the Gungeon",
                            "viewersCount": 147
                        }
                    },
                    {
                        "__typename": "DirectoryEdge",
                        "cursor": "MjAz",
                        "node": {
                            "__typename": "Game",
                            "activeDropCampaigns": [],
                            "avatarURL": "https://static-cdn.jtvnw.net/ttv-boxart/Witch%20It-285x380.jpg",
                            "directoryType": "GAME",
                            "displayName": "Witch It",
                            "id": "494792",
                            "name": "Witch It",
                            "viewersCount": 142
                        }
                    },
                    {
                        "__typename": "DirectoryEdge",
                        "cursor": "MjA0",
                        "node": {
                            "__typename": "Game",
                            "activeDropCampaigns": [],
                            "avatarURL": "https://static-cdn.jtvnw.net/ttv-boxart/Age%20of%20Mythology-285x380.jpg",
                            "directoryType": "GAME",
                            "displayName": "Age of Mythology",
                            "id": "1260",
                            "name": "Age of Mythology",
                            "viewersCount": 141
                        }
                    }
                ],
                "pageInfo": {
                    "__typename": "PageInfo",
                    "hasNextPage": true
                }
            }
        },
        "extensions": {
            "durationMilliseconds": 39,
            "operationName": "BrowsePage_AllDirectories"
        }
    }
]