[
    {
        "data": {
            "directories": {
                "__typename": "DirectoryConnection",
                "edges": [
                    {
                        "__typename": "DirectoryEdge",
                        "cursor": "MjA0",
                        "node": {
                            "__typename": "Game",
                            "activeDropCampaigns": [],
                            "avatarURL": "https://static-cdn.jtvnw.net/ttv-boxart/Age%20of%20Mythology-285x380.jpg",
                            "directoryType": "GAME",
                            "displayName": "Age of Mythology",
                            "id": "1260",
                            "name": "Age of Mythology",
                            "viewersCount": 141
                        }
                    },
                    {
                        "__typename": "DirectoryEdge",
                        "cursor": "MjA1",
                        "node": {
                            "__typename": "Game",
                            "activeDropCampaigns": [],
                            "avatarURL": "https://static-cdn.jtvnw.net/ttv-boxart/Final%20Fantasy-285x380.jpg",
                            "directoryType": "GAME",
                            "displayName": "Final Fantasy",
                            "id": "7689",
                            "name": "Final Fantasy",
                            "viewersCount": 141
                        }
                    },
                    {
                        "__typename": "DirectoryEdge",
                        "cursor": "MjA2",
                        "node": {
                            "__typename": "Game",
                            "activeDropCampaigns": [],
                            "avatarURL": "https://static-cdn.jtvnw.net/ttv-boxart/Elite:%20Dangerous-285x380.jpg",
                            "directoryType": "GAME",
                            "displayName": "Elite: Dangerous",
                            "id": "80607",
                            "name": "Elite: Dangerous",
                            "viewersCount": 139
                        }
                    },
                    {
                        "__typename": "DirectoryEdge",
                        "cursor": "MjA3",
                        "node": {
                            "__typename": "Game",
                            "activeDropCampaigns": [],
                            "avatarURL": "https://static-cdn.jtvnw.net/ttv-boxart/Fate/Grand%20Order-285x380.jpg",
                            "directoryType": "GAME",
                            "displayName": "Fate/Grand Order",
                            "id": "493048",
                            "name": "Fate/Grand Order",
                            "viewersCount": 139
                        }
                    },
                    {
                        "__typename": "DirectoryEdge",
                        "cursor": "MjA4",
                        "node": {
                            "__typename": "Game",
                            "activeDropCampaigns": [],
                            "avatarURL": "https://static-cdn.jtvnw.net/ttv-boxart/I%20Wanna%20Be%20The%20Guy-285x380.jpg",
                            "directoryType": "GAME",
                            "displayName": "I Wanna Be The Guy",
                            "id": "20716",
                            "name": "I Wanna Be The Guy",
                            "viewersCount": 138
                        }
                    },
                    {
                        "__typename": "DirectoryEdge",
                        "cursor": "MjA5",
                        "node": {
                            "__typename": "Game",
                            "activeDropCampaigns": [],
                            "avatarURL": "https://static-cdn.jtvnw.net/ttv-boxart/Mad%20Max-285x380.jpg",
                            "directoryType": "GAME",
                            "displayName": "Mad Max",
                            "id": "8271",
                            "name": "Mad Max",
                            "viewersCount": 137
                        }
                    },
                    {
                        "__typename": "DirectoryEdge",
                        "cursor": "MjEw",
                        "node": {
                            "__typename": "Game",
                            "activeDropCampaigns": [],
                            "avatarURL": "https://static-cdn.jtvnw.net/ttv-boxart/Jak%20II-285x380.jpg",
                            "directoryType": "GAME",
                            "displayName": "Jak II",
                            "id": "9531",
                            "name": "Jak II",
                            "viewersCount": 137
                        }
                    },
                    {
                        "__typename": "DirectoryEdge",
                        "cursor": "MjEx",
                        "node": {
                            "__typename": "Game",
                            "activeDropCampaigns": [],
                            "avatarURL": "https://static-cdn.jtvnw.net/ttv-boxart/Cold%20Fear-285x380.jpg",
                            "directoryType": "GAME",
                            "displayName": "Cold Fear",
                            "id": "17969",
                            "name": "Cold Fear",
                            "viewersCount": 135
                        }
                    },
                    {
                        "__typename": "DirectoryEdge",
                        "cursor": "MjEy",
                        "node": {
                            "__typename": "Game",
                            "activeDropCampaigns": [],
                            "avatarURL": "https://static-cdn.jtvnw.net/ttv-boxart/Microsoft%20Flight%20Simulator%20X-285x380.jpg",
                            "directoryType": "GAME",
                            "displayName": "Microsoft Flight Simulator X",
                            "id": "4235",
                            "name": "Microsoft Flight Simulator X",
                            "viewersCount": 132
                        }
                    },
                    {
                        "__typename": "DirectoryEdge",
                        "cursor": "MjEz",
                        "node": {
                            "__typename": "Game",
                            "activeDropCampaigns": [],
                            "avatarURL": "https://static-cdn.jtvnw.net/ttv-boxart/Alien:%20Isolation-285x380.jpg",
                            "directoryType": "GAME",
                            "displayName": "Alien: Isolation",
                            "id": "458443",
                            "name": "Alien: Isolation",
                            "viewersCount": 131
                        }
                    },
                    {
                        "__typename": "DirectoryEdge",
                        "cursor": "MjE0",
                        "node": {
                            "__typename": "Game",
                            "activeDropCampaigns": [],
                            "avatarURL": "https://static-cdn.jtvnw.net/ttv-boxart/Tom%20Clancy%27s%20Ghost%20Recon:%20Wildlands-285x380.jpg",
                            "directoryType": "GAME",
                            "displayName": "Tom Clancy's Ghost Recon: Wildlands",
                            "id": "490379",
                            "name": "Tom Clancy's Ghost Recon: Wildlands",
                            "viewersCount": 130
                        }
                    },
                    {
                        "__typename": "DirectoryEdge",
                        "cursor": "MjE1",
                        "node": {
                            "__typename": "Game",
                            "activeDropCampaigns": [],
                            "avatarURL": "https://static-cdn.jtvnw.net/ttv-boxart/MapleStory%202-285x380.jpg",
                            "directoryType": "GAME",
                            "displayName": "MapleStory 2",
                            "id": "488769",
                            "name": "MapleStory 2",
                            "viewersCount": 129
                        }
                    },
                    {
                        "__typename": "DirectoryEdge",
                        "cursor": "MjE2",
                        "node": {
                            "__typename": "Game",
                            "activeDropCampaigns": [],
                            "avatarURL": "https://static-cdn.jtvnw.net/ttv-boxart/Ragnarok%20Online-285x380.jpg",
                            "directoryType": "GAME",
                            "displayName": "Ragnarok Online",
                            "id": "15229",
                            "name": "Ragnarok Online",
                            "viewersCount": 128
                        }
                    },
                    {
                        "__typename": "DirectoryEdge",
                        "cursor": "MjE3",
                        "node": {
                            "__typename": "Game",
                            "activeDropCampaigns": [],
                            "avatarURL": "https://static-cdn.jtvnw.net/ttv-boxart/The%20American%20Dream-285x380.jpg",
                            "directoryType": "GAME",
                            "displayName": "The American Dream",
                            "id": "493821",
                            "name": "The American Dream",
                            "viewersCount": 128
                        }
                    },
                    {
                        "__typename": "DirectoryEdge",
                        "cursor": "MjE4",
                        "node": {
                            "__typename": "Game",
                            "activeDropCampaigns": [],
                            "avatarURL": "https://static-cdn.jtvnw.net/ttv-boxart/Yu-Gi-Oh%21%20Duel%20Links-285x380.jpg",
                            "directoryType": "GAME",
                            "displayName": "Yu-Gi-Oh! Duel Links",
                            "id": "494508",
                            "name": "Yu-Gi-Oh! Duel Links",
                            "viewersCount": 128
                        }
                    },
                    {
                        "__typename": "DirectoryEdge",
                        "cursor": "MjE5",
                        "node": {
                            "__typename": "Game",
                            "activeDropCampaigns": [],
                            "avatarURL": "https://static-cdn.jtvnw.net/ttv-boxart/Battlefield%204-285x380.jpg",
                            "directoryType": "GAME",
                            "displayName": "Battlefield 4",
                            "id": "66402",
                            "name": "Battlefield 4",
                            "viewersCount": 126
                        }
                    },
                    {
                        "__typename": "DirectoryEdge",
                        "cursor": "MjIw",
                        "node": {
                            "__typename": "Game",
                            "activeDropCampaigns": [],
                            "avatarURL": "https://static-cdn.jtvnw.net/ttv-boxart/Don%27t%20Starve%20Together-285x380.jpg",
                            "directoryType": "GAME",
                            "displayName": "Don't Starve Together",
                            "id": "488634",
                            "name": "Don't Starve Together",
                            "viewersCount": 124
                        }
                    },
                    {
                        "__typename": "DirectoryEdge",
                        "cursor": "MjIx",
                        "node": {
                            "__typename": "Game",
                            "activeDropCampaigns": [],
                            "avatarURL": "https://static-cdn.jtvnw.net/ttv-boxart/Bless%20Online-285x380.jpg",
                            "directoryType": "GAME",
                            "displayName": "Bless Online",
                            "id": "416436",
                            "name": "Bless Online",
                            "viewersCount": 124
                        }
                    },
                    {
                        "__typename": "DirectoryEdge",
                        "cursor": "MjIy",
                        "node": {
                            "__typename": "Game",
                            "activeDropCampaigns": [],
                            "avatarURL": "https://static-cdn.jtvnw.net/ttv-boxart/Persona%205-285x380.jpg",
                            "directoryType": "GAME",
                            "displayName": "Persona 5",
                            "id": "27473",
                            "name": "Persona 5",
                            "viewersCount": 123
                        }
                    },
                    {
                        "__typename": "DirectoryEdge",
                        "cursor": "MjIz",
                        "node": {
                            "__typename": "Game",
                            "activeDropCampaigns": [],
                            "avatarURL": "https://static-cdn.jtvnw.net/ttv-boxart/Azur%20Lane-285x380.jpg",
                            "directoryType": "GAME",
                            "displayName": "Azur Lane",
                            "id": "498434",
                            "name": "Azur Lane",
                            "viewersCount": 122
                        }
                    },
                    {
                        "__typename": "DirectoryEdge",
                        "cursor": "MjI0",
                        "node": {
                            "__typename": "Game",
                            "activeDropCampaigns": [],
                            "avatarURL": "https://static-cdn.jtvnw.net/ttv-boxart/FIFA%2017-285x380.jpg",
                            "directoryType": "GAME",
                            "displayName": "FIFA 17",
                            "id": "493091",
                            "name": "FIFA 17",
                            "viewersCount": 121
                        }
                    },
                    {
                        "__typename": "DirectoryEdge",
                        "cursor": "MjI1",
                        "node": {
                            "__typename": "Game",
                            "activeDropCampaigns": [],
                            "avatarURL": "https://static-cdn.jtvnw.net/ttv-boxart/The%20Long%20Reach-285x380.jpg",
                            "directoryType": "GAME",
                            "displayName": "The Long Reach",
                            "id": "497666",
                            "name": "The Long Reach",
                            "viewersCount": 120
                        }
                    },
                    {
                        "__typename": "DirectoryEdge",
                        "cursor": "MjI2",
                        "node": {
                            "__typename": "Game",
                            "activeDropCampaigns": [],
                            "avatarURL": "https://static-cdn.jtvnw.net/ttv-boxart/Destiny-285x380.jpg",
                            "directoryType": "GAME",
                            "displayName": "Destiny",
                            "id": "280721",
                            "name": "Destiny",
                            "viewersCount": 119
                        }
                    },
                    {
                        "__typename": "DirectoryEdge",
                        "cursor": "MjI3",
                        "node": {
                            "__typename": "Game",
                            "activeDropCampaigns": [],
                            "avatarURL": "https://static-cdn.jtvnw.net/ttv-boxart/Brawlhalla-285x380.jpg",
                            "directoryType": "GAME",
                            "displayName": "Brawlhalla",
                            "id": "460316",
                            "name": "Brawlhalla",
                            "viewersCount": 119
                        }
                    },
                    {
                        "__typename": "DirectoryEdge",
                        "cursor": "MjI4",
                        "node": {
                            "__typename": "Game",
                            "activeDropCampaigns": [],
                            "avatarURL": "https://static-cdn.jtvnw.net/ttv-boxart/Super%20Mario%2064-285x380.jpg",
                            "directoryType": "GAME",
                            "displayName": "Super Mario 64",
                            "id": "2692",
                            "name": "Super Mario 64",
                            "viewersCount": 117
                        }
                    },
                    {
                        "__typename": "DirectoryEdge",
                        "cursor": "MjI5",
                        "node": {
                            "__typename": "Game",
                            "activeDropCampaigns": [],
                            "avatarURL": "https://static-cdn.jtvnw.net/ttv-boxart/Super%20Mario%20Sunshine-285x380.jpg",
                            "directoryType": "GAME",
                            "displayName": "Super Mario Sunshine",
                            "id": "6086",
                            "name": "Super Mario Sunshine",
                            "viewersCount": 116
                        }
                    },
                    {
                        "__typename": "DirectoryEdge",
                        "cursor": "MjMw",
                        "node": {
                            "__typename": "Game",
                            "activeDropCampaigns": [],
                            "avatarURL": "https://static-cdn.jtvnw.net/ttv-boxart/Kingdom%20Hearts%20HD%201.5%20+%202.5%20Remix-285x380.jpg",
                            "directoryType": "GAME",
                            "displayName": "Kingdom Hearts HD 1.5 + 2.5 Remix",
                            "id": "496456",
                            "name": "Kingdom Hearts HD 1.5 + 2.5 Remix",
                            "viewersCount": 114
                        }
                    },
                    {
                        "__typename": "DirectoryEdge",
                        "cursor": "MjMx",
                        "node": {
                            "__typename": "Game",
                            "activeDropCampaigns": [],
                            "avatarURL": "https://static-cdn.jtvnw.net/ttv-boxart/Diablo%20II:%20Lord%20of%20Destruction-285x380.jpg",
                            "directoryType": "GAME",
                            "displayName": "Diablo II: Lord of Destruction",
                            "id": "14304",
                            "name": "Diablo II: Lord of Destruction",
                            "viewersCount": 114
                        }
                    },
                    {
                        "__typename": "DirectoryEdge",
                        "cursor": "MjMy",
                        "node": {
                            "__typename": "Game",
                            "activeDropCampaigns": [],
                            "avatarURL": "https://static-cdn.jtvnw.net/ttv-boxart/They%20Are%20Billions-285x380.jpg",
                            "directoryType": "GAME",
                            "displayName": "They Are Billions",
                            "id": "499132",
                            "name": "They Are Billions",
                            "viewersCount": 114
                        }
                    },
                    {
                        "__typename": "DirectoryEdge",
                        "cursor": "MjMz",
                        "node": {
                            "__typename": "Game",
                            "activeDropCampaigns": [],
                            "avatarURL": "https://static-cdn.jtvnw.net/ttv-boxart/Cities:%20Skylines-285x380.jpg",
                            "directoryType": "GAME",
                            "displayName": "Cities: Skylines",
                            "id": "461449",
                            "name": "Cities: Skylines",
                            "viewersCount": 111
                        }
                    }
                ],
                "pageInfo": {
                    "__typename": "PageInfo",
                    "hasNextPage": true
                }
            }
        },
        "extensions": {
            "durationMilliseconds": 44,
            "operationName": "BrowsePage_AllDirectories"
        }
    }
]