[
    {
        "data": {
            "directories": {
                "__typename": "DirectoryConnection",
                "edges": [
                    {
                        "__typename": "DirectoryEdge",
                        "cursor": "MjMz",
                        "node": {
                            "__typename": "Game",
                            "activeDropCampaigns": [],
                            "avatarURL": "https://static-cdn.jtvnw.net/ttv-boxart/Cities:%20Skylines-285x380.jpg",
                            "directoryType": "GAME",
                            "displayName": "Cities: Skylines",
                            "id": "461449",
                            "name": "Cities: Skylines",
                            "viewersCount": 111
                        }
                    },
                    {
                        "__typename": "DirectoryEdge",
                        "cursor": "MjM0",
                        "node": {
                            "__typename": "Game",
                            "activeDropCampaigns": [],
                            "avatarURL": "https://static-cdn.jtvnw.net/ttv-boxart/Amnesia:%20The%20Dark%20Descent-285x380.jpg",
                            "directoryType": "GAME",
                            "displayName": "Amnesia: The Dark Descent",
                            "id": "27127",
                            "name": "Amnesia: The Dark Descent",
                            "viewersCount": 111
                        }
                    },
                    {
                        "__typename": "DirectoryEdge",
                        "cursor": "MjM1",
                        "node": {
                            "__typename": "Game",
                            "activeDropCampaigns": [],
                            "avatarURL": "https://static-cdn.jtvnw.net/ttv-boxart/Dead%20Cells-285x380.jpg",
                            "directoryType": "GAME",
                            "displayName": "Dead Cells",
                            "id": "495961",
                            "name": "Dead Cells",
                            "viewersCount": 110
                        }
                    },
                    {
                        "__typename": "DirectoryEdge",
                        "cursor": "MjM2",
                        "node": {
                            "__typename": "Game",
                            "activeDropCampaigns": [],
                            "avatarURL": "https://static-cdn.jtvnw.net/ttv-boxart/Geometry%20Dash-285x380.jpg",
                            "directoryType": "GAME",
                            "displayName": "Geometry Dash",
                            "id": "460951",
                            "name": "Geometry Dash",
                            "viewersCount": 108
                        }
                    },
                    {
                        "__typename": "DirectoryEdge",
                        "cursor": "MjM3",
                        "node": {
                            "__typename": "Game",
                            "activeDropCampaigns": [],
                            "avatarURL": "https://static-cdn.jtvnw.net/ttv-boxart/Black%20Survival-285x380.jpg",
                            "directoryType": "GAME",
                            "displayName": "Black Survival",
                            "id": "491170",
                            "name": "Black Survival",
                            "viewersCount": 107
                        }
                    },
                    {
                        "__typename": "DirectoryEdge",
                        "cursor": "MjM4",
                        "node": {
                            "__typename": "Game",
                            "activeDropCampaigns": [],
                            "avatarURL": "https://static-cdn.jtvnw.net/ttv-boxart/Pok%C3%A9mon%20Platinum-285x380.jpg",
                            "directoryType": "GAME",
                            "displayName": "Pok\u00e9mon Platinum",
                            "id": "19745",
                            "name": "Pok\u00e9mon Platinum",
                            "viewersCount": 106
                        }
                    },
                    {
                        "__typename": "DirectoryEdge",
                        "cursor": "MjM5",
                        "node": {
                            "__typename": "Game",
                            "activeDropCampaigns": [],
                            "avatarURL": "https://static-cdn.jtvnw.net/ttv-boxart/We%20Were%20Here-285x380.jpg",
                            "directoryType": "GAME",
                            "displayName": "We Were Here",
                            "id": "495723",
                            "name": "We Were Here",
                            "viewersCount": 106
                        }
                    },
                    {
                        "__typename": "DirectoryEdge",
                        "cursor": "MjQw",
                        "node": {
                            "__typename": "Game",
                            "activeDropCampaigns": [],
                            "avatarURL": "https://static-cdn.jtvnw.net/ttv-boxart/Rocksmith%202014-285x380.jpg",
                            "directoryType": "GAME",
                            "displayName": "Rocksmith 2014",
                            "id": "369575",
                            "name": "Rocksmith 2014",
                            "viewersCount": 104
                        }
                    },
                    {
                        "__typename": "DirectoryEdge",
                        "cursor": "MjQx",
                        "node": {
                            "__typename": "Game",
                            "activeDropCampaigns": [],
                            "avatarURL": "https://static-cdn.jtvnw.net/ttv-boxart/Dying%20Light-285x380.jpg",
                            "directoryType": "GAME",
                            "displayName": "Dying Light",
                            "id": "369380",
                            "name": "Dying Light",
                            "viewersCount": 103
                        }
                    },
                    {
                        "__typename": "DirectoryEdge",
                        "cursor": "MjQy",
                        "node": {
                            "__typename": "Game",
                            "activeDropCampaigns": [],
                            "avatarURL": "https://static-cdn.jtvnw.net/ttv-boxart/Dungreed-285x380.jpg",
                            "directoryType": "GAME",
                            "displayName": "Dungreed",
                            "id": "504021",
                            "name": "Dungreed",
                            "viewersCount": 103
                        }
                    },
                    {
                        "__typename": "DirectoryEdge",
                        "cursor": "MjQz",
                        "node": {
                            "__typename": "Game",
                            "activeDropCampaigns": [],
                            "avatarURL": "https://static-cdn.jtvnw.net/ttv-boxart/MechWarrior%20Online-285x380.jpg",
                            "directoryType": "GAME",
                            "displayName": "MechWarrior Online",
                            "id": "24623",
                            "name": "MechWarrior Online",
                            "viewersCount": 102
                        }
                    },
                    {
                        "__typename": "DirectoryEdge",
                        "cursor": "MjQ0",
                        "node": {
                            "__typename": "Game",
                            "activeDropCampaigns": [],
                            "avatarURL": "https://static-cdn.jtvnw.net/ttv-boxart/Dragon%20Ball%20FighterZ-285x380.jpg",
                            "directoryType": "GAME",
                            "displayName": "Dragon Ball FighterZ",
                            "id": "497385",
                            "name": "Dragon Ball FighterZ",
                            "viewersCount": 102
                        }
                    },
                    {
                        "__typename": "DirectoryEdge",
                        "cursor": "MjQ1",
                        "node": {
                            "__typename": "Game",
                            "activeDropCampaigns": [],
                            "avatarURL": "https://static-cdn.jtvnw.net/ttv-boxart/Left%204%20Dead%202-285x380.jpg",
                            "directoryType": "GAME",
                            "displayName": "Left 4 Dead 2",
                            "id": "24193",
                            "name": "Left 4 Dead 2",
                            "viewersCount": 102
                        }
                    },
                    {
                        "__typename": "DirectoryEdge",
                        "cursor": "MjQ2",
                        "node": {
                            "__typename": "Game",
                            "activeDropCampaigns": [],
                            "avatarURL": "https://static-cdn.jtvnw.net/ttv-boxart/Getting%20Over%20It-285x380.jpg",
                            "directoryType": "GAME",
                            "displayName": "Getting Over It",
                            "id": "499463",
                            "name": "Getting Over It",
                            "viewersCount": 102
                        }
                    },
                    {
                        "__typename": "DirectoryEdge",
                        "cursor": "MjQ3",
                        "node": {
                            "__typename": "Game",
                            "activeDropCampaigns": [],
                            "avatarURL": "https://static-cdn.jtvnw.net/ttv-boxart/Owlboy-285x380.jpg",
                            "directoryType": "GAME",
                            "displayName": "Owlboy",
                            "id": "21497",
                            "name": "Owlboy",
                            "viewersCount": 102
                        }
                    },
                    {
                        "__typename": "DirectoryEdge",
                        "cursor": "MjQ4",
                        "node": {
                            "__typename": "Game",
                            "activeDropCampaigns": [],
                            "avatarURL": "https://static-cdn.jtvnw.net/ttv-boxart/PlayerUnknown%27s%20Battlegrounds%20Mobile-285x380.jpg",
                            "directoryType": "GAME",
                            "displayName": "PlayerUnknown's Battlegrounds Mobile",
                            "id": "505358",
                            "name": "PlayerUnknown's Battlegrounds Mobile",
                            "viewersCount": 101
                        }
                    },
                    {
                        "__typename": "DirectoryEdge",
                        "cursor": "MjQ5",
                        "node": {
                            "__typename": "Game",
                            "activeDropCampaigns": [],
                            "avatarURL": "https://static-cdn.jtvnw.net/ttv-boxart/Lobotomy%20Corporation%20%7C%20Monster%20Management%20Simulation-285x380.jpg",
                            "directoryType": "GAME",
                            "displayName": "Lobotomy Corporation | Monster Management Simulation",
                            "id": "495292",
                            "name": "Lobotomy Corporation | Monster Management Simulation",
                            "viewersCount": 99
                        }
                    },
                    {
                        "__typename": "DirectoryEdge",
                        "cursor": "MjUw",
                        "node": {
                            "__typename": "Game",
                            "activeDropCampaigns": [],
                            "avatarURL": "https://static-cdn.jtvnw.net/ttv-boxart/Dungeons%20&%20Dragons-285x380.jpg",
                            "directoryType": "GAME",
                            "displayName": "Dungeons & Dragons",
                            "id": "31621",
                            "name": "Dungeons & Dragons",
                            "viewersCount": 99
                        }
                    },
                    {
                        "__typename": "DirectoryEdge",
                        "cursor": "MjUx",
                        "node": {
                            "__typename": "Game",
                            "activeDropCampaigns": [],
                            "avatarURL": "https://static-cdn.jtvnw.net/ttv-boxart/Kartrider-285x380.jpg",
                            "directoryType": "GAME",
                            "displayName": "Kartrider",
                            "id": "491334",
                            "name": "Kartrider",
                            "viewersCount": 99
                        }
                    },
                    {
                        "__typename": "DirectoryEdge",
                        "cursor": "MjUy",
                        "node": {
                            "__typename": "Game",
                            "activeDropCampaigns": [],
                            "avatarURL": "https://static-cdn.jtvnw.net/ttv-boxart/GeoGuessr-285x380.jpg",
                            "directoryType": "GAME",
                            "displayName": "GeoGuessr",
                            "id": "369418",
                            "name": "GeoGuessr",
                            "viewersCount": 97
                        }
                    },
                    {
                        "__typename": "DirectoryEdge",
                        "cursor": "MjUz",
                        "node": {
                            "__typename": "Game",
                            "activeDropCampaigns": [],
                            "avatarURL": "https://static-cdn.jtvnw.net/ttv-boxart/PixARK-285x380.jpg",
                            "directoryType": "GAME",
                            "displayName": "PixARK",
                            "id": "496326",
                            "name": "PixARK",
                            "viewersCount": 96
                        }
                    },
                    {
                        "__typename": "DirectoryEdge",
                        "cursor": "MjU0",
                        "node": {
                            "__typename": "Game",
                            "activeDropCampaigns": [],
                            "avatarURL": "https://static-cdn.jtvnw.net/ttv-boxart/Payday%202-285x380.jpg",
                            "directoryType": "GAME",
                            "displayName": "Payday 2",
                            "id": "65997",
                            "name": "Payday 2",
                            "viewersCount": 96
                        }
                    },
                    {
                        "__typename": "DirectoryEdge",
                        "cursor": "MjU1",
                        "node": {
                            "__typename": "Game",
                            "activeDropCampaigns": [],
                            "avatarURL": "https://static-cdn.jtvnw.net/ttv-boxart/Stranded%20Deep-285x380.jpg",
                            "directoryType": "GAME",
                            "displayName": "Stranded Deep",
                            "id": "488820",
                            "name": "Stranded Deep",
                            "viewersCount": 96
                        }
                    },
                    {
                        "__typename": "DirectoryEdge",
                        "cursor": "MjU2",
                        "node": {
                            "__typename": "Game",
                            "activeDropCampaigns": [],
                            "avatarURL": "https://static-cdn.jtvnw.net/ttv-boxart/It%20Lurks%20Below-285x380.jpg",
                            "directoryType": "GAME",
                            "displayName": "It Lurks Below",
                            "id": "503462",
                            "name": "It Lurks Below",
                            "viewersCount": 95
                        }
                    },
                    {
                        "__typename": "DirectoryEdge",
                        "cursor": "MjU3",
                        "node": {
                            "__typename": "Game",
                            "activeDropCampaigns": [],
                            "avatarURL": "https://static-cdn.jtvnw.net/ttv-boxart/Halo%205:%20Guardians-285x380.jpg",
                            "directoryType": "GAME",
                            "displayName": "Halo 5: Guardians",
                            "id": "369567",
                            "name": "Halo 5: Guardians",
                            "viewersCount": 95
                        }
                    },
                    {
                        "__typename": "DirectoryEdge",
                        "cursor": "MjU4",
                        "node": {
                            "__typename": "Game",
                            "activeDropCampaigns": [],
                            "avatarURL": "https://static-cdn.jtvnw.net/ttv-boxart/Cuphead-285x380.jpg",
                            "directoryType": "GAME",
                            "displayName": "Cuphead",
                            "id": "459064",
                            "name": "Cuphead",
                            "viewersCount": 91
                        }
                    },
                    {
                        "__typename": "DirectoryEdge",
                        "cursor": "MjU5",
                        "node": {
                            "__typename": "Game",
                            "activeDropCampaigns": [],
                            "avatarURL": "https://static-cdn.jtvnw.net/ttv-boxart/Toontown%20Online-285x380.jpg",
                            "directoryType": "GAME",
                            "displayName": "Toontown Online",
                            "id": "1281",
                            "name": "Toontown Online",
                            "viewersCount": 91
                        }
                    },
                    {
                        "__typename": "DirectoryEdge",
                        "cursor": "MjYw",
                        "node": {
                            "__typename": "Game",
                            "activeDropCampaigns": [],
                            "avatarURL": "https://static-cdn.jtvnw.net/ttv-boxart/Final%20Fantasy:%20Brave%20Exvius-285x380.jpg",
                            "directoryType": "GAME",
                            "displayName": "Final Fantasy: Brave Exvius",
                            "id": "492805",
                            "name": "Final Fantasy: Brave Exvius",
                            "viewersCount": 91
                        }
                    },
                    {
                        "__typename": "DirectoryEdge",
                        "cursor": "MjYx",
                        "node": {
                            "__typename": "Game",
                            "activeDropCampaigns": [],
                            "avatarURL": "https://static-cdn.jtvnw.net/ttv-boxart/Final%20Fantasy%20XV-285x380.jpg",
                            "directoryType": "GAME",
                            "displayName": "Final Fantasy XV",
                            "id": "19180",
                            "name": "Final Fantasy XV",
                            "viewersCount": 88
                        }
                    },
                    {
                        "__typename": "DirectoryEdge",
                        "cursor": "MjYy",
                        "node": {
                            "__typename": "Game",
                            "activeDropCampaigns": [],
                            "avatarURL": "https://static-cdn.jtvnw.net/ttv-boxart/Call%20of%20Duty:%20Black%20Ops-285x380.jpg",
                            "directoryType": "GAME",
                            "displayName": "Call of Duty: Black Ops",
                            "id": "23894",
                            "name": "Call of Duty: Black Ops",
                            "viewersCount": 87
                        }
                    }
                ],
                "pageInfo": {
                    "__typename": "PageInfo",
                    "hasNextPage": true
                }
            }
        },
        "extensions": {
            "durationMilliseconds": 38,
            "operationName": "BrowsePage_AllDirectories"
        }
    }
]